[
  {
    "organization_name": "Alexis Kuchins",
    "mailAddr": {
      "street1": "29 Stanford Drive",
      "city": "Hingham",
      "state": "MA",
      "zip": "02043",
      "country": "US"
    },
    "employee_reviews": [
      {
        "additionalRatings": [
          {}
        ],
        "source": "KUNUNU"
      }
    ]
  },
  {
    "organization_name": "Alexander Mikhailov DDS",
    "mailAddr": {
      "street1": "7634 Fisher Island Drive",
      "city": "Fisher Island",
      "state": "FL",
      "zip": "33109",
      "country": "US"
    },
    "employee_reviews": [
      {
        "additionalRatings": [
          {}
        ],
        "source": "KUNUNU"
      }
    ]
  },
  {
    "organization_name": "500-508 Washington Street Real",
    "mailAddr": {
      "street1": "1420 Main Street",
      "city": "Millis",
      "state": "MA",
      "zip": "02054",
      "country": "US"
    },
    "employee_reviews": [
      {
        "additionalRatings": [
          {}
        ],
        "source": "KUNUNU"
      }
    ]
  },
  {
    "organization_name": "A.N. Webber Logistics, Inc.",
    "mailAddr": {
      "street1": "2150 State Route 45",
      "city": "Kankakee",
      "state": "IL",
      "zip": "60901",
      "country": "US"
    },
    "employee_reviews": [
      {
        "additionalRatings": [
          {}
        ],
        "source": "KUNUNU"
      }
    ]
  },
  {
    "organization_name": "512 E. 11th St. Housing Dev. Fund Corp.",
    "mailAddr": {
      "street1": "513 East 13th Street",
      "city": "New York",
      "state": "NY",
      "zip": "10009",
      "country": "US"
    },
    "employee_reviews": [
      {
        "additionalRatings": [
          {}
        ],
        "source": "KUNUNU"
      }
    ]
  },
  {
    "organization_name": "Alextayler LLC",
    "mailAddr": {
      "street1": "213 Bedford Place",
      "city": "Cocoa",
      "state": "FL",
      "zip": "32922",
      "country": "US"
    },
    "employee_reviews": [
      {
        "additionalRatings": [
          {}
        ],
        "source": "KUNUNU"
      }
    ]
  },
  {
    "organization_name": "A.Y. International, Inc.",
    "mailAddr": {
      "street1": "1388 Sutter Street, Suite 720",
      "city": "San Francisco",
      "state": "CA",
      "zip": "94109",
      "country": "US"
    },
    "employee_reviews": [
      {
        "additionalRatings": [
          {}
        ],
        "source": "KUNUNU"
      }
    ]
  },
  {
    "organization_name": "Alexander Polichuk Architects",
    "mailAddr": {
      "street1": "3330 Dundee Rd, #N1",
      "city": "Northbrook",
      "state": "IL",
      "zip": "60062",
      "country": "US"
    },
    "employee_reviews": [
      {
        "additionalRatings": [
          {}
        ],
        "source": "KUNUNU"
      }
    ]
  },
  {
    "organization_name": "Adele Della-Santina",
    "mailAddr": {
      "street1": "2704 Saint James Road",
      "city": "Belmont",
      "state": "CA",
      "zip": "94002",
      "country": "US"
    },
    "employee_reviews": [
      {
        "additionalRatings": [
          {}
        ],
        "source": "KUNUNU"
      }
    ]
  },
  {
    "organization_name": "Alexandra Glazier",
    "mailAddr": {
      "street1": "390 Westford Road",
      "city": "Concord",
      "state": "MA",
      "zip": "01742",
      "country": "US"
    },
    "employee_reviews": [
      {
        "additionalRatings": [
          {}
        ],
        "source": "KUNUNU"
      }
    ]
  },
  {
    "organization_name": "Alexandra Warehouse Ind Condo",
    "mailAddr": {
      "street1": "1430 NW 15 Avenue",
      "city": "Miami",
      "state": "FL",
      "zip": "33125",
      "country": "US"
    },
    "employee_reviews": [
      {
        "additionalRatings": [
          {}
        ],
        "source": "KUNUNU"
      }
    ]
  },
  {
    "organization_name": "A.P. Express, LLC",
    "mailAddr": {
      "street1": "8500 Rex Road",
      "city": "Pico Rivera",
      "state": "CA",
      "zip": "90660",
      "country": "US"
    },
    "employee_reviews": [
      {
        "additionalRatings": [
          {}
        ],
        "source": "KUNUNU"
      }
    ]
  },
  {
    "organization_name": "AA Equipment & Services, Inc.",
    "mailAddr": {
      "street1": "18840 NW 57th Ave, #305",
      "city": "Miami",
      "state": "FL",
      "zip": "33015",
      "country": "US"
    },
    "employee_reviews": [
      {
        "additionalRatings": [
          {}
        ],
        "source": "KUNUNU"
      }
    ]
  },
  {
    "organization_name": "Admiral Courier Service Inc.",
    "mailAddr": {
      "street1": "18 West 30th ST 2nd FL",
      "city": "New York",
      "state": "NY",
      "zip": "10001",
      "country": "US"
    },
    "employee_reviews": [
      {
        "additionalRatings": [
          {}
        ],
        "source": "KUNUNU"
      }
    ]
  },
  {
    "organization_name": "A2Z Courier, LLC",
    "mailAddr": {
      "street1": "2821 S 35th St., #D2",
      "city": "Phoenix",
      "state": "AZ",
      "zip": "85034",
      "country": "US"
    },
    "employee_reviews": [
      {
        "additionalRatings": [
          {}
        ],
        "source": "KUNUNU"
      }
    ]
  },
  {
    "organization_name": "Alfonso A Romero",
    "mailAddr": {
      "street1": "25575 Camino Bellagio",
      "city": "Moreno Valley",
      "state": "CA",
      "zip": "92551",
      "country": "US"
    },
    "employee_reviews": [
      {
        "additionalRatings": [
          {}
        ],
        "source": "KUNUNU"
      }
    ]
  },
  {
    "organization_name": "A24 Films",
    "mailAddr": {
      "street1": "8321 Beverly Blvd.",
      "city": "Los Angeles",
      "state": "CA",
      "zip": "90048",
      "country": "US"
    },
    "employee_reviews": [
      {
        "additionalRatings": [
          {}
        ],
        "source": "KUNUNU"
      }
    ]
  },
  {
    "organization_name": "503 Pub III LLC",
    "mailAddr": {
      "street1": "507 Armistice Blvd.",
      "city": "Pawtucket",
      "state": "RI",
      "zip": "02861",
      "country": "US"
    },
    "employee_reviews": [
      {
        "additionalRatings": [
          {}
        ],
        "source": "KUNUNU"
      }
    ]
  },
  {
    "organization_name": "Adicet Bio, Inc.",
    "mailAddr": {
      "street1": "200 Constitution Drive",
      "city": "Menlo Park",
      "state": "CA",
      "zip": "94025",
      "country": "US"
    },
    "employee_reviews": [
      {
        "additionalRatings": [
          {}
        ],
        "source": "KUNUNU"
      }
    ]
  },
  {
    "organization_name": "ADF Foods",
    "mailAddr": {
      "street1": "800 S Claremont Street #205",
      "city": "San Mateo",
      "state": "CA",
      "zip": "94402",
      "country": "US"
    },
    "employee_reviews": [
      {
        "additionalRatings": [
          {}
        ],
        "source": "KUNUNU"
      }
    ]
  },
  {
    "organization_name": "518 South Dixie, Llc",
    "mailAddr": {
      "street1": "330 W 42nd Street",
      "city": "New York",
      "state": "NY",
      "zip": "10036",
      "country": "US"
    },
    "employee_reviews": [
      {
        "additionalRatings": [
          {}
        ],
        "source": "KUNUNU"
      }
    ]
  },
  {
    "organization_name": "55 Haven Street Realty Trust",
    "mailAddr": {
      "street1": "60 Harbor Ave",
      "city": "Marblehead",
      "state": "MA",
      "zip": "01945",
      "country": "US"
    },
    "employee_reviews": [
      {
        "additionalRatings": [
          {}
        ],
        "source": "KUNUNU"
      }
    ]
  },
  {
    "organization_name": "Aliquis, Inc.",
    "mailAddr": {
      "street1": "10866 Wilshire Blvd. #300",
      "city": "Los Angeles",
      "state": "CA",
      "zip": "90024",
      "country": "US"
    },
    "employee_reviews": [
      {
        "additionalRatings": [
          {}
        ],
        "source": "KUNUNU"
      }
    ]
  },
  {
    "organization_name": "AA Rotating Apparatus Corp",
    "mailAddr": {
      "street1": "2031 American Ave",
      "city": "Hayward",
      "state": "CA",
      "zip": "94545",
      "country": "US"
    },
    "employee_reviews": [
      {
        "additionalRatings": [
          {}
        ],
        "source": "KUNUNU"
      }
    ]
  },
  {
    "organization_name": "Alicia Stock",
    "mailAddr": {
      "street1": "4975 Hillridge Way",
      "city": "Fair Oaks",
      "state": "CA",
      "zip": "95628",
      "country": "US"
    },
    "employee_reviews": [
      {
        "additionalRatings": [
          {}
        ],
        "source": "KUNUNU"
      }
    ]
  },
  {
    "organization_name": "Axios Solutions, Inc",
    "mailAddr": {
      "street1": "PO Box 18574",
      "city": "Huntsville",
      "state": "AL",
      "zip": "35804",
      "country": "US"
    },
    "employee_reviews": [
      {
        "additionalRatings": [
          {}
        ],
        "source": "KUNUNU"
      }
    ]
  },
  {
    "organization_name": "Adrasteia Corporation",
    "mailAddr": {
      "street1": "2555 NW 102nd Ave Suite 203",
      "city": "Doral",
      "state": "FL",
      "zip": "33172",
      "country": "US"
    },
    "employee_reviews": [
      {
        "additionalRatings": [
          {}
        ],
        "source": "KUNUNU"
      }
    ]
  },
  {
    "organization_name": "2901 East Las Olas, Llc",
    "mailAddr": {
      "street1": "888 Se 3rd Avenue, Suite 500",
      "city": "Fort Lauderdale",
      "state": "FL",
      "zip": "33316",
      "country": "US"
    },
    "employee_reviews": [
      {
        "additionalRatings": [
          {}
        ],
        "source": "KUNUNU"
      }
    ]
  },
  {
    "organization_name": "Avenue Lisbon, LLC",
    "mailAddr": {
      "street1": "605 Lincoln Road #440",
      "city": "Miami Beach",
      "state": "FL",
      "zip": "33139",
      "country": "US"
    },
    "employee_reviews": [
      {
        "additionalRatings": [
          {}
        ],
        "source": "KUNUNU"
      }
    ]
  },
  {
    "organization_name": "Admire Sanford & Associate, PLLC",
    "mailAddr": {
      "street1": "3430 Hilldale Road Suite 100",
      "city": "Fort Worth",
      "state": "TX",
      "zip": "76116",
      "country": "US"
    },
    "employee_reviews": [
      {
        "additionalRatings": [
          {}
        ],
        "source": "KUNUNU"
      }
    ]
  },
  {
    "organization_name": "ADS of South Florida LLC",
    "mailAddr": {
      "street1": "5830 Sw 36th Terr",
      "city": "Fort Lauderdale",
      "state": "FL",
      "zip": "33312",
      "country": "US"
    },
    "employee_reviews": [
      {
        "additionalRatings": [
          {}
        ],
        "source": "KUNUNU"
      }
    ]
  },
  {
    "organization_name": "550 Jerusalem Road Condo Trust",
    "mailAddr": {
      "street1": "PO Box 534",
      "city": "Hingham",
      "state": "MA",
      "zip": "02043",
      "country": "US"
    },
    "employee_reviews": [
      {
        "additionalRatings": [
          {}
        ],
        "source": "KUNUNU"
      }
    ]
  },
  {
    "organization_name": "28msec, Inc.",
    "mailAddr": {
      "street1": "40087 Mission Blvd. #163",
      "city": "Fremont",
      "state": "CA",
      "zip": "94539",
      "country": "US"
    },
    "employee_reviews": [
      {
        "additionalRatings": [
          {}
        ],
        "source": "KUNUNU"
      }
    ]
  },
  {
    "organization_name": "290 Aragon, Llc",
    "mailAddr": {
      "street1": "340 Jefferson Avenue, #2",
      "city": "Miami Beach",
      "state": "FL",
      "zip": "33139",
      "country": "US"
    },
    "employee_reviews": [
      {
        "additionalRatings": [
          {}
        ],
        "source": "KUNUNU"
      }
    ]
  },
  {
    "organization_name": "Coastal Landing Condominium Assoc. Inc.",
    "mailAddr": {
      "street1": "3300 North Ocean Drive, Apt. 2c",
      "city": "Hollywood",
      "state": "FL",
      "zip": "33019",
      "country": "US"
    },
    "employee_reviews": [
      {
        "additionalRatings": [
          {}
        ],
        "source": "KUNUNU"
      }
    ]
  },
  {
    "organization_name": "547 Broadway Realty Inc.",
    "mailAddr": {
      "street1": "666 Broadway, 12th Floor",
      "city": "New York",
      "state": "NY",
      "zip": "10012",
      "country": "US"
    },
    "employee_reviews": [
      {
        "additionalRatings": [
          {}
        ],
        "source": "KUNUNU"
      }
    ]
  },
  {
    "organization_name": "Adrenaline Delivery Systems LLC",
    "mailAddr": {
      "street1": "337 Garden Oaks Blvd",
      "city": "Houston",
      "state": "TX",
      "zip": "77018",
      "country": "US"
    },
    "employee_reviews": [
      {
        "additionalRatings": [
          {}
        ],
        "source": "KUNUNU"
      }
    ]
  },
  {
    "organization_name": "541 Warehouse Corp",
    "mailAddr": {
      "street1": "524 Isle De Capri",
      "city": "Ft. Lauderdale",
      "state": "FL",
      "zip": "33301",
      "country": "US"
    },
    "employee_reviews": [
      {
        "additionalRatings": [
          {}
        ],
        "source": "KUNUNU"
      }
    ]
  },
  {
    "organization_name": "543 East 6th Street Realty Corp.",
    "mailAddr": {
      "street1": "105 First Avenue",
      "city": "New York",
      "state": "NY",
      "zip": "10003",
      "country": "US"
    },
    "employee_reviews": [
      {
        "additionalRatings": [
          {}
        ],
        "source": "KUNUNU"
      }
    ]
  },
  {
    "organization_name": "Algusta Lv, Inc",
    "mailAddr": {
      "street1": "4605 Nw 8th Avenue",
      "city": "Fort Lauderdale",
      "state": "FL",
      "zip": "33309",
      "country": "US"
    },
    "employee_reviews": [
      {
        "additionalRatings": [
          {}
        ],
        "source": "KUNUNU"
      }
    ]
  },
  {
    "organization_name": "AA Florida Construction Inc.",
    "mailAddr": {
      "street1": "4503 18th Ave W",
      "city": "Bradenton",
      "state": "FL",
      "zip": "34209",
      "country": "US"
    },
    "employee_reviews": [
      {
        "additionalRatings": [
          {}
        ],
        "source": "KUNUNU"
      }
    ]
  },
  {
    "organization_name": "ADO Engineering, Inc.",
    "mailAddr": {
      "street1": "752 Lakeridge Dr.",
      "city": "South Elgin",
      "state": "IL",
      "zip": "60177",
      "country": "US"
    },
    "employee_reviews": [
      {
        "additionalRatings": [
          {}
        ],
        "source": "KUNUNU"
      }
    ]
  },
  {
    "organization_name": "AA IRIE Perfume Inc.",
    "mailAddr": {
      "street1": "6851 West Sunrise Blvd #180-190",
      "city": "Plantation",
      "state": "FL",
      "zip": "33313",
      "country": "US"
    },
    "employee_reviews": [
      {
        "additionalRatings": [
          {}
        ],
        "source": "KUNUNU"
      }
    ]
  },
  {
    "organization_name": "Adore Home Care Agency",
    "mailAddr": {
      "street1": "505 14th Street, Suite 900",
      "city": "Oakland",
      "state": "CA",
      "zip": "94612",
      "country": "US"
    },
    "employee_reviews": [
      {
        "additionalRatings": [
          {}
        ],
        "source": "KUNUNU"
      }
    ]
  },
  {
    "organization_name": "Alias MX LLC",
    "mailAddr": {
      "street1": "1905 Aston Ave. Suite 100",
      "city": "Carlsbad",
      "state": "CA",
      "zip": "92008",
      "country": "US"
    },
    "employee_reviews": [
      {
        "additionalRatings": [
          {}
        ],
        "source": "KUNUNU"
      }
    ]
  },
  {
    "organization_name": "55 Unit Owners, LLC",
    "mailAddr": {
      "street1": "55 Exchange Place",
      "city": "New York",
      "state": "NY",
      "zip": "10005",
      "country": "US"
    },
    "employee_reviews": [
      {
        "additionalRatings": [
          {}
        ],
        "source": "KUNUNU"
      }
    ]
  },
  {
    "organization_name": "2909 Land Corp",
    "mailAddr": {
      "street1": "2909 E Commercial Blvd",
      "city": "Ft. Lauderdale",
      "state": "FL",
      "zip": "33308",
      "country": "US"
    },
    "employee_reviews": [
      {
        "additionalRatings": [
          {}
        ],
        "source": "KUNUNU"
      }
    ]
  },
  {
    "organization_name": "All County Electrical Service",
    "mailAddr": {
      "street1": "PO Box 560603",
      "city": "Rockledge",
      "state": "FL",
      "zip": "32956",
      "country": "US"
    },
    "employee_reviews": [
      {
        "additionalRatings": [
          {}
        ],
        "source": "KUNUNU"
      }
    ]
  },
  {
    "organization_name": "Aba Sheli, LLC",
    "mailAddr": {
      "street1": "1119A S 21st Street",
      "city": "Hollywood",
      "state": "FL",
      "zip": "33020",
      "country": "US"
    },
    "employee_reviews": [
      {
        "additionalRatings": [
          {}
        ],
        "source": "KUNUNU"
      }
    ]
  },
  {
    "organization_name": "305 Equities Corp",
    "mailAddr": {
      "street1": "8 East 38th Street",
      "city": "New York",
      "state": "NY",
      "zip": "10016",
      "country": "US"
    },
    "employee_reviews": [
      {
        "additionalRatings": [
          {}
        ],
        "source": "KUNUNU"
      }
    ]
  },
  {
    "organization_name": "31 New Chardon Street LLC",
    "mailAddr": {
      "street1": "31 New Chardon Street",
      "city": "Boston",
      "state": "MA",
      "zip": "02114",
      "country": "US"
    },
    "employee_reviews": [
      {
        "additionalRatings": [
          {}
        ],
        "source": "KUNUNU"
      }
    ]
  },
  {
    "organization_name": "610 Washington Street Chicago LLC",
    "mailAddr": {
      "street1": "1408 Clinton Street Apt 202",
      "city": "Hoboken",
      "state": "NJ",
      "zip": "07030",
      "country": "US"
    },
    "employee_reviews": [
      {
        "additionalRatings": [
          {}
        ],
        "source": "KUNUNU"
      }
    ]
  },
  {
    "organization_name": "614 36th Avenue Partners LLC",
    "mailAddr": {
      "street1": "655 Skyway Road, Suite 230",
      "city": "San Carlos",
      "state": "CA",
      "zip": "94070",
      "country": "US"
    },
    "employee_reviews": [
      {
        "additionalRatings": [
          {}
        ],
        "source": "KUNUNU"
      }
    ]
  },
  {
    "organization_name": "Abe Construction Services",
    "mailAddr": {
      "street1": "5111 Doolan Rd",
      "city": "Livermore",
      "state": "CA",
      "zip": "94551",
      "country": "US"
    },
    "employee_reviews": [
      {
        "additionalRatings": [
          {}
        ],
        "source": "KUNUNU"
      }
    ]
  },
  {
    "organization_name": "Advisorthopaedics, Inc.",
    "mailAddr": {
      "street1": "105 Seville Way",
      "city": "San Mateo",
      "state": "CA",
      "zip": "94402",
      "country": "US"
    },
    "employee_reviews": [
      {
        "additionalRatings": [
          {}
        ],
        "source": "KUNUNU"
      }
    ]
  },
  {
    "organization_name": "Advanced Medical",
    "mailAddr": {
      "street1": "7170 SW 117 Ave",
      "city": "Miami",
      "state": "FL",
      "zip": "33183",
      "country": "US"
    },
    "employee_reviews": [
      {
        "reviewer_designation": "Former Employee - Career Consultant",
        "review_description": "I worked at Advanced Medical full-time (Less than a year)",
        "review_title": "\"Independent work in a community setting\"",
        "pros": "Autonomy, uncapped commission, positive atmosphere, supportive team, loved my time here! They really let you work independently and run your own desk.",
        "cons": "I had a long commute and during rush hour. Cold calling can be a hard job, so not a good fit if you’re not driven!",
        "advice_to_management": "Thank you for the constant support!",
        "source": "GLASSDOOR"
      }
    ]
  },
  {
    "organization_name": "2961-2967 Pacific Avenue Home",
    "mailAddr": {
      "street1": "1808 Wedemeyer Street Ste. B50",
      "city": "San Francisco",
      "state": "CA",
      "zip": "94129",
      "country": "US"
    },
    "employee_reviews": [
      {
        "additionalRatings": [
          {}
        ],
        "source": "KUNUNU"
      }
    ]
  },
  {
    "organization_name": "594-598 29th Street - 2235 Castro Street",
    "mailAddr": {
      "street1": "598 29th Street",
      "city": "San Francisco",
      "state": "CA",
      "zip": "94131",
      "country": "US"
    },
    "employee_reviews": [
      {
        "additionalRatings": [
          {}
        ],
        "source": "KUNUNU"
      }
    ]
  },
  {
    "organization_name": "6120 Enterprises, Inc.",
    "mailAddr": {
      "street1": "5655 Sw 192 Terrace",
      "city": "Southwest Ranches",
      "state": "FL",
      "zip": "33332",
      "country": "US"
    },
    "employee_reviews": [
      {
        "additionalRatings": [
          {}
        ],
        "source": "KUNUNU"
      }
    ]
  },
  {
    "organization_name": "AAAAI",
    "mailAddr": {
      "street1": "555 East Wells Street Ste 1100",
      "city": "Milwaukee",
      "state": "WI",
      "zip": "53221",
      "country": "US"
    },
    "employee_reviews": [
      {
        "additionalRatings": [
          {}
        ],
        "source": "KUNUNU"
      }
    ]
  },
  {
    "organization_name": "All Island Credit Corp.",
    "mailAddr": {
      "street1": "80 Skyline Drive, Suite 100",
      "city": "Plainview",
      "state": "NY",
      "zip": "11803",
      "country": "US"
    },
    "employee_reviews": [
      {
        "additionalRatings": [
          {}
        ],
        "source": "KUNUNU"
      }
    ]
  },
  {
    "organization_name": "Abatangelo-Hason, Ltd.",
    "mailAddr": {
      "street1": "825 E. Rand Rd., #290",
      "city": "Arlington Heights",
      "state": "IL",
      "zip": "60004",
      "country": "US"
    },
    "employee_reviews": [
      {
        "additionalRatings": [
          {}
        ],
        "source": "KUNUNU"
      }
    ]
  },
  {
    "organization_name": "Abe Movie Inc",
    "mailAddr": {
      "street1": "149090 Ventura Blvd. Suite 350",
      "city": "Sherman Oaks",
      "state": "CA",
      "zip": "91403",
      "country": "US"
    },
    "employee_reviews": [
      {
        "additionalRatings": [
          {}
        ],
        "source": "KUNUNU"
      }
    ]
  },
  {
    "organization_name": "317 East 18th Street Owners Corp.",
    "mailAddr": {
      "street1": "666 Broadway, 12th Floor",
      "city": "New York",
      "state": "NY",
      "zip": "10012",
      "country": "US"
    },
    "employee_reviews": [
      {
        "additionalRatings": [
          {}
        ],
        "source": "KUNUNU"
      }
    ]
  },
  {
    "organization_name": "Advanced Marine Glass LLC",
    "mailAddr": {
      "street1": "832 Coventry Street",
      "city": "Boca Raton",
      "state": "FL",
      "zip": "33487",
      "country": "US"
    },
    "employee_reviews": [
      {
        "additionalRatings": [
          {}
        ],
        "source": "KUNUNU"
      }
    ]
  },
  {
    "organization_name": "315 MNM Partners LLC",
    "mailAddr": {
      "street1": "2901 Stirling Road, Ste 202",
      "city": "Fort Lauderdale",
      "state": "FL",
      "zip": "33312",
      "country": "US"
    },
    "employee_reviews": [
      {
        "additionalRatings": [
          {}
        ],
        "source": "KUNUNU"
      }
    ]
  },
  {
    "organization_name": "5839-41 Commerce LLC",
    "mailAddr": {
      "street1": "5839 Commerce Lane",
      "city": "South Miami",
      "state": "FL",
      "zip": "33143",
      "country": "US"
    },
    "employee_reviews": [
      {
        "additionalRatings": [
          {}
        ],
        "source": "KUNUNU"
      }
    ]
  },
  {
    "organization_name": "584 Castro St. LLC",
    "mailAddr": {
      "street1": "P.O. Box 63939",
      "city": "San Francisco",
      "state": "CA",
      "zip": "94163",
      "country": "US"
    },
    "employee_reviews": [
      {
        "additionalRatings": [
          {}
        ],
        "source": "KUNUNU"
      }
    ]
  },
  {
    "organization_name": "Aaron And Douglas Pool Service Inc.",
    "mailAddr": {
      "street1": "Po Box 18828",
      "city": "West Palm Beach",
      "state": "FL",
      "zip": "33416",
      "country": "US"
    },
    "employee_reviews": [
      {
        "additionalRatings": [
          {}
        ],
        "source": "KUNUNU"
      }
    ]
  },
  {
    "organization_name": "303-305 East 8th Street HDFC",
    "mailAddr": {
      "street1": "666 Broadway, 12th Floor",
      "city": "New York",
      "state": "NY",
      "zip": "10012",
      "country": "US"
    },
    "employee_reviews": [
      {
        "additionalRatings": [
          {}
        ],
        "source": "KUNUNU"
      }
    ]
  },
  {
    "organization_name": "Advertising Research Foundation",
    "mailAddr": {
      "street1": "432 Park Avenue South, 6th Fl",
      "city": "New York",
      "state": "NY",
      "zip": "10016",
      "country": "US"
    },
    "employee_reviews": [
      {
        "additionalRatings": [
          {}
        ],
        "source": "KUNUNU"
      }
    ]
  },
  {
    "organization_name": "ABC ENTERPRISES",
    "mailAddr": {
      "street1": "59 JASSET ST",
      "city": "Newton",
      "state": "MA",
      "zip": "02458",
      "country": "US"
    },
    "employee_reviews": [
      {
        "additionalRatings": [
          {}
        ],
        "source": "KUNUNU"
      }
    ]
  },
  {
    "organization_name": "Adsum, Inc",
    "mailAddr": {
      "street1": "751 Laurel St #515",
      "city": "San Carlos",
      "state": "CA",
      "zip": "94070",
      "country": "US"
    },
    "employee_reviews": [
      {
        "additionalRatings": [
          {}
        ],
        "source": "KUNUNU"
      }
    ]
  },
  {
    "organization_name": "579 Holdings, Llc",
    "mailAddr": {
      "street1": "579 East Elkcam Circle",
      "city": "Marco Island",
      "state": "FL",
      "zip": "34145",
      "country": "US"
    },
    "employee_reviews": [
      {
        "additionalRatings": [
          {}
        ],
        "source": "KUNUNU"
      }
    ]
  },
  {
    "organization_name": "594 Montauk Hwy, LLC",
    "mailAddr": {
      "street1": "17 Durham Drive",
      "city": "Dix Hills",
      "state": "NY",
      "zip": "11746",
      "country": "US"
    },
    "employee_reviews": [
      {
        "additionalRatings": [
          {}
        ],
        "source": "KUNUNU"
      }
    ]
  },
  {
    "organization_name": "ALL OUT DELEADING",
    "mailAddr": {
      "street1": "25 PERRY LANE",
      "city": "WEST DENNIS",
      "state": "MA",
      "zip": "02670",
      "country": "US"
    },
    "employee_reviews": [
      {
        "additionalRatings": [
          {}
        ],
        "source": "KUNUNU"
      }
    ]
  },
  {
    "organization_name": "Alita Films Corporation",
    "mailAddr": {
      "street1": "4738 SE Belmont St.",
      "city": "Portland",
      "state": "OR",
      "zip": "97215",
      "country": "US"
    },
    "employee_reviews": [
      {
        "additionalRatings": [
          {}
        ],
        "source": "KUNUNU"
      }
    ]
  },
  {
    "organization_name": "Advanced Professional Engineering Consultants, Inc.",
    "mailAddr": {
      "street1": "1307 W. 6th Street, Suite 214",
      "city": "Corona",
      "state": "CA",
      "zip": "92882",
      "country": "US"
    },
    "employee_reviews": [
      {
        "additionalRatings": [
          {}
        ],
        "source": "KUNUNU"
      }
    ]
  },
  {
    "organization_name": "Abacus Benefit Consultants LLC",
    "mailAddr": {
      "street1": "15245 Shady Grove Road, Ste 250",
      "city": "Rockville",
      "state": "MD",
      "zip": "20850",
      "country": "US"
    },
    "employee_reviews": [
      {
        "additionalRatings": [
          {}
        ],
        "source": "KUNUNU"
      }
    ]
  },
  {
    "organization_name": "Advanced Petroleum Systems, Inc",
    "mailAddr": {
      "street1": "16600 NW 54th Ave",
      "city": "Miami",
      "state": "FL",
      "zip": "33014",
      "country": "US"
    },
    "employee_reviews": [
      {
        "reviewer_designation": "Current Employee - Anonymous Employee",
        "review_description": "I have been working at Advanced Auto Services & Tire Centers full-time (More than 5 years)",
        "review_title": "\"Recently purchased by PepBoys\"",
        "pros": "Formerly great company recently purchased by Pep Boys",
        "cons": "No longer in business. Pep Boys took management over.",
        "source": "GLASSDOOR"
      }
    ]
  },
  {
    "organization_name": "570 Ocean Owners Corp.",
    "mailAddr": {
      "street1": "7018 Fort Hamilton Avenue",
      "city": "Brooklyn",
      "state": "NY",
      "zip": "11228",
      "country": "US"
    },
    "employee_reviews": [
      {
        "additionalRatings": [
          {}
        ],
        "source": "KUNUNU"
      }
    ]
  },
  {
    "organization_name": "All Bird Clinic Of The Palm Beaches Inc",
    "mailAddr": {
      "street1": "6635 Forest Hill Blvd",
      "city": "Greenacres",
      "state": "FL",
      "zip": "33413",
      "country": "US"
    },
    "employee_reviews": [
      {
        "additionalRatings": [
          {}
        ],
        "source": "KUNUNU"
      }
    ]
  },
  {
    "organization_name": "60 H Street Condo Association",
    "mailAddr": {
      "street1": "60 H Street, Unit 3",
      "city": "South Boston",
      "state": "MA",
      "zip": "02127",
      "country": "US"
    },
    "employee_reviews": [
      {
        "additionalRatings": [
          {}
        ],
        "source": "KUNUNU"
      }
    ]
  },
  {
    "organization_name": "600 Hallandale, Llc",
    "mailAddr": {
      "street1": "1000 E. Hallandale Beach Blvd",
      "city": "Hallandale Beach",
      "state": "FL",
      "zip": "33009",
      "country": "US"
    },
    "employee_reviews": [
      {
        "additionalRatings": [
          {}
        ],
        "source": "KUNUNU"
      }
    ]
  },
  {
    "organization_name": "5600 Hollywood Boulevard Llc",
    "mailAddr": {
      "street1": "2901 Stirling Rd, Suite 208",
      "city": "Fort Lauderdale",
      "state": "FL",
      "zip": "33312",
      "country": "US"
    },
    "employee_reviews": [
      {
        "additionalRatings": [
          {}
        ],
        "source": "KUNUNU"
      }
    ]
  },
  {
    "organization_name": "294 Elizabeth Street, LLC",
    "mailAddr": {
      "street1": "Po Box 778",
      "city": "New York",
      "state": "NY",
      "zip": "10013",
      "country": "US"
    },
    "employee_reviews": [
      {
        "additionalRatings": [
          {}
        ],
        "source": "KUNUNU"
      }
    ]
  },
  {
    "organization_name": "3.17 Productions, Llc",
    "mailAddr": {
      "street1": "P.o. Box 1946",
      "city": "Manhattan Beach",
      "state": "CA",
      "zip": "90267",
      "country": "US"
    },
    "employee_reviews": [
      {
        "additionalRatings": [
          {}
        ],
        "source": "KUNUNU"
      }
    ]
  },
  {
    "organization_name": "310 Lake Shore LLC",
    "mailAddr": {
      "street1": "5900 N Andrews Ave, Suite 100",
      "city": "Ft Lauderdale",
      "state": "FL",
      "zip": "33309",
      "country": "US"
    },
    "employee_reviews": [
      {
        "additionalRatings": [
          {}
        ],
        "source": "KUNUNU"
      }
    ]
  },
  {
    "organization_name": "Abdul Salehi, Architect",
    "mailAddr": {
      "street1": "14711 Dartmouth Circle",
      "city": "Tustin",
      "state": "CA",
      "zip": "92780",
      "country": "US"
    },
    "employee_reviews": [
      {
        "additionalRatings": [
          {}
        ],
        "source": "KUNUNU"
      }
    ]
  },
  {
    "organization_name": "2b Design Studio, LLC",
    "mailAddr": {
      "street1": "P.O. Box 1912",
      "city": "Huntsville",
      "state": "AL",
      "zip": "35807",
      "country": "US"
    },
    "employee_reviews": [
      {
        "additionalRatings": [
          {}
        ],
        "source": "KUNUNU"
      }
    ]
  },
  {
    "organization_name": "2M Associates, LLC",
    "mailAddr": {
      "street1": "5930 Preston View Blvd. Suite A",
      "city": "Dallas",
      "state": "TX",
      "zip": "75240",
      "country": "US"
    },
    "employee_reviews": [
      {
        "additionalRatings": [
          {}
        ],
        "source": "KUNUNU"
      }
    ]
  },
  {
    "organization_name": "62 Greene Owners Corp.",
    "mailAddr": {
      "street1": "666 Broadway, 12th Floor",
      "city": "New York",
      "state": "NY",
      "zip": "10012",
      "country": "US"
    },
    "employee_reviews": [
      {
        "additionalRatings": [
          {}
        ],
        "source": "KUNUNU"
      }
    ]
  },
  {
    "organization_name": "All About Painting, Inc.",
    "mailAddr": {
      "street1": "4354 N.W. 120th Avenue",
      "city": "Coral Springs",
      "state": "FL",
      "zip": "33065",
      "country": "US"
    },
    "employee_reviews": [
      {
        "additionalRatings": [
          {}
        ],
        "source": "KUNUNU"
      }
    ]
  },
  {
    "organization_name": "Ayala Enterprise LLC",
    "mailAddr": {
      "street1": "50 Clayton Street",
      "city": "Springfield",
      "state": "MA",
      "zip": "01107",
      "country": "US"
    },
    "employee_reviews": [
      {
        "additionalRatings": [
          {}
        ],
        "source": "KUNUNU"
      }
    ]
  },
  {
    "organization_name": "Advanced Alternative Media, Inc.",
    "mailAddr": {
      "street1": "270 Lafayette, Suite 605-606",
      "city": "New York",
      "state": "NY",
      "zip": "10012",
      "country": "US"
    },
    "employee_reviews": [
      {
        "source": "GLASSDOOR"
      },
      {
        "review_rating": "5.0",
        "reviewer_designation": "Office Intern (Former Employee) –  ",
        "job_location": "New York, NY",
        "review_date": "2017-06-26T00:00:00.000Z",
        "review_title": "Productive and Fun Workplace",
        "review_desc": "Fun and interesting work environment, dealt with company website, handled artists' biographies. Office assistant, PR intern, handled various PR tasks, dealt with numbers and budgets, etc.",
        "source": "INDEED"
      },
      {
        "review_rating": "4.0",
        "reviewer_designation": "INTERN (Former Employee) –  ",
        "job_location": "West Hollywood, CA",
        "review_date": "2014-11-13T00:00:00.000Z",
        "review_title": "A lot of creative energy in this highly productive music management firm",
        "review_desc": "A typical day would involve reviewing music in the catalogue to pitch, making discographies for artists, booking hotel rooms for artists, and secretarial duties. I learned how to perform as a functional secretary and got to use my own intuition about songwriting to pitch songs. My co-workers were incredibly nice and generous with their time. The hardest part of the job was that each day was not very consistent to the next and there was not much structure. I most enjoyed pitching meetings because I feel that I am very qualified to pitch music since I am educated in songwriting.",
        "pros": "Nice people",
        "cons": "Was not a paying job",
        "source": "INDEED"
      }
    ]
  },
  {
    "organization_name": "586 5th Street Condo",
    "mailAddr": {
      "street1": "586 5th Street",
      "city": "Brooklyn",
      "state": "NY",
      "zip": "11215",
      "country": "US"
    },
    "employee_reviews": [
      {
        "additionalRatings": [
          {}
        ],
        "source": "KUNUNU"
      }
    ]
  },
  {
    "organization_name": "A-Alert Courier Service Inc.",
    "mailAddr": {
      "street1": "PO Box 928",
      "city": "Marlborough",
      "state": "MA",
      "zip": "01752",
      "country": "US"
    },
    "employee_reviews": [
      {
        "additionalRatings": [
          {}
        ],
        "source": "KUNUNU"
      }
    ]
  },
  {
    "organization_name": "Colors Le Palais Of Boynton Bch Hoa Inc",
    "mailAddr": {
      "street1": "P.O. box 740425",
      "city": "Boynton Beach",
      "state": "FL",
      "zip": "33474",
      "country": "US"
    },
    "employee_reviews": [
      {
        "additionalRatings": [
          {}
        ],
        "source": "KUNUNU"
      }
    ]
  },
  {
    "organization_name": "Aaron Siskind Foundation",
    "mailAddr": {
      "street1": "209 East 23rd Street",
      "city": "New York",
      "state": "NY",
      "zip": "10010",
      "country": "US"
    },
    "employee_reviews": [
      {
        "additionalRatings": [
          {}
        ],
        "source": "KUNUNU"
      }
    ]
  },
  {
    "organization_name": "6000 Indian Creek Condo Assoc",
    "mailAddr": {
      "street1": "701 4th Street, Suite #101",
      "city": "Miami Beach",
      "state": "FL",
      "zip": "33139",
      "country": "US"
    },
    "employee_reviews": [
      {
        "additionalRatings": [
          {}
        ],
        "source": "KUNUNU"
      }
    ]
  }
]
