[
  {
    "organization_name": "AES Risk Services LLC",
    "mailAddr": {
      "street1": "3250 N. 29th Ave",
      "city": "Hollywood",
      "state": "FL",
      "zip": "33020",
      "country": "US"
    },
    "employee_reviews": [
      {
        "additionalRatings": [
          {}
        ],
        "source": "KUNUNU"
      }
    ]
  },
  {
    "organization_name": "353 Marlborough Street Condo",
    "mailAddr": {
      "street1": "75 Park Plaza",
      "city": "Boston",
      "state": "MA",
      "zip": "02116",
      "country": "US"
    },
    "employee_reviews": [
      {
        "additionalRatings": [
          {}
        ],
        "source": "KUNUNU"
      }
    ]
  },
  {
    "organization_name": "353 West 20th Street LLC",
    "mailAddr": {
      "street1": "547 West 27th Street",
      "city": "Brooklyn",
      "state": "NY",
      "zip": "11361",
      "country": "US"
    },
    "employee_reviews": [
      {
        "additionalRatings": [
          {}
        ],
        "source": "KUNUNU"
      }
    ]
  },
  {
    "organization_name": "712 Broadway Corp.",
    "mailAddr": {
      "street1": "666 Broadway, 12th Floor",
      "city": "New York",
      "state": "NY",
      "zip": "10012",
      "country": "US"
    },
    "employee_reviews": [
      {
        "additionalRatings": [
          {}
        ],
        "source": "KUNUNU"
      }
    ]
  },
  {
    "organization_name": "360 Pearl Street Malden,LLC",
    "mailAddr": {
      "street1": "80 Neponset Ave",
      "city": "Dorchester",
      "state": "MA",
      "zip": "02122",
      "country": "US"
    },
    "employee_reviews": [
      {
        "additionalRatings": [
          {}
        ],
        "source": "KUNUNU"
      }
    ]
  },
  {
    "organization_name": "72 Morningside Avenue HDFC",
    "mailAddr": {
      "street1": "666 Broadway, 12th Floor",
      "city": "New York",
      "state": "NY",
      "zip": "10012",
      "country": "US"
    },
    "employee_reviews": [
      {
        "additionalRatings": [
          {}
        ],
        "source": "KUNUNU"
      }
    ]
  },
  {
    "organization_name": "723 Place LLC",
    "mailAddr": {
      "street1": "1835 E Hallandale Beach Blvd #749",
      "city": "Hallandale Beach",
      "state": "FL",
      "zip": "33009",
      "country": "US"
    },
    "employee_reviews": [
      {
        "additionalRatings": [
          {}
        ],
        "source": "KUNUNU"
      }
    ]
  },
  {
    "organization_name": "36th Street Doral, LLC",
    "mailAddr": {
      "street1": "6915 Red Road, Suite 205",
      "city": "Coral Gables",
      "state": "FL",
      "zip": "33143",
      "country": "US"
    },
    "employee_reviews": [
      {
        "additionalRatings": [
          {}
        ],
        "source": "KUNUNU"
      }
    ]
  },
  {
    "organization_name": "1624 Amsterdam Ave LLC",
    "mailAddr": {
      "street1": "600 Old Country Rd. Suite 338",
      "city": "Garden City",
      "state": "NY",
      "zip": "11530",
      "country": "US"
    },
    "employee_reviews": [
      {
        "additionalRatings": [
          {}
        ],
        "source": "KUNUNU"
      }
    ]
  },
  {
    "organization_name": "680 West 204 Owners Corp.",
    "mailAddr": {
      "street1": "666 Broadway, 12th Floor",
      "city": "New York",
      "state": "NY",
      "zip": "10012",
      "country": "US"
    },
    "employee_reviews": [
      {
        "additionalRatings": [
          {}
        ],
        "source": "KUNUNU"
      }
    ]
  },
  {
    "organization_name": "685 South Bennett Property LLC",
    "mailAddr": {
      "street1": "1650 Borel Place #120",
      "city": "San Mateo",
      "state": "CA",
      "zip": "94402",
      "country": "US"
    },
    "employee_reviews": [
      {
        "additionalRatings": [
          {}
        ],
        "source": "KUNUNU"
      }
    ]
  },
  {
    "organization_name": "7020 Entertainment, LLC",
    "mailAddr": {
      "street1": "4800 N Federal Highway Suite 103-B",
      "city": "Boca Raton",
      "state": "FL",
      "zip": "33431",
      "country": "US"
    },
    "employee_reviews": [
      {
        "additionalRatings": [
          {}
        ],
        "source": "KUNUNU"
      }
    ]
  },
  {
    "organization_name": "3500 Properties, Llc",
    "mailAddr": {
      "street1": "4000 Hollywood Blvd, Suite #685-S",
      "city": "Hollywood",
      "state": "FL",
      "zip": "33021",
      "country": "US"
    },
    "employee_reviews": [
      {
        "additionalRatings": [
          {}
        ],
        "source": "KUNUNU"
      }
    ]
  },
  {
    "organization_name": "1801 Sample Road, Llc",
    "mailAddr": {
      "street1": "1100 W Oakland Park Blvd, Unit #3",
      "city": "Fort Lauderdale",
      "state": "FL",
      "zip": "33311",
      "country": "US"
    },
    "employee_reviews": [
      {
        "additionalRatings": [
          {}
        ],
        "source": "KUNUNU"
      }
    ]
  },
  {
    "organization_name": "1811 19 Terrace LLC.",
    "mailAddr": {
      "street1": "7529 Bounty Ave",
      "city": "North Bay Village",
      "state": "FL",
      "zip": "33141",
      "country": "US"
    },
    "employee_reviews": [
      {
        "additionalRatings": [
          {}
        ],
        "source": "KUNUNU"
      }
    ]
  },
  {
    "organization_name": "3793 Owners Corp.",
    "mailAddr": {
      "street1": "666 Broadway, 12th Floor",
      "city": "New York",
      "state": "NY",
      "zip": "10012",
      "country": "US"
    },
    "employee_reviews": [
      {
        "additionalRatings": [
          {}
        ],
        "source": "KUNUNU"
      }
    ]
  },
  {
    "organization_name": "1704 Vision Drive Llc",
    "mailAddr": {
      "street1": "2667 Treanor Ct.",
      "city": "West Palm Beach",
      "state": "FL",
      "zip": "33414",
      "country": "US"
    },
    "employee_reviews": [
      {
        "additionalRatings": [
          {}
        ],
        "source": "KUNUNU"
      }
    ]
  },
  {
    "organization_name": "Able Building Contractor , LLC",
    "mailAddr": {
      "street1": "6790 Cedar Ave",
      "city": "Cocoa",
      "state": "FL",
      "zip": "32927",
      "country": "US"
    },
    "employee_reviews": [
      {
        "additionalRatings": [
          {}
        ],
        "source": "KUNUNU"
      }
    ]
  },
  {
    "organization_name": "341 Scholes LLC",
    "mailAddr": {
      "street1": "341 Scholes Street",
      "city": "Brooklyn",
      "state": "NY",
      "zip": "11206",
      "country": "US"
    },
    "employee_reviews": [
      {
        "additionalRatings": [
          {}
        ],
        "source": "KUNUNU"
      }
    ]
  },
  {
    "organization_name": "345 W. 4th-306 W. 13th St. Owners Corp.",
    "mailAddr": {
      "street1": "666 Broadway 12th Floor",
      "city": "New York",
      "state": "NY",
      "zip": "10012",
      "country": "US"
    },
    "employee_reviews": [
      {
        "additionalRatings": [
          {}
        ],
        "source": "KUNUNU"
      }
    ]
  },
  {
    "organization_name": "702 S 17th Ave Llc",
    "mailAddr": {
      "street1": "702 S. 17th Ave",
      "city": "Hollywood",
      "state": "FL",
      "zip": "33020",
      "country": "US"
    },
    "employee_reviews": [
      {
        "additionalRatings": [
          {}
        ],
        "source": "KUNUNU"
      }
    ]
  },
  {
    "organization_name": "1021 Ne 8 Avenue, Llc",
    "mailAddr": {
      "street1": "362 Camino De Las Colinas",
      "city": "Redondo Beach",
      "state": "CA",
      "zip": "90277",
      "country": "US"
    },
    "employee_reviews": [
      {
        "additionalRatings": [
          {}
        ],
        "source": "KUNUNU"
      }
    ]
  },
  {
    "organization_name": "Bezos Technologies Corp",
    "mailAddr": {
      "street1": "2601 SW 142nd Ct.",
      "city": "Miami",
      "state": "FL",
      "zip": "33175",
      "country": "US"
    },
    "employee_reviews": [
      {
        "additionalRatings": [
          {}
        ],
        "source": "KUNUNU"
      }
    ]
  },
  {
    "organization_name": "6300 Acquisition Llc",
    "mailAddr": {
      "street1": "6300 Ne 1 Ave - 3rd Floor",
      "city": "Fort Lauderdale",
      "state": "FL",
      "zip": "33334",
      "country": "US"
    },
    "employee_reviews": [
      {
        "additionalRatings": [
          {}
        ],
        "source": "KUNUNU"
      }
    ]
  },
  {
    "organization_name": "Aegis Energy Advisors Corp.",
    "mailAddr": {
      "street1": "708 Third Avenue 6th Flr.",
      "city": "New York",
      "state": "NY",
      "zip": "10017",
      "country": "US"
    },
    "employee_reviews": [
      {
        "additionalRatings": [
          {}
        ],
        "source": "KUNUNU"
      }
    ]
  },
  {
    "organization_name": "Able Hands Inc",
    "mailAddr": {
      "street1": "87 Barrow Street-#5d",
      "city": "New York",
      "state": "NY",
      "zip": "10014",
      "country": "US"
    },
    "employee_reviews": [
      {
        "additionalRatings": [
          {}
        ],
        "source": "KUNUNU"
      }
    ]
  },
  {
    "organization_name": "1720 Manatee, LLC",
    "mailAddr": {
      "street1": "13805 Viale Venezia",
      "city": "Delray Beach",
      "state": "FL",
      "zip": "33446",
      "country": "US"
    },
    "employee_reviews": [
      {
        "additionalRatings": [
          {}
        ],
        "source": "KUNUNU"
      }
    ]
  },
  {
    "organization_name": "17th Street Square, LLC",
    "mailAddr": {
      "street1": "1300 SE 17th Street, Ste 210",
      "city": "Ft. Lauderdale",
      "state": "FL",
      "zip": "33316",
      "country": "US"
    },
    "employee_reviews": [
      {
        "review_rating": "4.0",
        "reviewer_designation": "Sales Associate (Former Employee) –  ",
        "job_location": "Virginia Beach, VA",
        "review_date": "2019-01-02T00:00:00.000Z",
        "review_title": "Productive and learning environment",
        "review_desc": "Management was laid back and easy to communicate with. I enjoyed being able to meet locals and working with workers with similar interested as well as the flexible schedules.",
        "pros": "management",
        "cons": "short breaks",
        "source": "INDEED"
      },
      {
        "review_rating": "2.0",
        "reviewer_designation": "Assistant Manager (Former Employee) –  ",
        "job_location": "4107 portsmout blvd chesapeake va",
        "review_date": "2018-09-20T00:00:00.000Z",
        "review_title": "17th Street",
        "review_desc": "i prefer not to speak poorly of past employers. i enjoyed working with my co workers. and wish everyone the best. the owners have a plan that works for only one area within the company",
        "pros": "surf shop",
        "cons": "surf shop owned by people who don't know what customers want",
        "source": "INDEED"
      },
      {
        "review_rating": "3.0",
        "reviewer_designation": "Sales Associate/Cashier (Former Employee) –  ",
        "job_location": "Chesapeake, VA",
        "review_date": "2017-03-22T00:00:00.000Z",
        "review_title": "slow paced retail with little room for advancement.",
        "review_desc": "slow paced retail with little room for advancement. Gave me an easy intro to sales. Taught me how to front a retail outlet. (clean up and make it look nice for customers.)",
        "source": "INDEED"
      },
      {
        "review_rating": "5.0",
        "reviewer_designation": "Assistant Store Manager (Current Employee) –  ",
        "job_location": "Virginia Beach, VA",
        "review_date": "2015-09-04T00:00:00.000Z",
        "review_title": "Local Surf Shop with 45 years of experience",
        "review_desc": "•Trained fellow employees on important product information, sales tasks, and customer service skills • Opened and closed the facility, balanced daily receipts and tills, and handled bank deposits and safe drops. • Created merchandising displays to maximize floor space and sales. • Received and processed shipments of new merchandise. • Supervised staff and executed project management with the daily tasks. • Reported local trends/patterns to better assist with the ordering and shop availability of the current trend. • Assisted in the marketing of the shop/product at local competitions and promotional events • Performed front counter sales with a major focus on customer service.",
        "source": "INDEED"
      }
    ]
  },
  {
    "organization_name": "35 Bond Street Corp.",
    "mailAddr": {
      "street1": "666 Broadway, 12th Floor",
      "city": "New York",
      "state": "NY",
      "zip": "10012",
      "country": "US"
    },
    "employee_reviews": [
      {
        "additionalRatings": [
          {}
        ],
        "source": "KUNUNU"
      }
    ]
  },
  {
    "organization_name": "157 Hudson Street Condominium",
    "mailAddr": {
      "street1": "260 Madison Avenue, 12th Floor",
      "city": "New York",
      "state": "NY",
      "zip": "10016",
      "country": "US"
    },
    "employee_reviews": [
      {
        "additionalRatings": [
          {}
        ],
        "source": "KUNUNU"
      }
    ]
  },
  {
    "organization_name": "107 Ave Office Park Condo",
    "mailAddr": {
      "street1": "9000 SW 152nd St.",
      "city": "Miami",
      "state": "FL",
      "zip": "33157",
      "country": "US"
    },
    "employee_reviews": [
      {
        "additionalRatings": [
          {}
        ],
        "source": "KUNUNU"
      }
    ]
  },
  {
    "organization_name": "1070 Oceanview Avenue Associates Llc",
    "mailAddr": {
      "street1": "2804 Woods Avenue",
      "city": "Oceanside",
      "state": "NY",
      "zip": "11572",
      "country": "US"
    },
    "employee_reviews": [
      {
        "additionalRatings": [
          {}
        ],
        "source": "KUNUNU"
      }
    ]
  },
  {
    "organization_name": "169 Sunapee Street LLC",
    "mailAddr": {
      "street1": "15159 Brolio Lane",
      "city": "Naples",
      "state": "FL",
      "zip": "34110",
      "country": "US"
    },
    "employee_reviews": [
      {
        "additionalRatings": [
          {}
        ],
        "source": "KUNUNU"
      }
    ]
  },
  {
    "organization_name": "Abracol North America Corp",
    "mailAddr": {
      "street1": "5220 NW 72nd Ave #22",
      "city": "Miami",
      "state": "FL",
      "zip": "33166",
      "country": "US"
    },
    "employee_reviews": [
      {
        "additionalRatings": [
          {}
        ],
        "source": "KUNUNU"
      }
    ]
  },
  {
    "organization_name": "Abrahamsen Enterprises Inc.",
    "mailAddr": {
      "street1": "4101 Napleton Drive",
      "city": "West Lin",
      "state": "OR",
      "zip": "97068",
      "country": "US"
    },
    "employee_reviews": [
      {
        "additionalRatings": [
          {}
        ],
        "source": "KUNUNU"
      }
    ]
  },
  {
    "organization_name": "1970 Sutter St. HOA",
    "mailAddr": {
      "street1": "1808 Wedemeyer St, Ste B50",
      "city": "San Francisco",
      "state": "CA",
      "zip": "94129",
      "country": "US"
    },
    "employee_reviews": [
      {
        "additionalRatings": [
          {}
        ],
        "source": "KUNUNU"
      }
    ]
  },
  {
    "organization_name": "109-12 Lila Corp.",
    "mailAddr": {
      "street1": "39 Buttonwood Drive",
      "city": "Dix Hills",
      "state": "NY",
      "zip": "11746",
      "country": "US"
    },
    "employee_reviews": [
      {
        "additionalRatings": [
          {}
        ],
        "source": "KUNUNU"
      }
    ]
  },
  {
    "organization_name": "238 Olive Street HOA",
    "mailAddr": {
      "street1": "798 Great Highway #3",
      "city": "San Francisco",
      "state": "CA",
      "zip": "94121",
      "country": "US"
    },
    "employee_reviews": [
      {
        "additionalRatings": [
          {}
        ],
        "source": "KUNUNU"
      }
    ]
  },
  {
    "organization_name": "11 Thomas Park Condo",
    "mailAddr": {
      "street1": "PO Box 270765",
      "city": "Boston",
      "state": "MA",
      "zip": "02127",
      "country": "US"
    },
    "employee_reviews": [
      {
        "additionalRatings": [
          {}
        ],
        "source": "KUNUNU"
      }
    ]
  },
  {
    "organization_name": "ACA Investments LLC",
    "mailAddr": {
      "street1": "8206 Christiana Av.",
      "city": "Skokie",
      "state": "IL",
      "zip": "60076",
      "country": "US"
    },
    "employee_reviews": [
      {
        "additionalRatings": [
          {}
        ],
        "source": "KUNUNU"
      }
    ]
  },
  {
    "organization_name": "2 East 12th St. Owners Corp.",
    "mailAddr": {
      "street1": "666 Broadway, 12th Floor",
      "city": "New York",
      "state": "NY",
      "zip": "10012",
      "country": "US"
    },
    "employee_reviews": [
      {
        "additionalRatings": [
          {}
        ],
        "source": "KUNUNU"
      }
    ]
  },
  {
    "organization_name": "20-26 North Moore Street Corp.",
    "mailAddr": {
      "street1": "666 Broadway, 12th Floor",
      "city": "New York",
      "state": "NY",
      "zip": "10012",
      "country": "US"
    },
    "employee_reviews": [
      {
        "additionalRatings": [
          {}
        ],
        "source": "KUNUNU"
      }
    ]
  },
  {
    "organization_name": "2028 Harrison Street Hollywood, Llc",
    "mailAddr": {
      "street1": "2200 Hollywood Blvd",
      "city": "Hollywood",
      "state": "FL",
      "zip": "33020",
      "country": "US"
    },
    "employee_reviews": [
      {
        "additionalRatings": [
          {}
        ],
        "source": "KUNUNU"
      }
    ]
  },
  {
    "organization_name": "825 West 40th Street Condo Assoc., Inc.",
    "mailAddr": {
      "street1": "1284 Ne 94th Street",
      "city": "Miami Shores",
      "state": "FL",
      "zip": "33138",
      "country": "US"
    },
    "employee_reviews": [
      {
        "additionalRatings": [
          {}
        ],
        "source": "KUNUNU"
      }
    ]
  },
  {
    "organization_name": "88th Street Real Estate Management I",
    "mailAddr": {
      "street1": "150 Ne 38th St #2",
      "city": "Oakland Park",
      "state": "FL",
      "zip": "33334",
      "country": "US"
    },
    "employee_reviews": [
      {
        "additionalRatings": [
          {}
        ],
        "source": "KUNUNU"
      }
    ]
  },
  {
    "organization_name": "912Food2Go.com",
    "mailAddr": {
      "street1": "223 Cattle Run Way",
      "city": "Pooler",
      "state": "GA",
      "zip": "31322",
      "country": "US"
    },
    "employee_reviews": [
      {
        "additionalRatings": [
          {}
        ],
        "source": "KUNUNU"
      }
    ]
  },
  {
    "organization_name": "123 Credit Counselors Inc.",
    "mailAddr": {
      "street1": "6161 Blue Lagoon Drive 150A",
      "city": "Miami",
      "state": "FL",
      "zip": "33126-2057",
      "country": "US"
    },
    "employee_reviews": [
      {
        "additionalRatings": [
          {}
        ],
        "source": "KUNUNU"
      }
    ]
  },
  {
    "organization_name": "2298 Pacific Avenue, Inc.",
    "mailAddr": {
      "street1": "1808 Wedemeyer St Ste.B50",
      "city": "San Francisco",
      "state": "CA",
      "zip": "94129",
      "country": "US"
    },
    "employee_reviews": [
      {
        "additionalRatings": [
          {}
        ],
        "source": "KUNUNU"
      }
    ]
  },
  {
    "organization_name": "4313 Jec, L.l.c.",
    "mailAddr": {
      "street1": "4313 Ne 6th Ave",
      "city": "Oakland Park",
      "state": "FL",
      "zip": "33334",
      "country": "US"
    },
    "employee_reviews": [
      {
        "additionalRatings": [
          {}
        ],
        "source": "KUNUNU"
      }
    ]
  },
  {
    "organization_name": "4350 Sheridan, Llc",
    "mailAddr": {
      "street1": "4350 Sheridan St, Ste #200",
      "city": "Hollywood",
      "state": "FL",
      "zip": "33021",
      "country": "US"
    },
    "employee_reviews": [
      {
        "additionalRatings": [
          {}
        ],
        "source": "KUNUNU"
      }
    ]
  },
  {
    "organization_name": "24 Hour War, Inc.",
    "mailAddr": {
      "street1": "16217 Kittridge St.",
      "city": "Van Nuys",
      "state": "CA",
      "zip": "91406",
      "country": "US"
    },
    "employee_reviews": [
      {
        "additionalRatings": [
          {}
        ],
        "source": "KUNUNU"
      }
    ]
  },
  {
    "organization_name": "1245 West Avenue Condominium Association, Inc.",
    "mailAddr": {
      "street1": "P.O. Box 526407",
      "city": "Miami",
      "state": "FL",
      "zip": "33152-3436",
      "country": "US"
    },
    "employee_reviews": [
      {
        "additionalRatings": [
          {}
        ],
        "source": "KUNUNU"
      }
    ]
  },
  {
    "organization_name": "1324-1330 W. Newport Center Drive, LLC",
    "mailAddr": {
      "street1": "P.o. Box 970913",
      "city": "Coconut Creek",
      "state": "FL",
      "zip": "33097",
      "country": "US"
    },
    "employee_reviews": [
      {
        "additionalRatings": [
          {}
        ],
        "source": "KUNUNU"
      }
    ]
  },
  {
    "organization_name": "16 East 11th Street Corp.",
    "mailAddr": {
      "street1": "666 Broadway, 12th Floor",
      "city": "New York",
      "state": "NY",
      "zip": "10012",
      "country": "US"
    },
    "employee_reviews": [
      {
        "additionalRatings": [
          {}
        ],
        "source": "KUNUNU"
      }
    ]
  },
  {
    "organization_name": "8001 Biscayne Associates, Llc",
    "mailAddr": {
      "street1": "16047 Collins Ave Unit #2604",
      "city": "North Miami",
      "state": "FL",
      "zip": "33160",
      "country": "US"
    },
    "employee_reviews": [
      {
        "additionalRatings": [
          {}
        ],
        "source": "KUNUNU"
      }
    ]
  },
  {
    "organization_name": "801 S. Federal, LLC",
    "mailAddr": {
      "street1": "1181 Sw 21st Avenue",
      "city": "Boca Raton",
      "state": "FL",
      "zip": "33486",
      "country": "US"
    },
    "employee_reviews": [
      {
        "additionalRatings": [
          {}
        ],
        "source": "KUNUNU"
      }
    ]
  },
  {
    "organization_name": "430 Broome Street LLC",
    "mailAddr": {
      "street1": "39 Crosby Street, Apartment 3N",
      "city": "New York",
      "state": "NY",
      "zip": "10013",
      "country": "US"
    },
    "employee_reviews": [
      {
        "additionalRatings": [
          {}
        ],
        "source": "KUNUNU"
      }
    ]
  },
  {
    "organization_name": "Bagattelle Condominium Assoc., Inc",
    "mailAddr": {
      "street1": "3461b Fairlane Farms Road",
      "city": "West Palm Beach",
      "state": "FL",
      "zip": "33414",
      "country": "US"
    },
    "employee_reviews": [
      {
        "additionalRatings": [
          {}
        ],
        "source": "KUNUNU"
      }
    ]
  },
  {
    "organization_name": "24 Granada Park Condo",
    "mailAddr": {
      "street1": "24 Granada Park Unit C",
      "city": "Roxbury",
      "state": "MA",
      "zip": "02119",
      "country": "US"
    },
    "employee_reviews": [
      {
        "additionalRatings": [
          {}
        ],
        "source": "KUNUNU"
      }
    ]
  },
  {
    "organization_name": "130 West 3rd Street Realty",
    "mailAddr": {
      "street1": "300 West 55th Street",
      "city": "New York",
      "state": "NY",
      "zip": "10019",
      "country": "US"
    },
    "employee_reviews": [
      {
        "additionalRatings": [
          {}
        ],
        "source": "KUNUNU"
      }
    ]
  },
  {
    "organization_name": "115 Spring Street Condo Association",
    "mailAddr": {
      "street1": "666 Broadway, 12th Floor",
      "city": "New York",
      "state": "NY",
      "zip": "10012",
      "country": "US"
    },
    "employee_reviews": [
      {
        "additionalRatings": [
          {}
        ],
        "source": "KUNUNU"
      }
    ]
  },
  {
    "organization_name": "247 Ventures, Inc.",
    "mailAddr": {
      "street1": "206 6th Avenue, Suite 300",
      "city": "Des Moines",
      "state": "IA",
      "zip": "50309",
      "country": "US"
    },
    "employee_reviews": [
      {
        "additionalRatings": [
          {}
        ],
        "source": "KUNUNU"
      }
    ]
  },
  {
    "organization_name": "135 West 17th Street Tenant Corp.",
    "mailAddr": {
      "street1": "343 Nicholas Ave",
      "city": "New York",
      "state": "NY",
      "zip": "10027",
      "country": "US"
    },
    "employee_reviews": [
      {
        "additionalRatings": [
          {}
        ],
        "source": "KUNUNU"
      }
    ]
  },
  {
    "organization_name": "281-285 Church St. TIC",
    "mailAddr": {
      "street1": "50 Clifford Terrace",
      "city": "San Francisco",
      "state": "CA",
      "zip": "94117",
      "country": "US"
    },
    "employee_reviews": [
      {
        "additionalRatings": [
          {}
        ],
        "source": "KUNUNU"
      }
    ]
  },
  {
    "organization_name": "1610 Park Avenue, LLC",
    "mailAddr": {
      "street1": "2975 Scott Boulevard, Suite 200",
      "city": "Santa Clara",
      "state": "CA",
      "zip": "95054-3314",
      "country": "US"
    },
    "employee_reviews": [
      {
        "additionalRatings": [
          {}
        ],
        "source": "KUNUNU"
      }
    ]
  },
  {
    "organization_name": "3900 Consumer Street LLC",
    "mailAddr": {
      "street1": "2453 Inagua Avenue",
      "city": "Miami",
      "state": "FL",
      "zip": "33133",
      "country": "US"
    },
    "employee_reviews": [
      {
        "additionalRatings": [
          {}
        ],
        "source": "KUNUNU"
      }
    ]
  },
  {
    "organization_name": "Accelerated Delivery Inc.",
    "mailAddr": {
      "street1": "5 Stillwater Dr.",
      "city": "Charleston",
      "state": "IL",
      "zip": "61920",
      "country": "US"
    },
    "employee_reviews": [
      {
        "additionalRatings": [
          {}
        ],
        "source": "KUNUNU"
      }
    ]
  },
  {
    "organization_name": "2918-2920 Octavia Street HOA",
    "mailAddr": {
      "street1": "2920 Octavia Street",
      "city": "San Francisco",
      "state": "CA",
      "zip": "94123",
      "country": "US"
    },
    "employee_reviews": [
      {
        "additionalRatings": [
          {}
        ],
        "source": "KUNUNU"
      }
    ]
  },
  {
    "organization_name": "2025 O'Farrell Street TIC",
    "mailAddr": {
      "street1": "2050 O' Farrell Street Apt. 1",
      "city": "San Francisco",
      "state": "CA",
      "zip": "94115",
      "country": "US"
    },
    "employee_reviews": [
      {
        "additionalRatings": [
          {}
        ],
        "source": "KUNUNU"
      }
    ]
  },
  {
    "organization_name": "203 Owners Corp.",
    "mailAddr": {
      "street1": "666 Broadway, 12th Floor",
      "city": "New York",
      "state": "NY",
      "zip": "10012",
      "country": "US"
    },
    "employee_reviews": [
      {
        "additionalRatings": [
          {}
        ],
        "source": "KUNUNU"
      }
    ]
  },
  {
    "organization_name": "2031 Harrison LLC",
    "mailAddr": {
      "street1": "3250 NE 1st Avenue Suite 305",
      "city": "Miami",
      "state": "FL",
      "zip": "33137",
      "country": "US"
    },
    "employee_reviews": [
      {
        "additionalRatings": [
          {}
        ],
        "source": "KUNUNU"
      }
    ]
  },
  {
    "organization_name": "835 Victoria Park Ams, Llc",
    "mailAddr": {
      "street1": "Po Box 12081",
      "city": "Hauppauge",
      "state": "NY",
      "zip": "11788",
      "country": "US"
    },
    "employee_reviews": [
      {
        "additionalRatings": [
          {}
        ],
        "source": "KUNUNU"
      }
    ]
  },
  {
    "organization_name": "2106 Jackson Street Assoc Inc",
    "mailAddr": {
      "street1": "3450 3rd Street, Ste. 1A",
      "city": "San Francisco",
      "state": "CA",
      "zip": "94129",
      "country": "US"
    },
    "employee_reviews": [
      {
        "additionalRatings": [
          {}
        ],
        "source": "KUNUNU"
      }
    ]
  },
  {
    "organization_name": "2110 West Palm Beach Facility, Llc",
    "mailAddr": {
      "street1": "2110 N Florida Mango Rd",
      "city": "West Palm Beach",
      "state": "FL",
      "zip": "33409",
      "country": "US"
    },
    "employee_reviews": [
      {
        "additionalRatings": [
          {}
        ],
        "source": "KUNUNU"
      }
    ]
  },
  {
    "organization_name": "421 West Elkcam Circle, LLC",
    "mailAddr": {
      "street1": "1080 Old Marco Lane",
      "city": "Marco Island",
      "state": "FL",
      "zip": "34145",
      "country": "US"
    },
    "employee_reviews": [
      {
        "additionalRatings": [
          {}
        ],
        "source": "KUNUNU"
      }
    ]
  },
  {
    "organization_name": "2420 Dixie Realty LLC",
    "mailAddr": {
      "street1": "619 Palisade Ave",
      "city": "Englewood Cliffs",
      "state": "NJ",
      "zip": "07632",
      "country": "US"
    },
    "employee_reviews": [
      {
        "additionalRatings": [
          {}
        ],
        "source": "KUNUNU"
      }
    ]
  },
  {
    "organization_name": "25 Minetta Owners Corp.",
    "mailAddr": {
      "street1": "666 Broadway, 12th Floor",
      "city": "New York",
      "state": "NY",
      "zip": "10012",
      "country": "US"
    },
    "employee_reviews": [
      {
        "additionalRatings": [
          {}
        ],
        "source": "KUNUNU"
      }
    ]
  },
  {
    "organization_name": "28 Hubert Street Corp",
    "mailAddr": {
      "street1": "271 Madison Avenue Suite 800",
      "city": "New York",
      "state": "NY",
      "zip": "10016",
      "country": "US"
    },
    "employee_reviews": [
      {
        "additionalRatings": [
          {}
        ],
        "source": "KUNUNU"
      }
    ]
  },
  {
    "organization_name": "285 Commonwealth Avenue Condo",
    "mailAddr": {
      "street1": "285 Commonwealth Ave",
      "city": "Boston",
      "state": "MA",
      "zip": "02115",
      "country": "US"
    },
    "employee_reviews": [
      {
        "additionalRatings": [
          {}
        ],
        "source": "KUNUNU"
      }
    ]
  },
  {
    "organization_name": "Lumos Networks Corp",
    "mailAddr": {
      "street1": "1 LUMOS PLZ",
      "city": "WAYNESBORO",
      "state": "VA",
      "zip": "22980",
      "country": "US"
    },
    "employee_reviews": [
      {
        "reviewer_designation": "Current Employee - Anonymous Employee",
        "review_description": "I have been working at Lumos Networks full-time (More than a year)",
        "review_title": "\"Customer Account Manager\"",
        "pros": "Great earning potential. Exciting product offering.",
        "cons": "Hard to say. Great fit for life in 2018 an beyond!",
        "source": "GLASSDOOR"
      },
      {
        "reviewer_designation": "Current Employee - Anonymous Employee",
        "review_description": "I have been working at Lumos Networks full-time (More than a year)",
        "review_title": "\"Customer Account Manager\"",
        "pros": "Great earning potential. Exciting product offering.",
        "cons": "Hard to say. Great fit for life in 2018 an beyond!",
        "source": "GLASSDOOR"
      },
      {
        "review_rating": "4.0",
        "reviewer_designation": "Telecommunications Wireless field technician (Current Employee) –  ",
        "job_location": "Waynesboro, VA",
        "review_date": "2018-11-26T00:00:00.000Z",
        "review_title": "Productive, and cooperative place to work",
        "review_desc": "A typical day at work: Drive to office. Check email. Discuss the days work with personnel. Travel to various locations for maintenance, and or repairs. I learned everything about telecommunications over my 14 years working there. Hardest part of the job was keeping up with the new technologies. The most enjoyable part of the job was completing repairs and restoring service.",
        "source": "INDEED"
      },
      {
        "review_rating": "2.0",
        "reviewer_designation": "QA/Repair Service Operations Administrator (Former Employee) –  ",
        "job_location": "Charleston, WV",
        "review_date": "2019-02-07T00:00:00.000Z",
        "review_title": "Transition",
        "review_desc": "When I left it was during a time of great transition and change. Not having qualified and or motivated people in leadership positions made that difficult.",
        "source": "INDEED"
      },
      {
        "review_rating": "4.0",
        "reviewer_designation": "Carrier Sales Manager (Former Employee) –  ",
        "job_location": "Remote",
        "review_date": "2018-09-26T00:00:00.000Z",
        "review_title": "Lumps good spot",
        "review_desc": "A good spot to work, great pay. It can be very competitive. They continue to make advancements in the network. Overall its a good place to work but it wasn't for me",
        "source": "INDEED"
      },
      {
        "review_rating": "5.0",
        "reviewer_designation": "General Accounting Assistant (Former Employee) –  ",
        "job_location": "Charleston, WV",
        "review_date": "2018-08-10T00:00:00.000Z",
        "review_title": "Nice relaxed place to work",
        "review_desc": "Not too stressful, great management, great benefits and paid time off. I loved being able to wear jeans to work every day. Would recommend to a friend.",
        "source": "INDEED"
      },
      {
        "review_rating": "5.0",
        "reviewer_designation": "Contractor (WV) (Former Employee) –  ",
        "job_location": "Charleston, WV",
        "review_date": "2018-06-14T00:00:00.000Z",
        "review_title": "Great Company - Great People",
        "review_desc": "Great Company, Great People, Great Leadership. Enjoyed the people and the leadership and the culture. Great culture. Great office environment. Easy to commute too.",
        "pros": "People",
        "cons": "Pay",
        "source": "INDEED"
      },
      {
        "review_rating": "4.0",
        "reviewer_designation": "M4 Technician, technical support (Former Employee) –  ",
        "job_location": "Charleston, WV",
        "review_date": "2018-04-19T00:00:00.000Z",
        "review_title": "Lumos",
        "review_desc": "Typical day included answer 10-15 service calls I learned a lot about fiber lines Management was amazing to work for Workplace culture many people that work there are from the city so people who live a little out in the country do not fit in well Hardest part of the job was the 1-hour drive there most enjoyable was some of the people I worked with",
        "pros": "flexible hours",
        "cons": "location",
        "source": "INDEED"
      },
      {
        "review_rating": "5.0",
        "reviewer_designation": "Legal Consultant (Former Employee) –  ",
        "job_location": "Waynesboro, VA",
        "review_date": "2018-03-22T00:00:00.000Z",
        "review_title": "Very good opportunity with General Counsel",
        "review_desc": "I worked as a consultant with the General Counsel for 3 years. I was happy and productive and liked the General Counsel. It was a very good job and I left for healthcare benefits.",
        "source": "INDEED"
      },
      {
        "review_rating": "4.0",
        "reviewer_designation": "Customer Service Representative / Directory Dept (Current Employee) –  ",
        "job_location": "Waynesboro, VA",
        "review_date": "2018-03-21T00:00:00.000Z",
        "review_title": "Okay place to work they do have good benefits",
        "review_desc": "I can only speak for the Dept. I am in. For the most part there is no room for advancement. I must say management has been great in my Dept. It is a tedious job and requires someone who can be time oriented due to deadlines.",
        "source": "INDEED"
      },
      {
        "review_rating": "4.0",
        "reviewer_designation": "Senior Financial Analyst (Current Employee) –  ",
        "job_location": "Waynesboro, VA",
        "review_date": "2018-01-31T00:00:00.000Z",
        "review_title": "Nice work life balance",
        "review_desc": "The work life balance is probably the nicest thing about Lumos. It starts with the managers and above who understand that family is very important. Not saying there aren't times when late nights are needed, but it isn't a place where face time is needed. As long as you get your work done on time there are no issues. The work itself is interesting and challenging and leadership is very smart and knowledgeable about the business and industry.",
        "source": "INDEED"
      },
      {
        "review_rating": "1.0",
        "reviewer_designation": "Enterprise Accounts Director Enterprise (Former Employee) –  ",
        "job_location": "Richmond, VA",
        "review_date": "2018-01-18T00:00:00.000Z",
        "review_title": "Nothing good to say, very cut throat to each other and toxic management",
        "review_desc": "Watch your back! This company was fluffed up to be sold and is not a good reliable opportunity. You can try your best and work hard for your accounts but someone is always trying on them to take opportunities away for themselves. My manager was literally demoted and cherry picked anything good away from everyone on the team for himself. The Richmond market has little to no network able to reach prospective customers so 80% of your time will be explaining to the customer why the installation cost is 30k or higher and how 100MBP DIA costs $1300 per mo VS Comcast's offering of $500.00 (like for like product!!!)/fiber . Instead of Lumos backing up their product offering, pricing, and availability to the market, they hire 4 more sales people and run a revolving door with average 6mo-8mo cycle of new faces that are now calling on the same accounts as they are force to cannibalize each other to win the business. No one is even at 50% of monthly quota in for the Richmond team. These are good sales people with very good previous history (presidents club/ect) but when you go to Lumos prepare to have your career damaged. If you manage to leave Lumos and find a real opportunity prepare to have their legal team send you threatening letters saying they will sue you for a don not compete agreement that is no longer legal in the state of VA since right to work passed. Avoid them at all cost is the best advice I can give you. If you interview them I suggest you boldly ask them if anyone is actually making quota/money and ask how long the most senior sales person has lasted ,, hint , its only",
        "pros": "Good benefits due to being a large company",
        "cons": "lies, they do have outages, not competively priced, unable to reach customers",
        "source": "INDEED"
      },
      {
        "review_rating": "2.0",
        "reviewer_designation": "Major Account Manager (Former Employee) –  ",
        "job_location": "Richmond, VA",
        "review_date": "2018-01-09T00:00:00.000Z",
        "review_title": "limited opportunity for success",
        "review_desc": "The company has a limited footprint and product portfolio that is priced at a premium. Management is only concerned with exit strategy and lining their own pockets.",
        "source": "INDEED"
      },
      {
        "review_rating": "5.0",
        "reviewer_designation": "Network Operations Technician (Former Employee) –  ",
        "job_location": "Waynesboro, VA",
        "review_date": "2017-11-29T00:00:00.000Z",
        "review_title": "Great place to work",
        "review_desc": "This is great company and great place to work the jobs can be very demanding and very rewarding if you put the time and effort into what you are trying to complete",
        "source": "INDEED"
      },
      {
        "review_rating": "4.0",
        "reviewer_designation": "Account Executive/Outside Sales (Former Employee) –  ",
        "job_location": "Roanoke, VA",
        "review_date": "2017-11-27T00:00:00.000Z",
        "review_title": "Business is being groomed to be sold",
        "review_desc": "Present C suite is grooming business to be sold/acquired to advance value of present stock position. This once conscientious and loyal regional company is now a company that I could continue promoting to our regional clients.",
        "source": "INDEED"
      },
      {
        "review_rating": "5.0",
        "reviewer_designation": "OPERATION SPECIALIST (Former Employee) –  ",
        "job_location": "Waynesboro, VA",
        "review_date": "2017-11-05T00:00:00.000Z",
        "review_title": "Productive and friendly environment",
        "review_desc": "Absolutely loved my time here. A typical day would be entering data onto spread sheets on Excel and working on polygons with a grinding software. I learned a lot with polygons, with managing Visa's for workers, most importantly I learned an advanced amount on how to use Excel, Word and Outlook.",
        "source": "INDEED"
      },
      {
        "review_rating": "3.0",
        "reviewer_designation": "Total Care Representative (Former Employee) –  ",
        "job_location": "Waynesboro, VA",
        "review_date": "2017-10-11T00:00:00.000Z",
        "review_title": "Stressful Job",
        "review_desc": "The job itself is okay, but the requirements change nearly daily, and there is little or no opportunity for advancement. The key departments in dealing with customers are not staffed properly causing a lot of stress.",
        "pros": "Benefits are good. Pay is not bad.",
        "cons": "Not enough staff, and no hiring in the positions that need more staff.",
        "source": "INDEED"
      },
      {
        "review_rating": "2.0",
        "reviewer_designation": "Installer/Technician (Former Employee) –  ",
        "job_location": "Daleville,Covington",
        "review_date": "2017-09-24T00:00:00.000Z",
        "review_title": "Good company to work at.",
        "review_desc": "Loved working at Lumos until they started putting know nothing managers into positions they have no clue about how to manage. The lower level employees are great to work with but upper level management are a bunch of suck ups who will throw each other or any one else under the bus to make themselves look good and pretend to know what they are doing. All I can say is I sure hope there is such a thing as Karma and smacks a couple of the suck ups in the face with life.",
        "pros": "Low Level work enviroment",
        "cons": "Guess ? Upper Management in Waynesboro",
        "source": "INDEED"
      },
      {
        "review_rating": "4.0",
        "reviewer_designation": "OSP ADMINISTRATIVE ASSISTANT (CONTRACTOR) (Former Employee) –  ",
        "job_location": "Canonsburg, PA",
        "review_date": "2017-08-16T00:00:00.000Z",
        "review_title": "Great people, wish had better management",
        "review_desc": "Great workplace environment, not much room for advancement. Enjoyed the people and the job, was not satisfied with pay. Upper management seemed to be aloof to working environment",
        "source": "INDEED"
      },
      {
        "review_rating": "1.0",
        "reviewer_designation": "Product Solutions Agent (Current Employee) –  ",
        "job_location": "Daleville, VA",
        "review_date": "2017-05-24T00:00:00.000Z",
        "review_title": "Very little advancement and poor management.",
        "review_desc": "The worst part of working at Lumos is the very little advancement opportunity. Secondly is the management that is only concerned about keeping their jobs not helping you.",
        "pros": "Money is good and it's a job.",
        "cons": "poor management no upward mobility.",
        "source": "INDEED"
      },
      {
        "review_rating": "5.0",
        "reviewer_designation": "Outside Plant Project Engineer (Former Employee) –  ",
        "job_location": "Charleston, WV",
        "review_date": "2016-12-27T00:00:00.000Z",
        "review_title": "Osp",
        "review_desc": "Good place to learn and grow Stable job environment Leadership positive Goo co-workers that fostered learning and working toward a common goal. Good Benifits",
        "source": "INDEED"
      },
      {
        "review_rating": "3.0",
        "reviewer_designation": "Service Technician II (Former Employee) –  ",
        "job_location": "Charleston, WV",
        "review_date": "2016-02-04T00:00:00.000Z",
        "review_title": "Fun Good People",
        "review_desc": "Good place to work, with a lot of good people, and would have loved to stayed but company down sizing, Managers where very helpful in learning on all new equipment to install, Co-workers where very helpful in any job that you needed a hand on, Most enjoyable thing about my job was helping Customers ,Co-workers and working out doors",
        "pros": "Company Provided Vehicle, Pants Shirts, Tools and Healthcare",
        "cons": "Short Breaks",
        "source": "INDEED"
      },
      {
        "review_rating": "4.0",
        "reviewer_designation": "Network Planner (Current Employee) –  ",
        "job_location": "Charleston, WV",
        "review_date": "2015-10-26T00:00:00.000Z",
        "review_title": "Technologically Advanced, Intelligent Employees with Strong Work Ethic",
        "review_desc": "Lumos Networks offers an extremely flexible working schedule that honors the trust system, i.e. if you need a longer lunch, you can take it provided productivity isn't impacted. Management is loyal and understanding, although often upper-level workloads encumber full communication through the teams on down. Co-workers are knowledgeable and kind, and often quite unique individuals. The most challenging part of the position is balancing tasks when we are repeatedly being asked to change priorities. The greatest award for this position is sheer amount of knowledge I've gained in the field of Telecom. It is better than ten degrees in the subject.",
        "pros": "Great work schedule, good pay, respect",
        "cons": "Future often uncertain, difficult to move up",
        "source": "INDEED"
      },
      {
        "review_rating": "2.67",
        "reviewer_designation": "Not specified",
        "job_location": "Waynesboro",
        "review_title": "Not the best place to work",
        "review_desc": "Career Development\nNo room at all for advancement, even after being there a long time. Management knows who they want to advance, not who applies for positions.\nCompany Image\nHeard too many customers at my time there complain about the services they had with the company\nSuggestions for improvement\nPay attention to the employees instead of profit\nWhat I like about the company\nSet schedules, cleanliness, safety concerns\nWhat I dislike about the company\nNo room for advancement period, even for those with years of experience...sometimes new hires are advanced at the expense of those who have been with the company for years.\n",
        "culture_and_valuesRating": "2.00",
        "work_life_balance_rating": "3.00",
        "senior_management_rating": "1.00",
        "compensation_and_benefits_rating": "1.00",
        "career_opportunities_rating": "1.00",
        "job_security_and_advancement_rating": "2.00",
        "additionalRatings": [
          {
            "rating_name": "Teamwork",
            "rating_value": "3.00"
          },
          {
            "rating_name": "Freedom to work independently",
            "rating_value": "3.00"
          },
          {
            "rating_name": "Internal Communication",
            "rating_value": "1.00"
          },
          {
            "rating_name": "Gender Equality",
            "rating_value": "4.00"
          },
          {
            "rating_name": "Attitude towards older colleagues",
            "rating_value": "4.00"
          },
          {
            "rating_name": "Office / Work Environment",
            "rating_value": "2.00"
          },
          {
            "rating_name": "Environmental Friendliness",
            "rating_value": "4.00"
          },
          {
            "rating_name": "Company Image",
            "rating_value": "1.00"
          },
          {
            "rating_name": "Handicapped Accessibility",
            "rating_value": "5.00"
          },
          {
            "rating_name": "Workplace Safety",
            "rating_value": "5.00"
          },
          {
            "rating_name": "Challenging Work",
            "rating_value": "2.00"
          },
          {
            "rating_name": "Inclusive / Diverse",
            "rating_value": "4.00"
          }
        ],
        "benefits": [
          "Ability to work remotely is offered",
          "Desirable office location is offered",
          "Tuition assistance is offered",
          "Paid time off is offered",
          "Healthcare (including vision and dental) is offered",
          "Life insurance is offered"
        ],
        "perks": [
          "Health and wellness programs is offered"
        ],
        "source": "KUNUNU"
      },
      {
        "review_rating": "4.83",
        "reviewer_designation": "Employee",
        "job_location": "Waynesboro",
        "review_title": "I love working for my company! They offer so much to help you succeed, great benifits for health,continued...",
        "review_desc": "Suggestions for improvement\nTeach employees other languages so we don’t have to have a 3rd party person come on the line to translate. Do this in small classes so you are not disrupting the work day and calls to much\nWhat I like about the company\nWe are able to work from home some days, during bad weather we are able to work from home, they treat us like family not just a number. They match our 401k and pay a portion of our health insurance and do their best to keep our insurance from going up each year. Also, another thing I love is they don’t switch insurance companies every year just to save a few dollars, it has always stayed the same the last 7 years I have been there. They award you for your length of time you have been there with gifts and awards.\nWhat I dislike about the company\nI honestly don’t have any...they listen to anything we say and if it’s legit they do what they can to implement them. The VP and CEO reviews all suggestions and complaints not just the persons direct manager, which is AMAZING.\n",
        "culture_and_valuesRating": "5.00",
        "work_life_balance_rating": "5.00",
        "senior_management_rating": "4.00",
        "compensation_and_benefits_rating": "4.00",
        "career_opportunities_rating": "5.00",
        "job_security_and_advancement_rating": "5.00",
        "additionalRatings": [
          {
            "rating_name": "Teamwork",
            "rating_value": "5.00"
          },
          {
            "rating_name": "Freedom to work independently",
            "rating_value": "5.00"
          },
          {
            "rating_name": "Internal Communication",
            "rating_value": "5.00"
          },
          {
            "rating_name": "Gender Equality",
            "rating_value": "5.00"
          },
          {
            "rating_name": "Attitude towards older colleagues",
            "rating_value": "5.00"
          },
          {
            "rating_name": "Office / Work Environment",
            "rating_value": "5.00"
          },
          {
            "rating_name": "Environmental Friendliness",
            "rating_value": "5.00"
          },
          {
            "rating_name": "Company Image",
            "rating_value": "5.00"
          },
          {
            "rating_name": "Handicapped Accessibility",
            "rating_value": "5.00"
          },
          {
            "rating_name": "Workplace Safety",
            "rating_value": "5.00"
          },
          {
            "rating_name": "Challenging Work",
            "rating_value": "4.00"
          },
          {
            "rating_name": "Inclusive / Diverse",
            "rating_value": "5.00"
          }
        ],
        "benefits": [
          "Flex. working hours is offered",
          "Parking is offered",
          "Easy access to public transportation is offered",
          "Stock or equity options is offered",
          "Ability to work remotely is offered",
          "Desirable office location is offered",
          "Tuition assistance is offered",
          "Paid Parental Leave is offered",
          "Flexible spending account is offered",
          "Paid time off is offered",
          "Healthcare (including vision and dental) is offered",
          "Life insurance is offered"
        ],
        "perks": [
          "Health and wellness programs is offered",
          "Employee discounts is offered",
          "Vehicle allowance is offered",
          "Employee events is offered"
        ],
        "source": "KUNUNU"
      },
      {
        "review_rating": "2.94",
        "reviewer_designation": "Employee",
        "job_location": "Waynesboro",
        "review_title": "Good benefits, but not a good place to work.",
        "review_desc": "Support from management\nSupport only if a procedure or direction has already been decided by management.\nTeamwork\nGood teamwork only between employees in a department. Not between management and staff.\nFreedom to work independently\nSome freedom, but not a lot.\nInternal Communication\nAlmost none.\nCareer Development\nNo room for development unless it's predetermined by management.\nOverall compensation for your work\nOkay compensation, but compared to the amount of work and constant elevation of expectations, not enough.\nCompany Image\nLooked on by customers unfavorably.\nSuggestions for improvement\nMore communication and support from management.\nWhat I like about the company\nGood benefits.\nWhat I dislike about the company\nNo communication between management and employees. No room for advancement.\n",
        "culture_and_valuesRating": "2.00",
        "work_life_balance_rating": "3.00",
        "senior_management_rating": "1.00",
        "compensation_and_benefits_rating": "3.00",
        "career_opportunities_rating": "1.00",
        "job_security_and_advancement_rating": "2.00",
        "additionalRatings": [
          {
            "rating_name": "Teamwork",
            "rating_value": "3.00"
          },
          {
            "rating_name": "Freedom to work independently",
            "rating_value": "3.00"
          },
          {
            "rating_name": "Internal Communication",
            "rating_value": "1.00"
          },
          {
            "rating_name": "Gender Equality",
            "rating_value": "4.00"
          },
          {
            "rating_name": "Attitude towards older colleagues",
            "rating_value": "4.00"
          },
          {
            "rating_name": "Office / Work Environment",
            "rating_value": "3.00"
          },
          {
            "rating_name": "Environmental Friendliness",
            "rating_value": "5.00"
          },
          {
            "rating_name": "Company Image",
            "rating_value": "1.00"
          },
          {
            "rating_name": "Handicapped Accessibility",
            "rating_value": "5.00"
          },
          {
            "rating_name": "Workplace Safety",
            "rating_value": "5.00"
          },
          {
            "rating_name": "Challenging Work",
            "rating_value": "3.00"
          },
          {
            "rating_name": "Inclusive / Diverse",
            "rating_value": "4.00"
          }
        ],
        "benefits": [
          "Tuition assistance is offered",
          "Paid time off is offered",
          "Healthcare (including vision and dental) is offered",
          "Life insurance is offered"
        ],
        "source": "KUNUNU"
      },
      {
        "review_rating": "2.39",
        "reviewer_designation": "Employee",
        "job_location": "Waynesboro",
        "review_title": "Great people to work with; Leadership is a void.",
        "review_desc": "Overall compensation for your work\nHad pay withheld. Management was very daring in their attitude.\nInclusive / Diverse\nInclusive, only at the company officer level.\nSuggestions for improvement\nThere is a great deal to be learned from the lower tiers in the crews.\nWhat I like about the company\nThe people you work with are outstanding.\nWhat I dislike about the company\nThe leadership culture. The leadership seems to be there to get the best price for a sell-off, and almost have a \"so what\" attitude.\n",
        "culture_and_valuesRating": "2.00",
        "work_life_balance_rating": "2.00",
        "senior_management_rating": "1.00",
        "compensation_and_benefits_rating": "2.00",
        "career_opportunities_rating": "2.00",
        "job_security_and_advancement_rating": "1.00",
        "additionalRatings": [
          {
            "rating_name": "Teamwork",
            "rating_value": "3.00"
          },
          {
            "rating_name": "Freedom to work independently",
            "rating_value": "1.00"
          },
          {
            "rating_name": "Internal Communication",
            "rating_value": "1.00"
          },
          {
            "rating_name": "Gender Equality",
            "rating_value": "4.00"
          },
          {
            "rating_name": "Attitude towards older colleagues",
            "rating_value": "4.00"
          },
          {
            "rating_name": "Office / Work Environment",
            "rating_value": "2.00"
          },
          {
            "rating_name": "Environmental Friendliness",
            "rating_value": "2.00"
          },
          {
            "rating_name": "Company Image",
            "rating_value": "2.00"
          },
          {
            "rating_name": "Handicapped Accessibility",
            "rating_value": "5.00"
          },
          {
            "rating_name": "Workplace Safety",
            "rating_value": "5.00"
          },
          {
            "rating_name": "Challenging Work",
            "rating_value": "2.00"
          },
          {
            "rating_name": "Inclusive / Diverse",
            "rating_value": "2.00"
          }
        ],
        "benefits": [
          "Parking is offered",
          "Flexible spending account is offered",
          "Paid time off is offered",
          "Healthcare (including vision and dental) is offered",
          "Life insurance is offered"
        ],
        "source": "KUNUNU"
      }
    ]
  },
  {
    "organization_name": "3801 NMA, LLC",
    "mailAddr": {
      "street1": "21500 Biscayne Blvd. Suite 302",
      "city": "Aventura",
      "state": "FL",
      "zip": "33180",
      "country": "US"
    },
    "employee_reviews": [
      {
        "additionalRatings": [
          {}
        ],
        "source": "KUNUNU"
      }
    ]
  },
  {
    "organization_name": "1st Ave Machine USA, Inc.",
    "mailAddr": {
      "street1": "231 Front St., 4th floor",
      "city": "Brooklyn",
      "state": "NY",
      "zip": "11201",
      "country": "US"
    },
    "employee_reviews": [
      {
        "additionalRatings": [
          {}
        ],
        "source": "KUNUNU"
      }
    ]
  },
  {
    "organization_name": "1110 Pennsylvania LLC",
    "mailAddr": {
      "street1": "666 Old Country Road",
      "city": "Garden City",
      "state": "NY",
      "zip": "11530",
      "country": "US"
    },
    "employee_reviews": [
      {
        "additionalRatings": [
          {}
        ],
        "source": "KUNUNU"
      }
    ]
  },
  {
    "organization_name": "8300 Byron Ave Condo Assoc.",
    "mailAddr": {
      "street1": "8300 Byron Avenue",
      "city": "Miami Beach",
      "state": "FL",
      "zip": "33141",
      "country": "US"
    },
    "employee_reviews": [
      {
        "additionalRatings": [
          {}
        ],
        "source": "KUNUNU"
      }
    ]
  },
  {
    "organization_name": "410 Forest Hill Boulevard LLC",
    "mailAddr": {
      "street1": "439 Winters Street LLC 411 Winters Street",
      "city": "West Palm Beach",
      "state": "FL",
      "zip": "33405",
      "country": "US"
    },
    "employee_reviews": [
      {
        "additionalRatings": [
          {}
        ],
        "source": "KUNUNU"
      }
    ]
  },
  {
    "organization_name": "4141 Design LLC",
    "mailAddr": {
      "street1": "2750 NE 185th Street, #304",
      "city": "Aventura",
      "state": "FL",
      "zip": "33180",
      "country": "US"
    },
    "employee_reviews": [
      {
        "additionalRatings": [
          {}
        ],
        "source": "KUNUNU"
      }
    ]
  },
  {
    "organization_name": "1250 Pine Ridge LLC",
    "mailAddr": {
      "street1": "1250 Pine Ridge Rd",
      "city": "Naples",
      "state": "FL",
      "zip": "34108",
      "country": "US"
    },
    "employee_reviews": [
      {
        "additionalRatings": [
          {}
        ],
        "source": "KUNUNU"
      }
    ]
  },
  {
    "organization_name": "1280 S Pine Island LLC",
    "mailAddr": {
      "street1": "3212 Ne 32nd Street",
      "city": "Ft. Lauderdale",
      "state": "FL",
      "zip": "33308",
      "country": "US"
    },
    "employee_reviews": [
      {
        "additionalRatings": [
          {}
        ],
        "source": "KUNUNU"
      }
    ]
  },
  {
    "organization_name": "24/7 Xpress Enterprises, LLC",
    "mailAddr": {
      "street1": "140 Island Way #139",
      "city": "Clearwater",
      "state": "FL",
      "zip": "33767",
      "country": "US"
    },
    "employee_reviews": [
      {
        "additionalRatings": [
          {}
        ],
        "source": "KUNUNU"
      }
    ]
  },
  {
    "organization_name": "455 Australian Avenue Corp",
    "mailAddr": {
      "street1": "P.o. Box 368",
      "city": "Palm Beach",
      "state": "FL",
      "zip": "33480",
      "country": "US"
    },
    "employee_reviews": [
      {
        "additionalRatings": [
          {}
        ],
        "source": "KUNUNU"
      }
    ]
  },
  {
    "organization_name": "458 Grand Broadway Owners Corp.",
    "mailAddr": {
      "street1": "PO Box 1701",
      "city": "New York",
      "state": "NY",
      "zip": "10150",
      "country": "US"
    },
    "employee_reviews": [
      {
        "additionalRatings": [
          {}
        ],
        "source": "KUNUNU"
      }
    ]
  },
  {
    "organization_name": "4605 By The Sea, Llc",
    "mailAddr": {
      "street1": "4605 N Ocean Drive (office)",
      "city": "Ft. Lauderdale",
      "state": "FL",
      "zip": "33308",
      "country": "US"
    },
    "employee_reviews": [
      {
        "additionalRatings": [
          {}
        ],
        "source": "KUNUNU"
      }
    ]
  },
  {
    "organization_name": "461 Comm Avenue Condo Trust",
    "mailAddr": {
      "street1": "125 Jersey Street",
      "city": "Boston",
      "state": "MA",
      "zip": "02215",
      "country": "US"
    },
    "employee_reviews": [
      {
        "additionalRatings": [
          {}
        ],
        "source": "KUNUNU"
      }
    ]
  },
  {
    "organization_name": "251 Clinton Realty, LLC",
    "mailAddr": {
      "street1": "1105 Park Avenue Apt.4d",
      "city": "New York",
      "state": "NY",
      "zip": "10128",
      "country": "US"
    },
    "employee_reviews": [
      {
        "additionalRatings": [
          {}
        ],
        "source": "KUNUNU"
      }
    ]
  },
  {
    "organization_name": "273 Minot St Condo Trust",
    "mailAddr": {
      "street1": "273 Minot St, 3rd Floor",
      "city": "Dorchester",
      "state": "MA",
      "zip": "02124",
      "country": "US"
    },
    "employee_reviews": [
      {
        "additionalRatings": [
          {}
        ],
        "source": "KUNUNU"
      }
    ]
  },
  {
    "organization_name": "1435 Retail LLC",
    "mailAddr": {
      "street1": "524 Isle De Capri",
      "city": "Ft. Lauderdale",
      "state": "FL",
      "zip": "33301",
      "country": "US"
    },
    "employee_reviews": [
      {
        "additionalRatings": [
          {}
        ],
        "source": "KUNUNU"
      }
    ]
  },
  {
    "organization_name": "15451 SW 294 Ter LLC",
    "mailAddr": {
      "street1": "85 NW 71 Street",
      "city": "Miami",
      "state": "FL",
      "zip": "33150",
      "country": "US"
    },
    "employee_reviews": [
      {
        "additionalRatings": [
          {}
        ],
        "source": "KUNUNU"
      }
    ]
  },
  {
    "organization_name": "Abtron Investments,Inc",
    "mailAddr": {
      "street1": "5582 NW 79th Avenue",
      "city": "Doral",
      "state": "FL",
      "zip": "33166",
      "country": "US"
    },
    "employee_reviews": [
      {
        "additionalRatings": [
          {}
        ],
        "source": "KUNUNU"
      }
    ]
  },
  {
    "organization_name": "7X24 Exchange, Inc.",
    "mailAddr": {
      "street1": "322 Eighth Avenue, Suite 702",
      "city": "New York",
      "state": "NY",
      "zip": "10001",
      "country": "US"
    },
    "employee_reviews": [
      {
        "additionalRatings": [
          {}
        ],
        "source": "KUNUNU"
      }
    ]
  },
  {
    "organization_name": "Academy Electric Inc",
    "mailAddr": {
      "street1": "1777 Blount Rd #510",
      "city": "Pompano Beach",
      "state": "FL",
      "zip": "33069",
      "country": "US"
    },
    "employee_reviews": [
      {
        "additionalRatings": [
          {}
        ],
        "source": "KUNUNU"
      }
    ]
  }
]
