[
  {
    "organization_name": "Henssler Property Management, LLC",
    "mailAddr": {
      "street1": "222 Kyser Boulevard",
      "city": "Madison",
      "state": "AL",
      "zip": "35758",
      "country": "US"
    },
    "employee_reviews": [
      {
        "source": "GLASSDOOR"
      },
      {
        "additionalRatings": [
          {}
        ],
        "source": "KUNUNU"
      }
    ]
  },
  {
    "organization_name": "SL Enclave West Apartments, DST",
    "mailAddr": {
      "street1": "720 Puma Boulevard",
      "city": "Edwardsville",
      "state": "IL",
      "zip": "62025",
      "country": "US"
    },
    "employee_reviews": [
      {
        "additionalRatings": [
          {}
        ],
        "source": "KUNUNU"
      }
    ]
  },
  {
    "organization_name": "Cottonwood Villas Condominium Association, Inc.",
    "mailAddr": {
      "street1": "12184 Melody Drive",
      "city": "Denver",
      "state": "CO",
      "zip": "80234",
      "country": "US"
    },
    "employee_reviews": [
      {
        "additionalRatings": [
          {}
        ],
        "source": "KUNUNU"
      }
    ]
  },
  {
    "organization_name": "Jasmine Enterprises, LLC",
    "mailAddr": {
      "street1": "504 East 9th Street",
      "city": "Tucson",
      "state": "AZ",
      "zip": "85705",
      "country": "US"
    },
    "employee_reviews": [
      {
        "additionalRatings": [
          {}
        ],
        "source": "KUNUNU"
      }
    ]
  },
  {
    "organization_name": "FGICP LLC",
    "mailAddr": {
      "street1": "1000 Justice Way",
      "city": "Abilene",
      "state": "TX",
      "zip": "79602",
      "country": "US"
    },
    "employee_reviews": [
      {
        "additionalRatings": [
          {}
        ],
        "source": "KUNUNU"
      }
    ]
  },
  {
    "organization_name": "Northgate Vertical, LP",
    "mailAddr": {
      "street1": "23550 Northgate Crossing Blvd",
      "city": "Spring",
      "state": "TX",
      "zip": "77373",
      "country": "US"
    },
    "employee_reviews": [
      {
        "additionalRatings": [
          {}
        ],
        "source": "KUNUNU"
      }
    ]
  },
  {
    "organization_name": "Wellington Realty, LLC",
    "mailAddr": {
      "street1": "805 South 8th Street",
      "city": "Waco",
      "state": "TX",
      "zip": "76706",
      "country": "US"
    },
    "employee_reviews": [
      {
        "reviewer_designation": "Current Employee - Anonymous Employee",
        "review_description": "I have been working at Wellington Realty full-time",
        "review_title": "\".\"",
        "pros": "Great place to work",
        "cons": "It’s work and they require to constantly keep learning",
        "source": "GLASSDOOR"
      },
      {
        "additionalRatings": [
          {}
        ],
        "source": "KUNUNU"
      }
    ]
  },
  {
    "organization_name": "Pumco Holdings LLC",
    "mailAddr": {
      "street1": "1300-1310 Florin Road",
      "city": "Sacramento",
      "state": "CA",
      "zip": "95831",
      "country": "US"
    },
    "employee_reviews": [
      {
        "additionalRatings": [
          {}
        ],
        "source": "KUNUNU"
      }
    ]
  },
  {
    "organization_name": "First and Roy LP",
    "mailAddr": {
      "street1": "100 Roy Street",
      "city": "Seattle",
      "state": "WA",
      "zip": "98109",
      "country": "US"
    },
    "employee_reviews": [
      {
        "additionalRatings": [
          {}
        ],
        "source": "KUNUNU"
      }
    ]
  },
  {
    "organization_name": "Parkside PCB, LLC",
    "mailAddr": {
      "street1": "17257 Panama City Beach",
      "city": "Panama City Beach",
      "state": "FL",
      "zip": "32413",
      "country": "US"
    },
    "employee_reviews": [
      {
        "additionalRatings": [
          {}
        ],
        "source": "KUNUNU"
      }
    ]
  },
  {
    "organization_name": "Second Village West Townhouse Association",
    "mailAddr": {
      "street1": "552-564 South Carr Street",
      "city": "Lakewood",
      "state": "CO",
      "zip": "80226",
      "country": "US"
    },
    "employee_reviews": [
      {
        "additionalRatings": [
          {}
        ],
        "source": "KUNUNU"
      }
    ]
  },
  {
    "organization_name": "Nova Eagle Trace LLC - DIJ Los Portales, LLC",
    "mailAddr": {
      "street1": "801 S. Prudence Rd",
      "city": "Tucson",
      "state": "AZ",
      "zip": "85710",
      "country": "US"
    },
    "employee_reviews": [
      {
        "additionalRatings": [
          {}
        ],
        "source": "KUNUNU"
      }
    ]
  },
  {
    "organization_name": "Isha & Mahi, LLC",
    "mailAddr": {
      "street1": "44199 US Highway 27",
      "city": "Davenport",
      "state": "FL",
      "zip": "33897",
      "country": "US"
    },
    "employee_reviews": [
      {
        "additionalRatings": [
          {}
        ],
        "source": "KUNUNU"
      }
    ]
  },
  {
    "mailAddr": {},
    "employee_reviews": [
      {
        "additionalRatings": [
          {}
        ],
        "source": "KUNUNU"
      }
    ]
  },
  {
    "organization_name": "Core Winter Garden, LLC",
    "mailAddr": {
      "street1": "14001-14167 West Colonial Drive, 14179-14219 West Colonial Drive",
      "city": "Winter Garden",
      "state": "FL",
      "zip": "34787",
      "country": "US"
    },
    "employee_reviews": [
      {
        "additionalRatings": [
          {}
        ],
        "source": "KUNUNU"
      }
    ]
  },
  {
    "organization_name": "505 High Rise Condominium Association, Inc",
    "mailAddr": {
      "street1": "515 Church Street (Floors 29-45)",
      "city": "Nashville",
      "state": "TN",
      "zip": "37219",
      "country": "US"
    },
    "employee_reviews": [
      {
        "additionalRatings": [
          {}
        ],
        "source": "KUNUNU"
      }
    ]
  },
  {
    "organization_name": "Cottonwood Creek Associates, L.P",
    "mailAddr": {
      "street1": "301 North Greenville Avenue",
      "city": "Allen",
      "state": "TX",
      "zip": "75002",
      "country": "US"
    },
    "employee_reviews": [
      {
        "additionalRatings": [
          {}
        ],
        "source": "KUNUNU"
      }
    ]
  },
  {
    "organization_name": "Alphil Investments",
    "mailAddr": {
      "street1": "915 Baker Street",
      "city": "Tomball",
      "state": "TX",
      "zip": "77375",
      "country": "US"
    },
    "employee_reviews": [
      {
        "additionalRatings": [
          {}
        ],
        "source": "KUNUNU"
      }
    ]
  },
  {
    "organization_name": "Waterford Tower Silver Spring, LLC",
    "mailAddr": {
      "street1": "14000 Castle Boulevard",
      "city": "Silver Spring",
      "state": "MD",
      "zip": "20904",
      "country": "US"
    },
    "employee_reviews": [
      {
        "additionalRatings": [
          {}
        ],
        "source": "KUNUNU"
      }
    ]
  },
  {
    "organization_name": "ValCap Group, LLC",
    "mailAddr": {
      "street1": "1110 El Camino Village Drive",
      "city": "Houston",
      "state": "TX",
      "zip": "77058",
      "country": "US"
    },
    "employee_reviews": [
      {
        "additionalRatings": [
          {}
        ],
        "source": "KUNUNU"
      }
    ]
  },
  {
    "organization_name": "Litpak Management, LLC",
    "mailAddr": {
      "street1": "4825 Eastwood Street",
      "city": "Wichita",
      "state": "KS",
      "zip": "67218",
      "country": "US"
    },
    "employee_reviews": [
      {
        "additionalRatings": [
          {}
        ],
        "source": "KUNUNU"
      }
    ]
  },
  {
    "organization_name": "IMCS of Houston, Inc.",
    "mailAddr": {
      "street1": "4201 FM 1960 West",
      "city": "Houston",
      "state": "TX",
      "zip": "77068",
      "country": "US"
    },
    "employee_reviews": [
      {
        "additionalRatings": [
          {}
        ],
        "source": "KUNUNU"
      }
    ]
  },
  {
    "organization_name": "Fieldcrest LLC",
    "mailAddr": {
      "street1": "1510 Virginia Avenue",
      "city": "Charlottesville",
      "state": "VA",
      "zip": "22903",
      "country": "US"
    },
    "employee_reviews": [
      {
        "additionalRatings": [
          {}
        ],
        "source": "KUNUNU"
      }
    ]
  },
  {
    "organization_name": "Thrive FP, LLC",
    "mailAddr": {
      "street1": "3203 West Walnut Hill Lane",
      "city": "Irving",
      "state": "TX",
      "zip": "75038",
      "country": "US"
    },
    "employee_reviews": [
      {
        "additionalRatings": [
          {}
        ],
        "source": "KUNUNU"
      }
    ]
  },
  {
    "organization_name": "Adams LaSalle Realty, LLC",
    "mailAddr": {
      "street1": "7250 Arbor Vista Drive",
      "city": "Douglasville",
      "state": "GA",
      "zip": "30134",
      "country": "US"
    },
    "employee_reviews": [
      {
        "reviewer_designation": "Current Employee - Anonymous Employee",
        "review_description": "I have been working at Adams LaSalle Realty full-time (More than 3 years)",
        "review_title": "\"Good Experience\"",
        "pros": "flexibilty, ability to make quite a bit, able to live on site at discounted rate",
        "cons": "You will work holidays since this is more of a retail industry, Pay is ok for young adults maybe not for an establish single adult without additional income. Good for College students",
        "source": "GLASSDOOR"
      },
      {
        "review_rating": "3.0",
        "reviewer_designation": "Property Manager (Current Employee) –  ",
        "job_location": "Houston, TX",
        "review_date": "2018-05-18T00:00:00.000Z",
        "review_title": "Be careful",
        "review_desc": "The company it self is not a bad company. It is a smaller company where a lot of the people have been around for a long time. With this said they have formed bonds that can sometimes be detrimental to a newcomer. People get favoritism often and there are family relationships in the company which makes it difficult to manage. If you are not similar to them you will be an outsider and it will be your downfall. Trust no one and don't tell your personal business or try and make friends. All of this will be used against you.",
        "source": "INDEED"
      },
      {
        "review_rating": "4.0",
        "reviewer_designation": "Assistant Manager (Current Employee) –  ",
        "job_location": "Houston, TX",
        "review_date": "2016-01-06T00:00:00.000Z",
        "review_title": "Productive Work Enviornment",
        "review_desc": "This is a good company that is deadline driven . You are responsible for leasing apartments collection of rent and customer service.",
        "cons": "health care",
        "source": "INDEED"
      },
      {
        "additionalRatings": [
          {}
        ],
        "source": "KUNUNU"
      }
    ]
  },
  {
    "organization_name": "Role Realty LLC",
    "mailAddr": {
      "street1": "20 Harmich Road",
      "city": "South Plainfield",
      "state": "NJ",
      "zip": "07080",
      "country": "US"
    },
    "employee_reviews": [
      {
        "additionalRatings": [
          {}
        ],
        "source": "KUNUNU"
      }
    ]
  },
  {
    "organization_name": "Smokey Dome LLC",
    "mailAddr": {
      "street1": "600 West 300 North",
      "city": "Fairfield",
      "state": "ID",
      "zip": "83322",
      "country": "US"
    },
    "employee_reviews": [
      {
        "additionalRatings": [
          {}
        ],
        "source": "KUNUNU"
      }
    ]
  },
  {
    "organization_name": "Hallmark Homes at Redbank Road, L.P.",
    "mailAddr": {
      "street1": "900 Redbank Road",
      "city": "Goose Creek",
      "state": "SC",
      "zip": "29445",
      "country": "US"
    },
    "employee_reviews": [
      {
        "additionalRatings": [
          {}
        ],
        "source": "KUNUNU"
      }
    ]
  },
  {
    "organization_name": "Chad-Nic Management Services, LLC",
    "mailAddr": {
      "street1": "10708 East 98thTerrace",
      "city": "Kansas City",
      "state": "MO",
      "zip": "64134",
      "country": "US"
    },
    "employee_reviews": [
      {
        "additionalRatings": [
          {}
        ],
        "source": "KUNUNU"
      }
    ]
  },
  {
    "organization_name": "Foundation Communities Inc.",
    "mailAddr": {
      "street1": "2020 South Cooper Street",
      "city": "Arlington",
      "state": "TX",
      "zip": "76013",
      "country": "US"
    },
    "employee_reviews": [
      {
        "reviewer_designation": "Former Employee - Program Assistant",
        "review_description": "I worked at Foundation Communities part-time (More than a year)",
        "review_title": "\"Positive Work Experience\"",
        "pros": "I loved working here. There was staff development opportunities and fun activities, and the work was incredibly rewarding.",
        "cons": "Sometimes work was frustrating because it was slightly disorganized, but that comes down to the Manager at your specific program site.",
        "source": "GLASSDOOR"
      },
      {
        "additionalRatings": [
          {}
        ],
        "source": "KUNUNU"
      }
    ]
  },
  {
    "organization_name": "BHI-SEI Amberleigh LLC",
    "mailAddr": {
      "street1": "7236 East Brainerd Road",
      "city": "Chattanooga",
      "state": "TN",
      "zip": "37421",
      "country": "US"
    },
    "employee_reviews": [
      {
        "additionalRatings": [
          {}
        ],
        "source": "KUNUNU"
      }
    ]
  },
  {
    "organization_name": "Miami Baldwin, LLC",
    "mailAddr": {
      "street1": "17830 Baldwin Farms Place",
      "city": "Robertsdale",
      "state": "AL",
      "zip": "36567",
      "country": "US"
    },
    "employee_reviews": [
      {
        "additionalRatings": [
          {}
        ],
        "source": "KUNUNU"
      }
    ]
  },
  {
    "organization_name": "Harbourside Grande Crossings, LLC",
    "mailAddr": {
      "street1": "18167 US Highway 19 North",
      "city": "Clearwater",
      "state": "FL",
      "zip": "33764",
      "country": "US"
    },
    "employee_reviews": [
      {
        "additionalRatings": [
          {}
        ],
        "source": "KUNUNU"
      }
    ]
  },
  {
    "organization_name": "Lighthouse City Line, LLC",
    "mailAddr": {
      "street1": "155 Mytilene Drive",
      "city": "Newport News",
      "state": "VA",
      "zip": "23605",
      "country": "US"
    },
    "employee_reviews": [
      {
        "additionalRatings": [
          {}
        ],
        "source": "KUNUNU"
      }
    ]
  },
  {
    "organization_name": "Overlook at Caison's Creek",
    "mailAddr": {
      "street1": "Highway 130 Seashore Drive",
      "city": "Supply",
      "state": "NC",
      "zip": "28462",
      "country": "US"
    },
    "employee_reviews": [
      {
        "additionalRatings": [
          {}
        ],
        "source": "KUNUNU"
      }
    ]
  },
  {
    "organization_name": "Charter Square Investors, LLC",
    "mailAddr": {
      "street1": "6427 Grelot Road",
      "city": "Mobile",
      "state": "AL",
      "zip": "36695",
      "country": "US"
    },
    "employee_reviews": [
      {
        "additionalRatings": [
          {}
        ],
        "source": "KUNUNU"
      }
    ]
  },
  {
    "organization_name": "Community Development Trust, LP",
    "mailAddr": {
      "street1": "7414 E. Grand Ave",
      "city": "Dallas",
      "state": "TX",
      "zip": "75214",
      "country": "US"
    },
    "employee_reviews": [
      {
        "source": "GLASSDOOR"
      },
      {
        "additionalRatings": [
          {}
        ],
        "source": "KUNUNU"
      }
    ]
  },
  {
    "organization_name": "Ivey Gardens LLC",
    "mailAddr": {
      "street1": "84 Ash Street",
      "city": "Willimantic",
      "state": "CT",
      "zip": "06226",
      "country": "US"
    },
    "employee_reviews": [
      {
        "additionalRatings": [
          {}
        ],
        "source": "KUNUNU"
      }
    ]
  },
  {
    "organization_name": "Banyan Equity Management, LLC",
    "mailAddr": {
      "street1": "2800 Nasa Pkwy",
      "city": "Seabrook",
      "state": "TX",
      "zip": "77586",
      "country": "US"
    },
    "employee_reviews": [
      {
        "additionalRatings": [
          {}
        ],
        "source": "KUNUNU"
      }
    ]
  },
  {
    "organization_name": "Karishma Chandni Venture Inc",
    "mailAddr": {
      "street1": "412 Highway 70 West",
      "city": "Ruidoso",
      "state": "NM",
      "zip": "88345",
      "country": "US"
    },
    "employee_reviews": [
      {
        "additionalRatings": [
          {}
        ],
        "source": "KUNUNU"
      }
    ]
  },
  {
    "organization_name": "RH Ascot Watertown LLC",
    "mailAddr": {
      "street1": "540 Gadsden Highway",
      "city": "Birmingham",
      "state": "AL",
      "zip": "35235",
      "country": "US"
    },
    "employee_reviews": [
      {
        "additionalRatings": [
          {}
        ],
        "source": "KUNUNU"
      }
    ]
  },
  {
    "organization_name": "New Aspen Management, LLC",
    "mailAddr": {
      "street1": "2525 Players Court",
      "city": "Dallas",
      "state": "TX",
      "zip": "75287",
      "country": "US"
    },
    "employee_reviews": [
      {
        "additionalRatings": [
          {}
        ],
        "source": "KUNUNU"
      }
    ]
  },
  {
    "organization_name": "Lake Park Pearland Ltd",
    "mailAddr": {
      "street1": "1555 Cullen Blvd",
      "city": "Pearland",
      "state": "TX",
      "zip": "77581",
      "country": "US"
    },
    "employee_reviews": [
      {
        "additionalRatings": [
          {}
        ],
        "source": "KUNUNU"
      }
    ]
  },
  {
    "organization_name": "Chris & Nadia Hionides",
    "mailAddr": {
      "street1": "3675 San Pablo Parkway",
      "city": "Jacksonville",
      "state": "FL",
      "zip": "32224",
      "country": "US"
    },
    "employee_reviews": [
      {
        "additionalRatings": [
          {}
        ],
        "source": "KUNUNU"
      }
    ]
  },
  {
    "organization_name": "Harold Menzies, Inc.",
    "mailAddr": {
      "street1": "4041 Geary Boulevard",
      "city": "San Francisco",
      "state": "CA",
      "zip": "94118",
      "country": "US"
    },
    "employee_reviews": [
      {
        "additionalRatings": [
          {}
        ],
        "source": "KUNUNU"
      }
    ]
  },
  {
    "organization_name": "Alves Properties Inc",
    "mailAddr": {
      "street1": "1312-1318 East 16th Street",
      "city": "Tulsa",
      "state": "OK",
      "zip": "74120",
      "country": "US"
    },
    "employee_reviews": [
      {
        "additionalRatings": [
          {}
        ],
        "source": "KUNUNU"
      }
    ]
  },
  {
    "organization_name": "LL Camille, LLC",
    "mailAddr": {
      "street1": "81 Camille Drive",
      "city": "El Paso",
      "state": "TX",
      "zip": "79912",
      "country": "US"
    },
    "employee_reviews": [
      {
        "additionalRatings": [
          {}
        ],
        "source": "KUNUNU"
      }
    ]
  },
  {
    "organization_name": "Southport Financial Services, Inc.",
    "mailAddr": {
      "street1": "1000 Ponderosa Place",
      "city": "Dalton",
      "state": "GA",
      "zip": "30720",
      "country": "US"
    },
    "employee_reviews": [
      {
        "additionalRatings": [
          {}
        ],
        "source": "KUNUNU"
      }
    ]
  },
  {
    "organization_name": "6040 Belpree Road, LLC",
    "mailAddr": {
      "street1": "6040 Belpree Road",
      "city": "Amarillo",
      "state": "TX",
      "zip": "79106",
      "country": "US"
    },
    "employee_reviews": [
      {
        "additionalRatings": [
          {}
        ],
        "source": "KUNUNU"
      }
    ]
  },
  {
    "organization_name": "S&K Worldwide Realty, LLC",
    "mailAddr": {
      "street1": "15188 Park of Commerce Boulevard",
      "city": "Jupiter",
      "state": "FL",
      "zip": "33478",
      "country": "US"
    },
    "employee_reviews": [
      {
        "additionalRatings": [
          {}
        ],
        "source": "KUNUNU"
      }
    ]
  },
  {
    "organization_name": "Volunteer Management & Development",
    "mailAddr": {
      "street1": "800 Cleveland Avenue",
      "city": "Glasgow",
      "state": "KY",
      "zip": "42141",
      "country": "US"
    },
    "employee_reviews": [
      {
        "additionalRatings": [
          {}
        ],
        "source": "KUNUNU"
      }
    ]
  },
  {
    "organization_name": "GFI Capital Group",
    "mailAddr": {
      "street1": "101 Spring Lakes Drive",
      "city": "Savannah",
      "state": "GA",
      "zip": "31407",
      "country": "US"
    },
    "employee_reviews": [
      {
        "reviewer_designation": "Current Employee - Anonymous Employee",
        "review_description": "I have been working at GFI Capital Resources Group full-time (More than 5 years)",
        "review_title": "\"Great Place to start your career and development\"",
        "pros": "Great place to work, very professional and inviting environment to work.",
        "cons": "Location far in Wall Street",
        "source": "GLASSDOOR"
      },
      {
        "review_rating": "5.0",
        "reviewer_designation": "Senior Payroll Associate (Current Employee) –  ",
        "job_location": "Wall Street, NY",
        "review_date": "2017-06-22T00:00:00.000Z",
        "review_title": "Great place to work",
        "review_desc": "Its a very family oriented with a vision for the future. Amazing where this company is heading for the future. Great place to work and to learn about the Real Estate business.",
        "source": "INDEED"
      },
      {
        "review_rating": "2.0",
        "reviewer_designation": "Temp (Former Employee) –  ",
        "job_location": "New York, NY",
        "review_date": "2018-10-25T00:00:00.000Z",
        "review_title": "Great office party venues",
        "review_desc": "Not the best work culture and poor management. Very religious and it wasn't a female friendly environment. When the weather is bad the senior staff and executives would leave early but the rest of the employees would have to stay the entire day and travel home in dangerous weather conditions.",
        "source": "INDEED"
      },
      {
        "review_rating": "5.0",
        "reviewer_designation": "Internship (Former Employee) –  ",
        "job_location": "NYC, NY",
        "review_date": "2017-03-29T00:00:00.000Z",
        "review_title": "Entrepreneurial environment",
        "review_desc": "Great company with a very entrepreneurial culture... they focus on all areas of real estate and own properties nationwide... there is a brokerage and asset management division as well..",
        "source": "INDEED"
      },
      {
        "review_rating": "3.0",
        "reviewer_designation": "Chief Technology Officer (Current Employee) –  ",
        "job_location": "New York, NY",
        "review_date": "2017-03-24T00:00:00.000Z",
        "review_title": "Pending",
        "review_desc": "This section will be filled out at a later time when i feel it's appropriate to discuss my current employer and the manner in which the company is run. The END",
        "source": "INDEED"
      },
      {
        "review_rating": "5.0",
        "reviewer_designation": "Legal Assistant (Former Employee) –  ",
        "job_location": "New York, NY",
        "review_date": "2014-10-09T00:00:00.000Z",
        "review_title": "Good Job",
        "review_desc": "Bright minds, busy work environment, a lot of diverse business taking place.",
        "pros": "Great Cafeteria",
        "cons": "FiDi",
        "source": "INDEED"
      },
      {
        "review_rating": "4.0",
        "reviewer_designation": "Maintenance (Former Employee) –  ",
        "job_location": "Plantation, FL",
        "review_date": "2014-06-05T00:00:00.000Z",
        "review_title": "The hardest part of the job",
        "review_desc": "We work very hard, in every sense of the word. Working with residents is delicate and constant.",
        "source": "INDEED"
      },
      {
        "review_rating": "5.0",
        "reviewer_designation": "ADMINISTRATIVE ASSISTANT (Former Employee) –  ",
        "job_location": "New York, NY",
        "review_date": "2013-01-02T00:00:00.000Z",
        "review_title": "Handled database research and entry for HR",
        "review_desc": "I was an intern, and had flexible hours. I would start at 10 and leave at 3, usually. I had little interaction with coworkers, but answered to the HR Head, as well as the IT Manager at this company. I was shown how to successfully build up their company client database by searching through all their other company databases.",
        "source": "INDEED"
      },
      {
        "additionalRatings": [
          {}
        ],
        "source": "KUNUNU"
      }
    ]
  },
  {
    "organization_name": "Rich Properties LLC",
    "mailAddr": {
      "street1": "1865-1895 Bella Vista Way",
      "city": "Port Saint Lucie",
      "state": "FL",
      "zip": "34952",
      "country": "US"
    },
    "employee_reviews": [
      {
        "review_rating": "5.0",
        "reviewer_designation": "Maintenance Worker (Former Employee) –  ",
        "job_location": "Tallahassee, FL",
        "review_date": "2018-10-27T00:00:00.000Z",
        "review_title": "Class A property, gated community",
        "review_desc": "This property was one of the best, the lay out, Landscaping, pool area, club house, Floor plans, the residence the atmosphere, available garages, security gate at front of property.",
        "pros": "Coffee and snacks all day",
        "cons": "Not enough golf carts to go around",
        "source": "INDEED"
      },
      {
        "review_rating": "5.0",
        "reviewer_designation": "Leasing Consultant (Former Employee) –  ",
        "job_location": "West Palm Beach, FL",
        "review_date": "2017-06-12T00:00:00.000Z",
        "review_title": "Great place to work",
        "review_desc": "Great place to work. Good, small company. Like all places, some managers are bad but some are great. Corporate is friendly and nice, always says hi when they come in.",
        "pros": "don't have to work 50 hours a week, room for advancement, paid time off",
        "cons": "bonuses are hard to get",
        "source": "INDEED"
      },
      {
        "review_rating": "1.0",
        "reviewer_designation": "maintenance (Former Employee) –  ",
        "job_location": "Florida",
        "review_date": "2017-04-13T00:00:00.000Z",
        "review_title": "worst company I ever work for !!!!!!!!",
        "review_desc": "A lot of family members run the properties and they don't know what they're doing......not Organize no material...They don't pay overtime for your on-call hours.....",
        "pros": "they Supply bottles of water",
        "cons": "everything....run and don't look back from this company",
        "source": "INDEED"
      },
      {
        "review_rating": "2.0",
        "reviewer_designation": "Maintenance Technician (Former Employee) –  ",
        "job_location": "West Palm Beach, FL",
        "review_date": "2016-12-02T00:00:00.000Z",
        "review_title": "property that needs alot of work",
        "review_desc": "clean office and grounds complete work orders make apartments move in ready make sure all exit signs and exterior lights work well and replace if neccessary",
        "pros": "discount rate living on property",
        "source": "INDEED"
      },
      {
        "review_rating": "5.0",
        "reviewer_designation": "Leasing Consultant (Current Employee) –  ",
        "job_location": "Port Saint Lucie, FL",
        "review_date": "2016-08-16T00:00:00.000Z",
        "review_title": "excellent place to work",
        "review_desc": "Excellent company to work for! Also a great place to live (Bella Vista), The staff and residents are both like family. I would recommend this company and community!",
        "pros": "Great Training",
        "cons": "no health insurance",
        "source": "INDEED"
      },
      {
        "additionalRatings": [
          {}
        ],
        "source": "KUNUNU"
      }
    ]
  },
  {
    "organization_name": "Gator Apartment Investors, LLC",
    "mailAddr": {
      "street1": "3461 SW 2nd Avenue",
      "city": "Gainesville",
      "state": "FL",
      "zip": "32607",
      "country": "US"
    },
    "employee_reviews": [
      {
        "additionalRatings": [
          {}
        ],
        "source": "KUNUNU"
      }
    ]
  },
  {
    "organization_name": "SCR Partners LP",
    "mailAddr": {
      "street1": "7601-7790 Couty Road 2193",
      "city": "Whitehouse",
      "state": "TX",
      "zip": "75791",
      "country": "US"
    },
    "employee_reviews": [
      {
        "additionalRatings": [
          {}
        ],
        "source": "KUNUNU"
      }
    ]
  },
  {
    "organization_name": "Artisan Capital Group",
    "mailAddr": {
      "street1": "2415 Oxford Lane Northwest",
      "city": "Cedar Rapids",
      "state": "IA",
      "zip": "52405",
      "country": "US"
    },
    "employee_reviews": [
      {
        "additionalRatings": [
          {}
        ],
        "source": "KUNUNU"
      }
    ]
  },
  {
    "organization_name": "SLH Property Management & Services, Inc.",
    "mailAddr": {
      "street1": "3603-3697 W. Waters Ave",
      "city": "Tampa",
      "state": "FL",
      "zip": "33614",
      "country": "US"
    },
    "employee_reviews": [
      {
        "additionalRatings": [
          {}
        ],
        "source": "KUNUNU"
      }
    ]
  },
  {
    "organization_name": "Investors Management Company of Valdosta, Inc.",
    "mailAddr": {
      "street1": "1000 F Baker Highway",
      "city": "Douglas",
      "state": "GA",
      "zip": "31533",
      "country": "US"
    },
    "employee_reviews": [
      {
        "additionalRatings": [
          {}
        ],
        "source": "KUNUNU"
      }
    ]
  },
  {
    "organization_name": "WhiteRock Realty Solutions, Inc.",
    "mailAddr": {
      "street1": "1957-2051 East Florence Avenue",
      "city": "Huntington Park",
      "state": "CA",
      "zip": "90255",
      "country": "US"
    },
    "employee_reviews": [
      {
        "additionalRatings": [
          {}
        ],
        "source": "KUNUNU"
      }
    ]
  },
  {
    "organization_name": "Candia West Bay, LLC",
    "mailAddr": {
      "street1": "801 West Bay Drive",
      "city": "Largo",
      "state": "FL",
      "zip": "33770",
      "country": "US"
    },
    "employee_reviews": [
      {
        "additionalRatings": [
          {}
        ],
        "source": "KUNUNU"
      }
    ]
  },
  {
    "organization_name": "Cazabella, LLC",
    "mailAddr": {
      "street1": "720 Southwest 34th Street",
      "city": "Gainesville",
      "state": "FL",
      "zip": "32607",
      "country": "US"
    },
    "employee_reviews": [
      {
        "additionalRatings": [
          {}
        ],
        "source": "KUNUNU"
      }
    ]
  },
  {
    "organization_name": "Charleston-Hawthorne LLC",
    "mailAddr": {
      "street1": "2402 North Ben Wilson Street",
      "city": "Victoria",
      "state": "TX",
      "zip": "77901",
      "country": "US"
    },
    "employee_reviews": [
      {
        "additionalRatings": [
          {}
        ],
        "source": "KUNUNU"
      }
    ]
  },
  {
    "organization_name": "Spaces Management",
    "mailAddr": {
      "street1": "1901 5th Avenue East",
      "city": "Tuscaloosa",
      "state": "AL",
      "zip": "35401",
      "country": "US"
    },
    "employee_reviews": [
      {
        "reviewer_designation": "Current Employee - Anonymous Employee",
        "review_description": "I have been working at Spaces Management full-time (Less than a year)",
        "review_title": "\"An employee friendly company\"",
        "pros": "Competitive salary, PTO, holiday pay",
        "cons": "Not many cons, as long as you’re doing what’s expected of you.",
        "advice_to_management": "Keep doing what your doing",
        "source": "GLASSDOOR"
      },
      {
        "review_rating": "3.0",
        "reviewer_designation": "Custodian (Former Employee) –  ",
        "job_location": "Fairborn, OH",
        "review_date": "2017-09-06T00:00:00.000Z",
        "review_title": "only if you love cleaning",
        "review_desc": "taking out trash and cleaning restrooms gets old really fast. the only reason I stayed there as long as I did was for me to find another job with better hours and a better pay rate",
        "source": "INDEED"
      },
      {
        "review_rating": "2.0",
        "reviewer_designation": "Commercial Cleaner (Former Employee) –  ",
        "job_location": "Dayton, OH",
        "review_date": "2018-11-06T00:00:00.000Z",
        "review_title": "Not what I expected",
        "review_desc": "It was great to be on such a large team in the building so that you were able to focus on just your assignment. Some of the supervisors are extremely unprofessional, and if you are not their \"friend\", then you get treated in a very poor manner.",
        "pros": "Laid back, very easy job",
        "cons": "High school like behavior.",
        "source": "INDEED"
      },
      {
        "review_rating": "2.0",
        "reviewer_designation": "Custodian (Current Employee) –  ",
        "job_location": "Dayton, OH",
        "review_date": "2017-10-10T00:00:00.000Z",
        "review_title": "didn't like the management liked coworkers",
        "review_desc": "i dislike working for space management because they do not pay their employees what they are worth. i enjoyed working with co workers but did not get on with my manager.",
        "source": "INDEED"
      },
      {
        "review_rating": "5.0",
        "reviewer_designation": "Housekeeping Supervisor (Current Employee) –  ",
        "job_location": "Dayton, OH",
        "review_date": "2015-07-16T00:00:00.000Z",
        "review_title": "Stress free work place",
        "review_desc": "I clean, make sure the crew was dong their job to company standards, kept up with inventory and payroll. Anything that wasn't up to standards I either notified the crew or took care of myself. I had a great team everyone gets an A+. I learned how to be even more flexible with my work schedule to suit everyone's needs. I really don't have a hard day. It's a small company so when you get to know everyone you it's like a family.",
        "pros": "fast past, stress free work place.",
        "cons": "no medical insurance for part timers.",
        "source": "INDEED"
      },
      {
        "review_rating": "3.0",
        "reviewer_designation": "Vice President / Operations Manager (Current Employee) –  ",
        "job_location": "Dayton, OH",
        "review_date": "2015-06-01T00:00:00.000Z",
        "review_title": "No longer in business",
        "review_desc": "My years here were great but since the property had been sold off and hotel is no longer in business. Overall great place though",
        "source": "INDEED"
      },
      {
        "review_rating": "5.0",
        "reviewer_designation": "Operations manager (Former Employee) –  ",
        "job_location": "Dayton, OH",
        "review_date": "2013-09-16T00:00:00.000Z",
        "review_title": "very nice place to work, was just part time",
        "review_desc": "just wish it was full time, the CEO was a very nice man to work for.",
        "source": "INDEED"
      },
      {
        "review_rating": "1.0",
        "reviewer_designation": "Supervisor/Cleaning Crew (Former Employee) –  ",
        "job_location": "Dayton, OH",
        "review_date": "2013-03-18T00:00:00.000Z",
        "review_title": "not a good work place",
        "review_desc": "never really meet management, co-workers were great, not enough employees for job, teamwork",
        "source": "INDEED"
      },
      {
        "review_rating": "5.0",
        "reviewer_designation": "Housekeeper (Current Employee) –  ",
        "job_location": "Dayton, OH",
        "review_date": "2012-08-03T00:00:00.000Z",
        "review_title": "A day at work",
        "review_desc": "When I go into work, i get my keys to the closet and get my cleaning supplies together. I have made myself a routine to clean the building to get the most cleaning done i can in my 4 hour shift. I've learned how to properly clean and santize everything. Management is Amazing! The absolute nicest management i have ever dealt with. If there is any problem with something they ask me about it and I explain, they are not rude at all and they let you know to fix whatever was wrong. Considering I work alone on my shift I do not ever deal with co-workers. The hardest part of the job is not calling the person who works before me when they do not do their job. For some reason cleaning becomes a just sit around adn do nothing job for most of the people that work there. I love this job, absolutely love it! I work alone, I do what I have to do and get my job done. I love the fact that the people who work in the emergency building notice that I do my job and compliment me for working hard. That means so much to me.",
        "source": "INDEED"
      }
    ]
  },
  {
    "organization_name": "Dinlas 7070, LLC",
    "mailAddr": {
      "street1": "1035 Comanchee Trail",
      "city": "West Columbia",
      "state": "SC",
      "zip": "29169",
      "country": "US"
    },
    "employee_reviews": [
      {
        "additionalRatings": [
          {}
        ],
        "source": "KUNUNU"
      }
    ]
  },
  {
    "organization_name": "SSIL Woodridge, LLC",
    "mailAddr": {
      "street1": "3421 Foxboro Drive",
      "city": "Woodridge",
      "state": "IL",
      "zip": "60517",
      "country": "US"
    },
    "employee_reviews": [
      {
        "additionalRatings": [
          {}
        ],
        "source": "KUNUNU"
      }
    ]
  },
  {
    "organization_name": "Sparrow Capital Partners, LLC",
    "mailAddr": {
      "street1": "8300 Queenston Boulevard",
      "city": "Houston",
      "state": "TX",
      "zip": "77095",
      "country": "US"
    },
    "employee_reviews": [
      {
        "additionalRatings": [
          {}
        ],
        "source": "KUNUNU"
      }
    ]
  },
  {
    "organization_name": "Gallery Shopping Center LLC",
    "mailAddr": {
      "street1": "4925 University Drive NW",
      "city": "Huntsville",
      "state": "AL",
      "zip": "35816",
      "country": "US"
    },
    "employee_reviews": [
      {
        "additionalRatings": [
          {}
        ],
        "source": "KUNUNU"
      }
    ]
  },
  {
    "organization_name": "Ocean 7 Condominium Association Inc.",
    "mailAddr": {
      "street1": "9501 Collins Avenue",
      "city": "Miami Beach",
      "state": "FL",
      "zip": "33154",
      "country": "US"
    },
    "employee_reviews": [
      {
        "additionalRatings": [
          {}
        ],
        "source": "KUNUNU"
      }
    ]
  },
  {
    "organization_name": "Sierra Fernandez",
    "mailAddr": {
      "street1": "2330-2394 Fruitridge Road",
      "city": "Sacramento",
      "state": "CA",
      "zip": "95822",
      "country": "US"
    },
    "employee_reviews": [
      {
        "additionalRatings": [
          {}
        ],
        "source": "KUNUNU"
      }
    ]
  },
  {
    "organization_name": "Ronex Corporation",
    "mailAddr": {
      "street1": "1-109 Southpoint Drive",
      "city": "Amherst",
      "state": "MA",
      "zip": "01002",
      "country": "US"
    },
    "employee_reviews": [
      {
        "additionalRatings": [
          {}
        ],
        "source": "KUNUNU"
      }
    ]
  },
  {
    "organization_name": "Dockside Threading Inc.",
    "mailAddr": {
      "street1": "425 East 19th Street",
      "city": "Panama City",
      "state": "FL",
      "zip": "32405",
      "country": "US"
    },
    "employee_reviews": [
      {
        "additionalRatings": [
          {}
        ],
        "source": "KUNUNU"
      }
    ]
  },
  {
    "organization_name": "Apartments For Modern Living Realty Enterprises, LLC",
    "mailAddr": {
      "street1": "201 South Matlack Street",
      "city": "West Chester",
      "state": "PA",
      "zip": "19382",
      "country": "US"
    },
    "employee_reviews": [
      {
        "additionalRatings": [
          {}
        ],
        "source": "KUNUNU"
      }
    ]
  },
  {
    "organization_name": "Glen Cove Housing Authority",
    "mailAddr": {
      "street1": "1-4 and 5-8 Mason Drive",
      "city": "Glen Cove",
      "state": "NY",
      "zip": "11542",
      "country": "US"
    },
    "employee_reviews": [
      {
        "additionalRatings": [
          {}
        ],
        "source": "KUNUNU"
      }
    ]
  },
  {
    "organization_name": "Tamco Property Management, LLC",
    "mailAddr": {
      "street1": "400 Barksdale Lane",
      "city": "Shelbyville",
      "state": "TN",
      "zip": "37160",
      "country": "US"
    },
    "employee_reviews": [
      {
        "additionalRatings": [
          {}
        ],
        "source": "KUNUNU"
      }
    ]
  },
  {
    "organization_name": "Aragon Holdings, LLC",
    "mailAddr": {
      "street1": "655 E Minor Dr",
      "city": "Kansas City",
      "state": "MO",
      "zip": "64131",
      "country": "US"
    },
    "employee_reviews": [
      {
        "reviewer_designation": "Former Employee - Associate",
        "review_description": "I worked at Aragon Holdings full-time (More than a year)",
        "review_title": "\"Run, don't walk away\"",
        "pros": "Autonomy and responsibility. Expect to be given as much as you can handle. Nothing is off limits. Free gym membership and paid lunch.",
        "cons": "Terrible leadership. Horrible pay. Passive aggressive bosses who do not know how to properly run a company and seem to spend most of the time drinking. Expect no job advancement or salary bumps. Ask about their past employees... turnover is ridiculously high.",
        "source": "GLASSDOOR"
      },
      {
        "additionalRatings": [
          {}
        ],
        "source": "KUNUNU"
      }
    ]
  },
  {
    "organization_name": "Gatesco Inc",
    "mailAddr": {
      "street1": "1705 Jenkins Road",
      "city": "Pasadena",
      "state": "TX",
      "zip": "77506",
      "country": "US"
    },
    "employee_reviews": [
      {
        "additionalRatings": [
          {}
        ],
        "source": "KUNUNU"
      }
    ]
  },
  {
    "organization_name": "Park Avenue Apartments, LLC",
    "mailAddr": {
      "street1": "3800 NW 79th Terrace",
      "city": "Gainesville",
      "state": "FL",
      "zip": "32606",
      "country": "US"
    },
    "employee_reviews": [
      {
        "reviewer_designation": "Former Employee - Senior Vice President of Client Relations",
        "review_title": "\"Extremely Professional & Honest CEO\"",
        "pros": "I have recently changed careers & took my profession in a completely new direction. I also relocated out of the country. That being said, I no longer am employed by Michael DeRose & Park Avenue Asset Management. However, I wanted to write a review of Michael DeRose and Park Avenue Asset Management describing my opinion of Mr DeRose & Park Avenue. I worked for Michael DeRose & Park Avenue since 2006. Almost 10 years with the firm and with Michael DeRose and his team. The firm is one of the most professional firms I have been involved with over my 20+ year career in the financial industry. Michael DeRose is one of the hardest working people I have know & takes a lot of pride in his company and its employees. He is very fair but firm when demanding honesty, integrity & results fro his brokers / employees. Mike DeRose is also very Honest & dedicated to making sure that Park Avenues clients are serviced properly. The work is not 9-5. As we all know- thats not the way the Investment world works. That being said, Michael DeRose is in the office hours before anyone arrives and hours after everyone leaves. I have worked often 10-12 hour days as well as gone in on Saturday's & Sunday's. Although the hours I choose to work were not required by Michael DeRose, I knew this was a career & I would have to work hard to succeed. Michael DeRose regularly takes Park Avenue to industry trade shows throughout the US & has always brought 3 to 4 of his employees with him to these trade shows. Park Avenue has always covered all expenses from Hotel accommodations, Travel (flight etc.) & all meals on the business trips. Michael DeRose & park Avenue do these trips to give brokers an opportunity to build a larger client base all over the US. Mr. DeRose invests a lot of time & money into his Employees in an attempt to ensure their success in the Industry. Park Avenue is one of the only Firms I know of that covers all expenses when doing these type of shows. I have attending on several occasions the following Retail Investor trade shows with his firm : San Francisco, Florida, Chicago, Texas, Los Angeles, NYC and Vancouver & other trades shows. Michael DeRose & park Avenue even bring some of the Top Money Mangers in its arena to the shows for clients & prospects to be able to meet & attend Educational Seminars put on by the Money mangers. The atmosphere at the office was always a lot of hard work & fun. Michael DeRose is also very generous in taking brokers & employees out to lunch, dinners, drinks, etc.. He treats the entire Organization at Park Avenue Asset Management like family- not just employees. I I truly hope that in my new Career I can be lucky enough to work with people like Michel DeRose & an organization as professional as Park Avenue Asset Mgt.",
        "cons": "A tremendous amount of support, leadership & Hard work. All the tools needed to help brokers succeed. However, you will need to put in long hours & spend a lot of time on the hone If you truly want to succeed in the Financial Industry. Then again- its no different than any other successful firm.",
        "advice_to_management": "Michael DeRose- Continue to only allow Career minded Individuals to work in the firm and help them ensure their own success through hard work & honesty.",
        "source": "GLASSDOOR"
      },
      {
        "additionalRatings": [
          {}
        ],
        "source": "KUNUNU"
      }
    ]
  },
  {
    "organization_name": "Gillingham DC LLC",
    "mailAddr": {
      "street1": "1601 Gillingham Lane",
      "city": "Sugar Land",
      "state": "TX",
      "zip": "77478",
      "country": "US"
    },
    "employee_reviews": [
      {
        "additionalRatings": [
          {}
        ],
        "source": "KUNUNU"
      }
    ]
  },
  {
    "organization_name": "The Palms HOA, Inc.",
    "mailAddr": {
      "street1": "2406 North Ocean Boulevard",
      "city": "Myrtle Beach",
      "state": "SC",
      "zip": "29577",
      "country": "US"
    },
    "employee_reviews": [
      {
        "additionalRatings": [
          {}
        ],
        "source": "KUNUNU"
      }
    ]
  },
  {
    "organization_name": "Drew Groff, Dean Groff, Jaclyn Groff, Stephen Groff Limited Partnership",
    "mailAddr": {
      "street1": "975 Highway A1A Units 101, 103, 104, 105, 108, 109, 110, 111, 113, 215, 216, 218, 220, 221, 222, 223, 229, 230, 231, 335, 336, 337, 442, 443, 444, 445, 446, 449",
      "city": "Satellite Beach",
      "state": "FL",
      "zip": "32937",
      "country": "US"
    },
    "employee_reviews": [
      {
        "additionalRatings": [
          {}
        ],
        "source": "KUNUNU"
      }
    ]
  },
  {
    "organization_name": "Bella Oaks Apts LLC",
    "mailAddr": {
      "street1": "300 Lake Lamond Road",
      "city": "Longview",
      "state": "TX",
      "zip": "75604",
      "country": "US"
    },
    "employee_reviews": [
      {
        "additionalRatings": [
          {}
        ],
        "source": "KUNUNU"
      }
    ]
  },
  {
    "organization_name": "Austin Presidio Residential I, LP",
    "mailAddr": {
      "street1": "13535 Lyndhurst Street",
      "city": "Austin",
      "state": "TX",
      "zip": "78717",
      "country": "US"
    },
    "employee_reviews": [
      {
        "additionalRatings": [
          {}
        ],
        "source": "KUNUNU"
      }
    ]
  },
  {
    "organization_name": "BHI - SEI Summit LLC",
    "mailAddr": {
      "street1": "29950 Summit Drive",
      "city": "Farmington Hills",
      "state": "MI",
      "zip": "48334",
      "country": "US"
    },
    "employee_reviews": [
      {
        "additionalRatings": [
          {}
        ],
        "source": "KUNUNU"
      }
    ]
  },
  {
    "organization_name": "Tomball Plaza LLC",
    "mailAddr": {
      "street1": "27708, 27710, 27714, 27716, 27720, 27722, 27724-26, 27728, 27730, 27732, 27734, 27736, 27738, 27740, 27742, 27744, 27746, 27748/50/54, 277802/06/08, 27816, 27828, 27830 Tomball Parkway",
      "city": "Tomball",
      "state": "TX",
      "zip": "77375",
      "country": "US"
    },
    "employee_reviews": [
      {
        "additionalRatings": [
          {}
        ],
        "source": "KUNUNU"
      }
    ]
  },
  {
    "organization_name": "MBKS, Inc.",
    "mailAddr": {
      "street1": "4815 Garden Ranch Drive",
      "city": "Colorado Springs",
      "state": "CO",
      "zip": "80918",
      "country": "US"
    },
    "employee_reviews": [
      {
        "additionalRatings": [
          {}
        ],
        "source": "KUNUNU"
      }
    ]
  },
  {
    "organization_name": "Peachstone, LLC",
    "mailAddr": {
      "street1": "2000 Austell Road Southwest",
      "city": "Marietta",
      "state": "GA",
      "zip": "30008",
      "country": "US"
    },
    "employee_reviews": [
      {
        "additionalRatings": [
          {}
        ],
        "source": "KUNUNU"
      }
    ]
  },
  {
    "organization_name": "Crums Lane Partners, LLC",
    "mailAddr": {
      "street1": "2009 Crums Lane",
      "city": "Louisville",
      "state": "KY",
      "zip": "40216",
      "country": "US"
    },
    "employee_reviews": [
      {
        "additionalRatings": [
          {}
        ],
        "source": "KUNUNU"
      }
    ]
  },
  {
    "organization_name": "CCC Cornerstone Capital Consulting, Ltd.",
    "mailAddr": {
      "street1": "1601 Weyland Drive",
      "city": "North Richland Hills",
      "state": "TX",
      "zip": "76180",
      "country": "US"
    },
    "employee_reviews": [
      {
        "additionalRatings": [
          {}
        ],
        "source": "KUNUNU"
      }
    ]
  },
  {
    "organization_name": "EMP III, Inc.",
    "mailAddr": {
      "street1": "3105 Nobles Avenue",
      "city": "Charlotte",
      "state": "NC",
      "zip": "28208",
      "country": "US"
    },
    "employee_reviews": [
      {
        "additionalRatings": [
          {}
        ],
        "source": "KUNUNU"
      }
    ]
  },
  {
    "organization_name": "XFD LLC",
    "mailAddr": {
      "street1": "1819 Glenna Goodacre Boulevard",
      "city": "Lubbock",
      "state": "TX",
      "zip": "79401",
      "country": "US"
    },
    "employee_reviews": [
      {
        "additionalRatings": [
          {}
        ],
        "source": "KUNUNU"
      }
    ]
  },
  {
    "organization_name": "AJV Properties, LLC",
    "mailAddr": {
      "street1": "2303 Benson Gardens Boulevard",
      "city": "Omaha",
      "state": "NE",
      "zip": "68134",
      "country": "US"
    },
    "employee_reviews": [
      {
        "additionalRatings": [
          {}
        ],
        "source": "KUNUNU"
      }
    ]
  },
  {
    "organization_name": "Copeland Properties Management, LLC",
    "mailAddr": {
      "street1": "3619 Garrott Street",
      "city": "Houston",
      "state": "TX",
      "zip": "77006",
      "country": "US"
    },
    "employee_reviews": [
      {
        "additionalRatings": [
          {}
        ],
        "source": "KUNUNU"
      }
    ]
  },
  {
    "organization_name": "Avra Properties, LLC",
    "mailAddr": {
      "street1": "2701 44th Street",
      "city": "Lubbock",
      "state": "TX",
      "zip": "79413",
      "country": "US"
    },
    "employee_reviews": [
      {
        "additionalRatings": [
          {}
        ],
        "source": "KUNUNU"
      }
    ]
  },
  {
    "organization_name": "The Residences at River Place, LLC",
    "mailAddr": {
      "street1": "701 & 721 Water Street",
      "city": "Seaford",
      "state": "DE",
      "zip": "19973",
      "country": "US"
    },
    "employee_reviews": [
      {
        "review_rating": "4.0",
        "reviewer_designation": "Resident Care Aide (Former Employee) –  ",
        "job_location": "Spring Hill, FL",
        "review_date": "2018-08-16T00:00:00.000Z",
        "review_title": "Really nice place to work",
        "review_desc": "Nice place to work but you could make more money in a skilled nursing facility with your CNA. The benefits are really nice and there is always overtime to pick up.",
        "pros": "Nice company to work for",
        "cons": "Low pay for CNA",
        "source": "INDEED"
      },
      {
        "review_rating": "4.0",
        "reviewer_designation": "CNA (Current Employee) –  ",
        "job_location": "Spring Hill, FL",
        "review_date": "2018-07-30T00:00:00.000Z",
        "review_title": "Long Term Employees",
        "review_desc": "Great place to work but need to be able to work understaffed in a fast paced facility. New employees are making more money than dedicated long term employees which is great for new hires but discouraging to committed long term employees.. Cheap lunches and extremely nice Nurse Management and Staffing Coordinator. Facility tends to cater to new hires with no work ethics... lots of call offs..which hurts the staff who is committed to TP. Facility needs to look at long term employees pay and show some better appreciation towards them. Residents are super nice. Most employees are very helpful and friendly. A great place to work if you don't have a family to support or need a lot of income. Also they offer a lot of overtime for those who seek extra hours.",
        "pros": "great staff",
        "cons": "pay",
        "source": "INDEED"
      },
      {
        "review_rating": "3.0",
        "reviewer_designation": "LPN Charge Nurse (Current Employee) –  ",
        "job_location": "Spring Hill, FL",
        "review_date": "2018-07-16T00:00:00.000Z",
        "review_title": "Productive place to work",
        "review_desc": "Taking care of my residents is the best part of my day as well as building relationships with my residents. I have learned how to count on myself for whatever I need. We are given the tools and what is expected of us and then we are expected to do our jobs. I do not feel that management backs us up in our jobs so we have to be confident in what we do. The Residence is all about Platinum Service and I enjoy going above and beyond for my residents as well as stepping out of my job to help with whatever needs to be done.",
        "source": "INDEED"
      },
      {
        "review_rating": "5.0",
        "reviewer_designation": "Executive Director (Current Employee) –  ",
        "job_location": "Spring Hill, FL",
        "review_date": "2018-07-14T00:00:00.000Z",
        "review_title": "Great Senior Living Community with Strong Focus on Employee Engagement",
        "review_desc": "The Residence at Timber Pines places as much emphasis on the quality of life for its employees as it does its residents. They have a strong culture of empowerment - providing its team members with the skills necessary to do whatever it takes to exceed the expectations of their residents. The quality of care they provide to their residents is second to none! The quality of the team members they employ is top-notch!",
        "source": "INDEED"
      },
      {
        "review_rating": "5.0",
        "reviewer_designation": "Resident Assistant (Former Employee) –  ",
        "job_location": "Spring Hill, FL",
        "review_date": "2018-02-02T00:00:00.000Z",
        "review_title": "Productive and fun workplace",
        "review_desc": "I worked at Timber Pines for about a year as a Resident Assistant and I could not have had a better experience. The culture there is very organized and professional. I worked with both the assisted and memory care residents. Everyone who works there, at least in my time there, takes pride in their work.The training that I received from both the aides and the nurses was second to none. The facility I work at now has made me miss working for this company. I'm almost to the point of wanting to re-apply because I miss working there so much.",
        "pros": "Great management and benefits",
        "cons": "No cons",
        "source": "INDEED"
      },
      {
        "review_rating": "3.0",
        "reviewer_designation": "CNA/Caregiver (Former Employee) –  ",
        "job_location": "Memorey unit",
        "review_date": "2017-11-07T00:00:00.000Z",
        "review_title": "Helpful co workers..no problems with anyone or anything..",
        "review_desc": "I was always concerned about staff to patient ratio's..beautiful enviroment..with piano I would occasionally play for everyone....helpful staff..all good..cheerful workers..excellent food services..",
        "pros": "Nice people to work with",
        "cons": "Just client safty",
        "source": "INDEED"
      },
      {
        "review_rating": "4.0",
        "reviewer_designation": "Dishwasher/Food Prep (Current Employee) –  ",
        "job_location": "Spring Hill, FL",
        "review_date": "2017-05-02T00:00:00.000Z",
        "review_title": "Good workplace, good experience",
        "review_desc": "Great job but sometimes coworkers cause unnecessary stress. Just wish it were a bit more organized and so many people didnt call out, making it harder on others.",
        "pros": "Free lunches, own pace",
        "source": "INDEED"
      },
      {
        "review_rating": "4.0",
        "reviewer_designation": "Environmental Service Supervisor Assistant (Current Employee) –  ",
        "job_location": "Spring Hill, FL",
        "review_date": "2017-04-25T00:00:00.000Z",
        "review_title": "family oriented",
        "review_desc": "Family oriented, Friendly staff and management. AFfordable lunches. Team environment with advancement opportunities. Majority of the staff has been there 10 years or longer.",
        "source": "INDEED"
      },
      {
        "review_rating": "3.0",
        "reviewer_designation": "CNA - Certified Nursing Assistant (Former Employee) –  ",
        "job_location": "Spring Hill, FL",
        "review_date": "2017-01-03T00:00:00.000Z",
        "review_title": "Would not reccomend for guests/residents",
        "review_desc": "Saw abuse right in front of me and brought it to managements attention and did nothing time and time again from the same nurse who would bully not only residents but employees.",
        "source": "INDEED"
      },
      {
        "review_rating": "5.0",
        "reviewer_designation": "Server for over a year (Former Employee) –  ",
        "job_location": "Spring Hill, FL",
        "review_date": "2016-11-25T00:00:00.000Z",
        "review_title": "productive",
        "review_desc": "Very on task work place always pleasing the residence. Always productive. Never off task. Never unhappy about anything,",
        "source": "INDEED"
      },
      {
        "review_rating": "4.0",
        "reviewer_designation": "Waitress (Former Employee) –  ",
        "job_location": "Spring Hill, FL",
        "review_date": "2016-08-11T00:00:00.000Z",
        "review_title": "Overview",
        "review_desc": "Timber Pines was an amazing place to work.I loved being around the environment and the people. Everybody there was amazing. I was honored to be able to work at such a great place!",
        "source": "INDEED"
      },
      {
        "review_rating": "2.0",
        "reviewer_designation": "server (Current Employee) –  ",
        "job_location": "Spring Hill, FL",
        "review_date": "2016-06-02T00:00:00.000Z",
        "review_title": "The dietary department is great for high schoolers",
        "review_desc": "The kitchen staff is great aimed more towards high school age. Very accommodating when it comes to a strict schedule. The job is very easy. The dining room is opened for breakfast lunch and dinner",
        "source": "INDEED"
      },
      {
        "review_rating": "5.0",
        "reviewer_designation": "Escort Residents to Appointments (Former Employee) –  ",
        "job_location": "Spring Hill, FL",
        "review_date": "2015-02-04T00:00:00.000Z",
        "review_title": "Enjoy working with residents. There were lots of activities to do with the residents.",
        "review_desc": "Check in to work and get list of resident I was to care for on my shift. At meal time residents work ring when they were ready and we would run around and take them to their location for meals and do the same after meal time. After dinner would go around and help 4 to 5 people with showers and then help others to get ready for bed. Some would ring for assistants with different activities. We were there for their needs. We worked as a team.",
        "pros": "Meals were only $1 for employee's.",
        "cons": "Breaks were short and not always taken at time scheduled.",
        "source": "INDEED"
      },
      {
        "review_rating": "3.0",
        "reviewer_designation": "CNA (Former Employee) –  ",
        "job_location": "Florida",
        "review_date": "2014-12-27T00:00:00.000Z",
        "review_title": "a nice place to work sort of",
        "review_desc": "Its a beautiful place, like a hotel actually. Nice clients too.. But too much gossip that the administration actually believes which is crazy. They don't listen much to the complaints either, one ear over the other.",
        "pros": "cheap lunches, nice facility, good coworkers",
        "cons": "scheduling is always a problem, you pay for your insurance, understaffed which is very unsafe (again this is a problem from the scheduling department",
        "source": "INDEED"
      },
      {
        "review_rating": "5.0",
        "reviewer_designation": "Server (Former Employee) –  ",
        "job_location": "Spring Hill, FL",
        "review_date": "2014-10-18T00:00:00.000Z",
        "review_title": "Great place to work",
        "review_desc": "With this job, being my first job, I was able to actually put my abilities to the test and always do really well at this establishment. My efforts were usually noticed and praised which was a plus. I worked with a lot of other people my age which was nice. I enjoyed working with the elderly and the fact that the dining room was set up restaurant-style, it sort of prepared us for what it would be like to be a server in a high-volume environment. Pay, benefits, job stability, commute, and flexibility were all great. Practically the perfect first job.",
        "source": "INDEED"
      },
      {
        "review_rating": "5.0",
        "reviewer_designation": "Receptionist (Current Employee) –  ",
        "job_location": "Spring Hill, Fl",
        "review_date": "2014-01-02T00:00:00.000Z",
        "review_title": "Enjoyable workplace",
        "review_desc": "Co-workers are easy to get along with. Residents are nice and respectful people",
        "source": "INDEED"
      },
      {
        "review_rating": "5.0",
        "reviewer_designation": "Medication Tech / CNA (Former Employee) –  ",
        "job_location": "Spring Hill, FL",
        "review_date": "2013-07-12T00:00:00.000Z",
        "review_title": "I worked on the Alzheimer Unit as a Medication Tech / CNA",
        "review_desc": "My responsibilities were patients medications and providing personal care as well as emotional care to a 40 Unit Alzheimer wing",
        "pros": "The patients",
        "source": "INDEED"
      },
      {
        "review_rating": "5.0",
        "reviewer_designation": "Server (Former Employee) –  ",
        "job_location": "Spring Hill, FL",
        "review_date": "2012-10-04T00:00:00.000Z",
        "review_title": "Lots of hours and awesome food",
        "review_desc": "-Prepare, serve, buss, dishes, set-up, and again :) -I learned a lot about food and waitressing -The management was the best. -My co-workers were awesome. -Hardest part was getting to know the residence and then they leave. -Most enjoyable part was trying the different foods and serving.",
        "source": "INDEED"
      },
      {
        "review_rating": "3.0",
        "reviewer_designation": "CNA (Current Employee) –  ",
        "job_location": "Spring Hill, FL",
        "review_date": "2012-07-25T00:00:00.000Z",
        "review_title": "Great for the residents",
        "review_desc": "patient care is the best due to the hands on you really get to know someone when u are with them everyday! (they become family) the hardest part is loosing one of the.... family members",
        "source": "INDEED"
      },
      {
        "additionalRatings": [
          {}
        ],
        "source": "KUNUNU"
      }
    ]
  },
  {
    "organization_name": "The Ocean View Manor Management Corporation, Inc.",
    "mailAddr": {
      "street1": "3600 S. Oceanshore Blvd.",
      "city": "Flagler Beach",
      "state": "FL",
      "zip": "32136",
      "country": "US"
    },
    "employee_reviews": [
      {
        "additionalRatings": [
          {}
        ],
        "source": "KUNUNU"
      }
    ]
  },
  {
    "organization_name": "Gordon Investments LLC",
    "mailAddr": {
      "street1": "1875 W. Pinhook Road",
      "city": "Lafayette",
      "state": "LA",
      "zip": "70508",
      "country": "US"
    },
    "employee_reviews": [
      {
        "additionalRatings": [
          {}
        ],
        "source": "KUNUNU"
      }
    ]
  },
  {
    "organization_name": "Mahant Hospitality",
    "mailAddr": {
      "street1": "1620 North University",
      "city": "Lafayette",
      "state": "LA",
      "zip": "70506",
      "country": "US"
    },
    "employee_reviews": [
      {
        "additionalRatings": [
          {}
        ],
        "source": "KUNUNU"
      }
    ]
  },
  {
    "organization_name": "New King LLC",
    "mailAddr": {
      "street1": "802 East Cone Buolevard",
      "city": "Greensboro",
      "state": "NC",
      "zip": "27405",
      "country": "US"
    },
    "employee_reviews": [
      {
        "additionalRatings": [
          {}
        ],
        "source": "KUNUNU"
      }
    ]
  },
  {
    "organization_name": "99 WestEdge Owner, LLC",
    "mailAddr": {
      "street1": "99 WestEdge Street",
      "city": "Charleston",
      "state": "SC",
      "zip": "29403",
      "country": "US"
    },
    "employee_reviews": [
      {
        "additionalRatings": [
          {}
        ],
        "source": "KUNUNU"
      }
    ]
  },
  {
    "organization_name": "Zion Associates, LLC",
    "mailAddr": {
      "street1": "2706 Hebron Avenue",
      "city": "Zion",
      "state": "IL",
      "zip": "60099",
      "country": "US"
    },
    "employee_reviews": [
      {
        "additionalRatings": [
          {}
        ],
        "source": "KUNUNU"
      }
    ]
  }
]
