[
  {
    "organization_name": "Greenspun, Helen as Trustee of the Helen Greenspun Trust Dated 6/26/90",
    "mailAddr": {
      "street1": "2001 Glenridge Way",
      "city": "Winter Park",
      "state": "FL",
      "zip": "32792",
      "country": "US"
    },
    "employee_reviews": [
      {
        "additionalRatings": [
          {}
        ],
        "source": "KUNUNU"
      }
    ]
  },
  {
    "organization_name": "Hilton Holdings, LLC",
    "mailAddr": {
      "street1": "12100-12144 Gulf Freeway",
      "city": "Houston",
      "state": "TX",
      "zip": "77034",
      "country": "US"
    },
    "employee_reviews": [
      {
        "additionalRatings": [
          {}
        ],
        "source": "KUNUNU"
      }
    ]
  },
  {
    "organization_name": "Galt Mile Apartments, Inc.",
    "mailAddr": {
      "street1": "3233 Northeast 34th Street",
      "city": "Fort Lauderdale",
      "state": "FL",
      "zip": "33308",
      "country": "US"
    },
    "employee_reviews": [
      {
        "additionalRatings": [
          {}
        ],
        "source": "KUNUNU"
      }
    ]
  },
  {
    "organization_name": "Affordable Southern Homes, Inc.",
    "mailAddr": {
      "street1": "22 Central School Road",
      "city": "Hattiesburg",
      "state": "MS",
      "zip": "39401",
      "country": "US"
    },
    "employee_reviews": [
      {
        "additionalRatings": [
          {}
        ],
        "source": "KUNUNU"
      }
    ]
  },
  {
    "organization_name": "Hotel Stockton Investors, LP",
    "mailAddr": {
      "street1": "133 East Webber Avenue",
      "city": "Stockton",
      "state": "CA",
      "zip": "95202",
      "country": "US"
    },
    "employee_reviews": [
      {
        "additionalRatings": [
          {}
        ],
        "source": "KUNUNU"
      }
    ]
  },
  {
    "organization_name": "Morgan Bond Charlotte, LLC",
    "mailAddr": {
      "street1": "345 Sharon Township Lane",
      "city": "Charlotte",
      "state": "NC",
      "zip": "28211",
      "country": "US"
    },
    "employee_reviews": [
      {
        "additionalRatings": [
          {}
        ],
        "source": "KUNUNU"
      }
    ]
  },
  {
    "organization_name": "Lake Howell Plaza Partnership, LLC",
    "mailAddr": {
      "street1": "5411-5485 Lake Howell Road",
      "city": "Winter Park",
      "state": "FL",
      "zip": "32792",
      "country": "US"
    },
    "employee_reviews": [
      {
        "additionalRatings": [
          {}
        ],
        "source": "KUNUNU"
      }
    ]
  },
  {
    "organization_name": "Orange Valley Plaza LLC",
    "mailAddr": {
      "street1": "14302,14306,14318,14322,14324A,14324B,14326,14328,14302A Valley Boulevard",
      "city": "City of Industry",
      "state": "CA",
      "zip": "91746",
      "country": "US"
    },
    "employee_reviews": [
      {
        "additionalRatings": [
          {}
        ],
        "source": "KUNUNU"
      }
    ]
  },
  {
    "organization_name": "Jose Del C. Gonzalez",
    "mailAddr": {
      "street1": "1550 Alton Street",
      "city": "Aurora",
      "state": "CO",
      "zip": "80010",
      "country": "US"
    },
    "employee_reviews": [
      {
        "additionalRatings": [
          {}
        ],
        "source": "KUNUNU"
      }
    ]
  },
  {
    "organization_name": "BRN Mustang, LLC and PCT Realty Ventures, LLC tenants in common",
    "mailAddr": {
      "street1": "265 Main Street",
      "city": "Agawam",
      "state": "MA",
      "zip": "01001",
      "country": "US"
    },
    "employee_reviews": [
      {
        "additionalRatings": [
          {}
        ],
        "source": "KUNUNU"
      }
    ]
  },
  {
    "organization_name": "Cornell Arms Apartments",
    "mailAddr": {
      "street1": "1230 Pendleton Street",
      "city": "Columbia",
      "state": "SC",
      "zip": "29201",
      "country": "US"
    },
    "employee_reviews": [
      {
        "additionalRatings": [
          {}
        ],
        "source": "KUNUNU"
      }
    ]
  },
  {
    "organization_name": "Quick Blvd Apartments, LP",
    "mailAddr": {
      "street1": "1500 Westwood Drive",
      "city": "Marrero",
      "state": "LA",
      "zip": "70072",
      "country": "US"
    },
    "employee_reviews": [
      {
        "additionalRatings": [
          {}
        ],
        "source": "KUNUNU"
      }
    ]
  },
  {
    "organization_name": "Kamran Pourgol Realty Corp.",
    "mailAddr": {
      "street1": "275 Central Avenue",
      "city": "Lawrence",
      "state": "NY",
      "zip": "11559",
      "country": "US"
    },
    "employee_reviews": [
      {
        "additionalRatings": [
          {}
        ],
        "source": "KUNUNU"
      }
    ]
  },
  {
    "organization_name": "Cambridge Park Apartments, LLC",
    "mailAddr": {
      "street1": "2045 Cambridge Drive",
      "city": "Lexington",
      "state": "KY",
      "zip": "40504",
      "country": "US"
    },
    "employee_reviews": [
      {
        "review_rating": "3.0",
        "reviewer_designation": "Maintenance Technician (Former Employee) –  ",
        "job_location": "Montgomery, AL",
        "review_date": "2016-10-31T00:00:00.000Z",
        "review_title": "Bad excperience",
        "review_desc": "Used me to get caught up and pull electrical permits as needed then laid me off i lived on property them laying me off caused me to lose my apartment and i have a 5 year old son. they didnt care",
        "source": "INDEED"
      },
      {
        "review_rating": "3.0",
        "reviewer_designation": "Maintenance Technician (Former Employee) –  ",
        "job_location": "San Diego, CA",
        "review_date": "2014-10-24T00:00:00.000Z",
        "review_title": "prodvcitive and fun workplace",
        "review_desc": "A good place to work and active, learned how to fix all things in the apartment. Paint all walls curbs and signs ready to turn over the apartment to the new neighbors. Inspect all 550 apartments. Do work orders and go in to the apartment and fix things in the Apartment",
        "source": "INDEED"
      },
      {
        "review_rating": "1.0",
        "reviewer_designation": "Property Manager, (Former Employee) –  ",
        "job_location": "Cincinnati, Ohio (Crescentville road)",
        "review_date": "2012-08-11T00:00:00.000Z",
        "review_title": "Micro Managed, Health risks, unethical business practices",
        "review_desc": "Managed complex for 3 years, owners do not take care of the propety, don't want to invest in property, Pool has a crack, instead of repairing, they just closed it down, Playground was not kept up, no swings, rather than repair it, tear it out. Stairs inside buildings were hazardous and very dimmly lit and filthy. Work orders did not get done if owners did not feel necessary, no hot water, one example of tenant living without a refreigerator. Bedbugs & roaches major problem. Instead of hiring professionals, ordered chemical & asked a tech to administer the spray without knowledge of safety hazards. When they hired subcontractors, they used their services but never paid them. Decks were so rotted, you could step through the wood. Laundry facilities didnot work more than 1/2 of the time, leased equipment that was 20 years old! FIRE SYSTEM not operational in 2 buildings. Many apts without smoke detctors, some residents removed, but owners would not allow new ones to be purchased if needed. All window screens & rear doorscreens removed due to owner would not allow time to rescreen, repair door rollers or latches. Carpet in apts had been flooded with water or sewage. Owners would not replace the carpet, tore it out, tenants lived with cement floors. I could tell you more but I believe you get the picture. Management lives in Michigan and sees the property maybe every six months. Maintenance techs were paid a very low wage, not educated and allowed to not do their job but still get a paycheck. Property needs to be condemended. Charges residents for repairs they did not cause and didn't",
        "pros": "there aren't any!!!!!!!",
        "cons": "apts & grounds not clean, mgmt didn't care about employees or tenants in any way.",
        "source": "INDEED"
      },
      {
        "additionalRatings": [
          {}
        ],
        "source": "KUNUNU"
      }
    ]
  },
  {
    "organization_name": "LPI Key West Associates Ltd",
    "mailAddr": {
      "street1": "2710-2812 North Roosevelt Boulevard",
      "city": "Key West",
      "state": "FL",
      "zip": "33040",
      "country": "US"
    },
    "employee_reviews": [
      {
        "additionalRatings": [
          {}
        ],
        "source": "KUNUNU"
      }
    ]
  },
  {
    "organization_name": "CS CityView, LLC",
    "mailAddr": {
      "street1": "3801 North Meridian Street",
      "city": "Indianapolis",
      "state": "IN",
      "zip": "46208",
      "country": "US"
    },
    "employee_reviews": [
      {
        "additionalRatings": [
          {}
        ],
        "source": "KUNUNU"
      }
    ]
  },
  {
    "organization_name": "Windrift Real Estate Associates",
    "mailAddr": {
      "street1": "335-337 South New Street",
      "city": "Bethlehem",
      "state": "PA",
      "zip": "18015",
      "country": "US"
    },
    "employee_reviews": [
      {
        "additionalRatings": [
          {}
        ],
        "source": "KUNUNU"
      }
    ]
  },
  {
    "organization_name": "City Block Apartments, LLC",
    "mailAddr": {
      "street1": "814 North Third Street",
      "city": "Wilmington",
      "state": "NC",
      "zip": "28401",
      "country": "US"
    },
    "employee_reviews": [
      {
        "additionalRatings": [
          {}
        ],
        "source": "KUNUNU"
      }
    ]
  },
  {
    "organization_name": "DPK, LLC",
    "mailAddr": {
      "street1": "1815 Westmoor Drive",
      "city": "Lapeer",
      "state": "MI",
      "zip": "48446",
      "country": "US"
    },
    "employee_reviews": [
      {
        "review_rating": "4.0",
        "reviewer_designation": "Crew Member (Former Employee) –  ",
        "job_location": "Sun Prairie, WI",
        "review_date": "2018-02-21T00:00:00.000Z",
        "review_title": "A great clean relexing restuarant",
        "review_desc": "I worked here for 4 years. It's a franchise McDonald's.The place is a updated and relaxing ,clean, and respected place by employees, management,and loyal customers.",
        "source": "INDEED"
      },
      {
        "review_rating": "3.0",
        "reviewer_designation": "Crew Trainer/Crew Member (Former Employee) –  ",
        "job_location": "Madison, WI",
        "review_date": "2017-04-16T00:00:00.000Z",
        "review_title": "fast paced fast food",
        "review_desc": "very stressful place to work not enough people scheduled for busy times don't pay the good workers enough not organized very well want you to do more than what your scheduled for",
        "pros": "job experience for people new to the work field",
        "cons": "don't pay enough",
        "source": "INDEED"
      },
      {
        "review_rating": "1.0",
        "reviewer_designation": "Crew (Former Employee) –  ",
        "job_location": "Madison, WI",
        "review_date": "2017-03-08T00:00:00.000Z",
        "review_title": "No job security",
        "review_desc": "DPK has fired many employee's who had worked for them for numerous years. I had seen several Regional Managers who had decades of working for McDonald's who had been fired because the company didn't want to pay such high salaries.",
        "source": "INDEED"
      },
      {
        "additionalRatings": [
          {}
        ],
        "source": "KUNUNU"
      }
    ]
  },
  {
    "organization_name": "Orlando I Associates, LP & Orlando II Associates, LP",
    "mailAddr": {
      "street1": "7528 Park Promenade Drive",
      "city": "Winter Park",
      "state": "FL",
      "zip": "32792",
      "country": "US"
    },
    "employee_reviews": [
      {
        "additionalRatings": [
          {}
        ],
        "source": "KUNUNU"
      }
    ]
  },
  {
    "organization_name": "4739 Durfee LLC",
    "mailAddr": {
      "street1": "4739 & 4741 Durfee Avenue",
      "city": "Pico Rivera",
      "state": "CA",
      "zip": "90660",
      "country": "US"
    },
    "employee_reviews": [
      {
        "additionalRatings": [
          {}
        ],
        "source": "KUNUNU"
      }
    ]
  },
  {
    "organization_name": "Sutton United, LLC",
    "mailAddr": {
      "street1": "6838 Everhart Road",
      "city": "Corpus Christi",
      "state": "TX",
      "zip": "78413",
      "country": "US"
    },
    "employee_reviews": [
      {
        "additionalRatings": [
          {}
        ],
        "source": "KUNUNU"
      }
    ]
  },
  {
    "organization_name": "227 Main St LLC",
    "mailAddr": {
      "street1": "227 Main Street",
      "city": "Huntington",
      "state": "NY",
      "zip": "11743",
      "country": "US"
    },
    "employee_reviews": [
      {
        "additionalRatings": [
          {}
        ],
        "source": "KUNUNU"
      }
    ]
  },
  {
    "organization_name": "Magnolia House Condominium Association, Inc.",
    "mailAddr": {
      "street1": "480 Gulf Shore Drive",
      "city": "Destin",
      "state": "FL",
      "zip": "32541",
      "country": "US"
    },
    "employee_reviews": [
      {
        "additionalRatings": [
          {}
        ],
        "source": "KUNUNU"
      }
    ]
  },
  {
    "organization_name": "R.M. Fountain, Jr.",
    "mailAddr": {
      "street1": "204 Eastbrook Drive",
      "city": "Greenville",
      "state": "NC",
      "zip": "27858",
      "country": "US"
    },
    "employee_reviews": [
      {
        "additionalRatings": [
          {}
        ],
        "source": "KUNUNU"
      }
    ]
  },
  {
    "organization_name": "Sea Breeze Condominiums & Resort Owner's Association Inc",
    "mailAddr": {
      "street1": "1899 Beach Boulevard",
      "city": "Biloxi",
      "state": "MS",
      "zip": "39531",
      "country": "US"
    },
    "employee_reviews": [
      {
        "additionalRatings": [
          {}
        ],
        "source": "KUNUNU"
      }
    ]
  },
  {
    "organization_name": "Waters Edge Resort Homeowners Association",
    "mailAddr": {
      "street1": "1012 North Waccamaw Drive",
      "city": "Murrells Inlet",
      "state": "SC",
      "zip": "29576",
      "country": "US"
    },
    "employee_reviews": [
      {
        "review_rating": "3.0",
        "reviewer_designation": "Massage Technician (Former Employee) –  ",
        "job_location": "old saybrooke",
        "review_date": "2018-11-30T00:00:00.000Z",
        "review_title": "busy",
        "review_desc": "busy place to work its good if you like staying busy and active and making money. nice staff members. nice setting a lttle hectic but I think that's most place",
        "source": "INDEED"
      },
      {
        "review_rating": "2.0",
        "reviewer_designation": "Server/Bartender (Former Employee) –  ",
        "job_location": "Main Restaurant",
        "review_date": "2019-01-23T00:00:00.000Z",
        "review_title": "Very Rude Staff/Employees especially Management think they are better than you",
        "review_desc": "Worked for a few month in the restaurant and thought i was doing well ?? never got a compliment only was told what i was doing wrong ?? We'll teach me the right way MANAGEMENT??????? The woman that runs the restaurant and banquets is very unprofessional and not friendly has her favorites!!! You have to be there for a-least 10 years before you get noticed!! not for me i left!!!",
        "pros": "The View is amazing! Get to work outside and work on my tan!",
        "cons": "Poor Management / Micro Managers/severs gossip and bad mouth the place",
        "source": "INDEED"
      },
      {
        "review_rating": "5.0",
        "reviewer_designation": "Banquet Server (Former Employee) –  ",
        "job_location": "Westbrook, CT",
        "review_date": "2018-08-17T00:00:00.000Z",
        "review_title": "Great company to work for.",
        "review_desc": "Management and fellow employees were a family. We worked together to make sure all events went smoothly. I enjoyed working there so much that I return in the years after to obtain a position again.",
        "source": "INDEED"
      },
      {
        "review_rating": "2.0",
        "reviewer_designation": "Supervisor (Former Employee) –  ",
        "job_location": "Westbrook",
        "review_date": "2018-08-14T00:00:00.000Z",
        "review_title": "Slippery, condescending and poor management",
        "review_desc": "The food and beverage management has a very high turnover of staff. Why? Because they are condescending and treat their staff like peons on a plantation. The people who have been there for any amount of time, work with their heads down, and mouths shut. Very poor workplace culture.",
        "pros": "Nice location",
        "cons": "Management",
        "source": "INDEED"
      },
      {
        "review_rating": "2.0",
        "reviewer_designation": "Barista (Former Employee) –  ",
        "job_location": "Westbrook, CT",
        "review_date": "2018-08-11T00:00:00.000Z",
        "review_title": "Poor resort",
        "review_desc": "Uptight clientele. Minimal diversity especially of races. Fast paced. You need to work quick which effects quality of food. Noticed some customers are racist. No activities other than pool",
        "pros": "Insurance",
        "cons": "Racism, fast paced",
        "source": "INDEED"
      },
      {
        "review_rating": "3.0",
        "reviewer_designation": "Bartender (Current Employee) –  ",
        "job_location": "Westbrook, CT",
        "review_date": "2018-06-01T00:00:00.000Z",
        "review_title": "Stressful, fast paced environment, skills required",
        "review_desc": "Waters Edge Resort & Spa is conveniently located in the heart of \"vacationland\" for many travelers from NY, NJ, MASS, and RI. The work is always fast paced, and not mastering your role early on can hurt you in the long run, due to how busy and stressful the resort can get, especially in the summer months. It can be a very rewarding and beneficial job for some who enjoys fast paced working environments with long hours.",
        "source": "INDEED"
      },
      {
        "review_rating": "3.0",
        "reviewer_designation": "SERVER'S ASSISTANT (Former Employee) –  ",
        "job_location": "Old Saybrook, CT",
        "review_date": "2018-01-12T00:00:00.000Z",
        "review_title": "Fast Paced",
        "review_desc": "Good tips. Good overall atmosphere. Employees enjoyable to work with. Can get stressful from time to time. Discounted amazing food when finished working.",
        "source": "INDEED"
      },
      {
        "review_rating": "3.0",
        "reviewer_designation": "Server/Hostess/cocktailing (Current Employee) –  ",
        "job_location": "Westbrook, CT",
        "review_date": "2017-07-13T00:00:00.000Z",
        "review_title": "good hours",
        "review_desc": "Always busy, I learned a lot about different types of drinks and learned how to interact with all types of different people. the staff there are really nice too",
        "source": "INDEED"
      },
      {
        "review_rating": "2.0",
        "reviewer_designation": "Customer Service Representative (Former Employee) –  ",
        "job_location": "Westbrook, CT",
        "review_date": "2017-04-11T00:00:00.000Z",
        "review_title": "Can be fun at times, clientele up scale yet rude.",
        "review_desc": "I really liked working there in the beginning. A lot of attitudes, it comes from upper management and trickles down. A lot of micromanaging going on.",
        "pros": "The front desk supervisor is amazing!",
        "cons": "The schedule comes out every Friday",
        "source": "INDEED"
      },
      {
        "review_rating": "4.0",
        "reviewer_designation": "DIRECTOR OF SALES AND MARKETING (Former Employee) –  ",
        "job_location": "Westbrook, CT",
        "review_date": "2016-10-13T00:00:00.000Z",
        "review_title": "Large hotel in Hartford Connecticut",
        "review_desc": "Our main client was AETNA Insurance, Guests were very demanding, The hotel had many moving parts and was a busy meeting hotel,",
        "pros": "Downtown location",
        "cons": "Difficult labor pool",
        "source": "INDEED"
      },
      {
        "review_rating": "5.0",
        "reviewer_designation": "Executive Sous Chef (Current Employee) –  ",
        "job_location": "Westbrook, CT",
        "review_date": "2016-05-04T00:00:00.000Z",
        "review_title": "Productive fun work place",
        "review_desc": "Walk into work with a great attitude ready to create and be a part of a great team. Making guests experiences special. A great place to work, learn and grow your career.",
        "source": "INDEED"
      },
      {
        "review_rating": "5.0",
        "reviewer_designation": "Bartender/Server (Current Employee) –  ",
        "job_location": "Westbrook, CT",
        "review_date": "2015-11-18T00:00:00.000Z",
        "review_title": "Good work environment",
        "review_desc": "Good place to work great co-workers, great atmosphere, enjoyed learning new menu items and taking care of guests. I learned a lot about the do's and dont's of food service in an ever changing industry.",
        "source": "INDEED"
      },
      {
        "review_rating": "4.0",
        "reviewer_designation": "Bartender (Former Employee) –  ",
        "job_location": "Westbrook, CT",
        "review_date": "2012-10-14T00:00:00.000Z",
        "review_title": "Challenging environment",
        "review_desc": "Fast paced and interesting work group that takes time getting use to but is very sucessful.",
        "source": "INDEED"
      },
      {
        "review_rating": "3.0",
        "reviewer_designation": "line cook (Former Employee) –  ",
        "job_location": "westbrook ct",
        "review_date": "2012-10-06T00:00:00.000Z",
        "review_title": "my first pladce",
        "review_desc": "where i learned mostly everything i know. worked with some good people learned alot about food, sanitation, banquets, brunches and working a line creating specials and prepping my station",
        "pros": "close to home and people",
        "cons": "it started to go down hill",
        "source": "INDEED"
      }
    ]
  },
  {
    "organization_name": "The Management Emporium",
    "mailAddr": {
      "street1": "2315-2327 3/4 Merton Avenue",
      "city": "Los Angeles",
      "state": "CA",
      "zip": "90041",
      "country": "US"
    },
    "employee_reviews": [
      {
        "additionalRatings": [
          {}
        ],
        "source": "KUNUNU"
      }
    ]
  },
  {
    "organization_name": "Mary Anne Case",
    "mailAddr": {
      "street1": "521A East 85th Street",
      "city": "New York",
      "state": "NY",
      "zip": "10028",
      "country": "US"
    },
    "employee_reviews": [
      {
        "additionalRatings": [
          {}
        ],
        "source": "KUNUNU"
      }
    ]
  },
  {
    "organization_name": "Battlecreek Village Limited Partnership",
    "mailAddr": {
      "street1": "1174 Battlecreek Road",
      "city": "Jonesboro",
      "state": "GA",
      "zip": "30236",
      "country": "US"
    },
    "employee_reviews": [
      {
        "additionalRatings": [
          {}
        ],
        "source": "KUNUNU"
      }
    ]
  },
  {
    "organization_name": "MREF II Waterstone, LLC",
    "mailAddr": {
      "street1": "8649 A C Skinner Pkwy",
      "city": "Jacksonville",
      "state": "FL",
      "zip": "32256",
      "country": "US"
    },
    "employee_reviews": [
      {
        "additionalRatings": [
          {}
        ],
        "source": "KUNUNU"
      }
    ]
  },
  {
    "organization_name": "Waller Ranch LP",
    "mailAddr": {
      "street1": "31200 FM 2920",
      "city": "Waller",
      "state": "TX",
      "zip": "77484",
      "country": "US"
    },
    "employee_reviews": [
      {
        "additionalRatings": [
          {}
        ],
        "source": "KUNUNU"
      }
    ]
  },
  {
    "organization_name": "Zimmer Park, LLC",
    "mailAddr": {
      "street1": "907 Heritage Drive West",
      "city": "Columbus",
      "state": "OH",
      "zip": "43213",
      "country": "US"
    },
    "employee_reviews": [
      {
        "additionalRatings": [
          {}
        ],
        "source": "KUNUNU"
      }
    ]
  },
  {
    "organization_name": "Gold Sardis WL Property, LLC",
    "mailAddr": {
      "street1": "1457 Industrial Park Road",
      "city": "Sardis",
      "state": "MS",
      "zip": "38666",
      "country": "US"
    },
    "employee_reviews": [
      {
        "additionalRatings": [
          {}
        ],
        "source": "KUNUNU"
      }
    ]
  },
  {
    "organization_name": "Leawood RE Holdings, LLC",
    "mailAddr": {
      "street1": "905-988 Leawood Drive",
      "city": "Frankfort",
      "state": "KY",
      "zip": "40601",
      "country": "US"
    },
    "employee_reviews": [
      {
        "additionalRatings": [
          {}
        ],
        "source": "KUNUNU"
      }
    ]
  },
  {
    "organization_name": "Vitae Real Estate Holding LP",
    "mailAddr": {
      "street1": "5609 Cougar Drive",
      "city": "Austin",
      "state": "TX",
      "zip": "78745",
      "country": "US"
    },
    "employee_reviews": [
      {
        "additionalRatings": [
          {}
        ],
        "source": "KUNUNU"
      }
    ]
  },
  {
    "organization_name": "Borgna Real Estate Four LLC",
    "mailAddr": {
      "street1": "251 South Green Valley Parkway, G-23, G-49, G-215, G-226, and G-246",
      "city": "Henderson",
      "state": "NV",
      "zip": "89012",
      "country": "US"
    },
    "employee_reviews": [
      {
        "additionalRatings": [
          {}
        ],
        "source": "KUNUNU"
      }
    ]
  },
  {
    "organization_name": "Lincoln Estates LLC",
    "mailAddr": {
      "street1": "123 1st Avenue",
      "city": "Huntington Station",
      "state": "NY",
      "zip": "11746",
      "country": "US"
    },
    "employee_reviews": [
      {
        "additionalRatings": [
          {}
        ],
        "source": "KUNUNU"
      }
    ]
  },
  {
    "organization_name": "Rebus Capital LLC",
    "mailAddr": {
      "street1": "1612 Avenue Y",
      "city": "Lubbock",
      "state": "TX",
      "zip": "79401",
      "country": "US"
    },
    "employee_reviews": [
      {
        "additionalRatings": [
          {}
        ],
        "source": "KUNUNU"
      }
    ]
  },
  {
    "organization_name": "Marymount Manor LLC",
    "mailAddr": {
      "street1": "1321 Marshall Street",
      "city": "Redwood City",
      "state": "CA",
      "zip": "94063",
      "country": "US"
    },
    "employee_reviews": [
      {
        "review_rating": "4.0",
        "reviewer_designation": "Certified Nurse Assistant (Former Employee) –  ",
        "job_location": "Eureka, MO",
        "review_date": "2018-06-25T00:00:00.000Z",
        "review_title": "Has a lot of potential",
        "review_desc": "Marymount taught me that i want to work with/ take care of people for the rest of my life. It taught me how to put others before myself and to not take life and family for granted.",
        "pros": "taking care of people",
        "cons": "coworkers werent the greatest",
        "source": "INDEED"
      },
      {
        "review_rating": "4.0",
        "reviewer_designation": "Certified Nurses Assistant (Former Employee) –  ",
        "job_location": "Eureka, MO",
        "review_date": "2018-04-06T00:00:00.000Z",
        "review_title": "A great place to learn",
        "review_desc": "Marymount manor was the beginning of my nursing career. They offer CNA classes there at the facility for free and walk you through everything you need to know for any division you are in. The management is always helpful and the employees are great team members.",
        "pros": "always room to learn",
        "cons": "little to no breaks",
        "source": "INDEED"
      },
      {
        "review_rating": "4.0",
        "reviewer_designation": "Dietary Aid (Former Employee) –  ",
        "job_location": "Eureka, MO",
        "review_date": "2018-02-16T00:00:00.000Z",
        "review_title": "Educational workplace",
        "review_desc": "I worked here for a few years and it was my first job. It will always have that family-like atmosphere that will never let me forget being employed here.",
        "source": "INDEED"
      },
      {
        "review_rating": "5.0",
        "reviewer_designation": "CNA - Certified Nursing Assistant (Former Employee) –  ",
        "job_location": "Eureka, MO",
        "review_date": "2018-02-16T00:00:00.000Z",
        "review_title": "Marymount",
        "review_desc": "Great work and great pay. You will go home feeling like you have the best job in the world. You are doing a job that helps so many people out and you will feel great about the job",
        "source": "INDEED"
      },
      {
        "review_rating": "3.0",
        "reviewer_designation": "LPN Charge Nurse/Medical records (Former Employee) –  ",
        "job_location": "Eureka, MO",
        "review_date": "2017-08-07T00:00:00.000Z",
        "review_title": "busy",
        "review_desc": "Not always friendly with scheduling around personal requests, expect staff to say in empty assisted living apartments during possible snow advisories to staff building, without concerns to your personal family.",
        "source": "INDEED"
      },
      {
        "review_rating": "2.0",
        "reviewer_designation": "CMT/CNA - Certified Nursing Assistant (Current Employee) –  ",
        "job_location": "Eureka, MO",
        "review_date": "2017-07-22T00:00:00.000Z",
        "review_title": "Bad mangement",
        "review_desc": "Low pay for the work laid. Over hire cmt and pull them to the floor plus the drop your pay when you work the floor which is 99% of the time. Hire anybody must don't care about the resident. Resident or great bad mangement.",
        "pros": "Friendly staff lots of overtime and great residents",
        "cons": "Bad mangement and low pay",
        "source": "INDEED"
      },
      {
        "review_rating": "1.0",
        "reviewer_designation": "LPN Charge Nurse (Former Employee) –  ",
        "job_location": "Eureka, MO",
        "review_date": "2016-11-09T00:00:00.000Z",
        "review_title": "Poor workplace",
        "review_desc": "Poor leaders who are not educated enough for the positions they hold. favoritism is a problem & serious complaints not addressed. Facility is unkempt & dirty.",
        "source": "INDEED"
      },
      {
        "review_rating": "2.0",
        "reviewer_designation": "Nurses Assistant (Former Employee) –  ",
        "job_location": "Eureka, MO",
        "review_date": "2016-03-28T00:00:00.000Z",
        "review_title": "Residents are great. Staff is lazy",
        "review_desc": "Residents often neglected due to laziness of the staff. Lots of bedsores. Most of my coworkers didnt assist the residents.",
        "source": "INDEED"
      },
      {
        "review_rating": "2.0",
        "reviewer_designation": "CNA - Certified Nursing Assistant (Current Employee) –  ",
        "job_location": "Eureka, MO",
        "review_date": "2015-02-17T00:00:00.000Z",
        "review_title": "productive",
        "review_desc": "Best part of this job is the residents,have some rude nurses to the CNA'S, pay could be better for CNA'S after all they are doing a lot of work..",
        "source": "INDEED"
      },
      {
        "review_rating": "4.0",
        "reviewer_designation": "Certified Nurse Assistant (Former Employee) –  ",
        "job_location": "Eureka, MO",
        "review_date": "2014-11-25T00:00:00.000Z",
        "review_title": "Marymount Manor",
        "review_desc": "I enjoyed my time at Marymount. The staff pulled together when the floors were short staffed which really made the phrase TEAM WORK stand out.",
        "source": "INDEED"
      },
      {
        "review_rating": "5.0",
        "reviewer_designation": "Nurses Aide (Former Employee) –  ",
        "job_location": "Eureka, MO",
        "review_date": "2013-01-07T00:00:00.000Z",
        "review_title": "Hard, physical, long working days",
        "review_desc": "I learned to care for others that could not care for themselves. Management was great. I would assist and dress the elderly that could not do for themselves. I also assisted in feeding. I turned over bedridden patients that were unable to move",
        "source": "INDEED"
      }
    ]
  },
  {
    "organization_name": "Daniel/Rime Patchwork Farms, LLC",
    "mailAddr": {
      "street1": "2300 Reserve Trail",
      "city": "Birmingham",
      "state": "AL",
      "zip": "35243",
      "country": "US"
    },
    "employee_reviews": [
      {
        "additionalRatings": [
          {}
        ],
        "source": "KUNUNU"
      }
    ]
  },
  {
    "organization_name": "9125 Airport Boulevard Ltd",
    "mailAddr": {
      "street1": "7676 North Freeway",
      "city": "Houston",
      "state": "TX",
      "zip": "77037",
      "country": "US"
    },
    "employee_reviews": [
      {
        "additionalRatings": [
          {}
        ],
        "source": "KUNUNU"
      }
    ]
  },
  {
    "organization_name": "SEMCO Investments LLC",
    "mailAddr": {
      "street1": "10316 Leeds Court",
      "city": "Tampa",
      "state": "FL",
      "zip": "33612",
      "country": "US"
    },
    "employee_reviews": [
      {
        "additionalRatings": [
          {}
        ],
        "source": "KUNUNU"
      }
    ]
  },
  {
    "organization_name": "CL Watergate Village LLC",
    "mailAddr": {
      "street1": "1015-1065 Norman Drive",
      "city": "Annapolis",
      "state": "MD",
      "zip": "21403",
      "country": "US"
    },
    "employee_reviews": [
      {
        "additionalRatings": [
          {}
        ],
        "source": "KUNUNU"
      }
    ]
  },
  {
    "organization_name": "TX Emerge Investments, LLC",
    "mailAddr": {
      "street1": "300 Cyberonics Boulevard",
      "city": "Houston",
      "state": "TX",
      "zip": "77058",
      "country": "US"
    },
    "employee_reviews": [
      {
        "additionalRatings": [
          {}
        ],
        "source": "KUNUNU"
      }
    ]
  },
  {
    "organization_name": "Continental Property Management, LLC",
    "mailAddr": {
      "street1": "330 Cross Park Drive",
      "city": "Jackson",
      "state": "MS",
      "zip": "39208",
      "country": "US"
    },
    "employee_reviews": [
      {
        "reviewer_designation": "Current Employee - Maintenance Supervisor",
        "review_description": "I have been working at Continental Property Management full-time (More than 8 years)",
        "review_title": "\"A good company for someone starting out.\"",
        "pros": "All holidays Off paid, No problems when asking for personal time off.",
        "cons": "Not much room for advancement. Raises do not come regular.",
        "advice_to_management": "None",
        "source": "GLASSDOOR"
      },
      {
        "reviewer_designation": "Current Employee - Maintenance Supervisor",
        "review_description": "I have been working at Continental Property Management full-time (More than 8 years)",
        "review_title": "\"A good company for someone starting out.\"",
        "pros": "All holidays Off paid, No problems when asking for personal time off.",
        "cons": "Not much room for advancement. Raises do not come regular.",
        "advice_to_management": "None",
        "source": "GLASSDOOR"
      },
      {
        "additionalRatings": [
          {}
        ],
        "source": "KUNUNU"
      },
      {
        "additionalRatings": [
          {}
        ],
        "source": "CAREER_BLISS"
      }
    ]
  },
  {
    "organization_name": "Mel Enterprises LLC",
    "mailAddr": {
      "street1": "1701 Forest Avenue",
      "city": "Knoxville",
      "state": "TN",
      "zip": "37916",
      "country": "US"
    },
    "employee_reviews": [
      {
        "additionalRatings": [
          {}
        ],
        "source": "KUNUNU"
      }
    ]
  },
  {
    "organization_name": "Legacy Texas Apartments, LLC",
    "mailAddr": {
      "street1": "8085 Atlas Pear Drive",
      "city": "Bryan",
      "state": "TX",
      "zip": "77807",
      "country": "US"
    },
    "employee_reviews": [
      {
        "additionalRatings": [
          {}
        ],
        "source": "KUNUNU"
      }
    ]
  },
  {
    "organization_name": "JWC Bartram, LLC",
    "mailAddr": {
      "street1": "14701 Bartram Park Boulevard",
      "city": "Jacksonville",
      "state": "FL",
      "zip": "32258",
      "country": "US"
    },
    "employee_reviews": [
      {
        "additionalRatings": [
          {}
        ],
        "source": "KUNUNU"
      }
    ]
  },
  {
    "organization_name": "Brookhaven Commercial Properties, LLC",
    "mailAddr": {
      "street1": "640 Brookhaven Court",
      "city": "Springdale",
      "state": "AR",
      "zip": "72765",
      "country": "US"
    },
    "employee_reviews": [
      {
        "additionalRatings": [
          {}
        ],
        "source": "KUNUNU"
      }
    ]
  },
  {
    "organization_name": "Roskamp & Patterson Mgmt Co",
    "mailAddr": {
      "street1": "1226 North Tamiami Trail",
      "city": "Sarasota",
      "state": "FL",
      "zip": "34236",
      "country": "US"
    },
    "employee_reviews": [
      {
        "additionalRatings": [
          {}
        ],
        "source": "KUNUNU"
      }
    ]
  },
  {
    "organization_name": "Turner's Machinery Inc.",
    "mailAddr": {
      "street1": "8290-8300 South Central Expressway",
      "city": "Dallas",
      "state": "TX",
      "zip": "75241",
      "country": "US"
    },
    "employee_reviews": [
      {
        "additionalRatings": [
          {}
        ],
        "source": "KUNUNU"
      }
    ]
  },
  {
    "organization_name": "Heirloom Management, LLC",
    "mailAddr": {
      "street1": "249 Conundrum Road",
      "city": "Aspen",
      "state": "CO",
      "zip": "81611",
      "country": "US"
    },
    "employee_reviews": [
      {
        "additionalRatings": [
          {}
        ],
        "source": "KUNUNU"
      }
    ]
  },
  {
    "organization_name": "Soto Enterprises, Inc.",
    "mailAddr": {
      "street1": "501 South Campbell Street",
      "city": "El Paso",
      "state": "TX",
      "zip": "79901",
      "country": "US"
    },
    "employee_reviews": [
      {
        "additionalRatings": [
          {}
        ],
        "source": "KUNUNU"
      }
    ]
  },
  {
    "organization_name": "Leonard Associates, Inc.",
    "mailAddr": {
      "street1": "1636-1754 West Hillsboro Boulevard",
      "city": "Deerfield Beach",
      "state": "FL",
      "zip": "33442",
      "country": "US"
    },
    "employee_reviews": [
      {
        "additionalRatings": [
          {}
        ],
        "source": "KUNUNU"
      }
    ]
  },
  {
    "organization_name": "NHI Holdings, Inc.",
    "mailAddr": {
      "street1": "6504 Quaker Avenue",
      "city": "Lubbock",
      "state": "TX",
      "zip": "79413",
      "country": "US"
    },
    "employee_reviews": [
      {
        "additionalRatings": [
          {}
        ],
        "source": "KUNUNU"
      }
    ]
  },
  {
    "organization_name": "5565 Bagby Associates LLC",
    "mailAddr": {
      "street1": "65 Bagby Drive",
      "city": "Birmingham",
      "state": "AL",
      "zip": "35209",
      "country": "US"
    },
    "employee_reviews": [
      {
        "additionalRatings": [
          {}
        ],
        "source": "KUNUNU"
      }
    ]
  },
  {
    "organization_name": "Steven Scott Management, Inc.",
    "mailAddr": {
      "street1": "350 Nathan Lane",
      "city": "Plymouth",
      "state": "MN",
      "zip": "55441",
      "country": "US"
    },
    "employee_reviews": [
      {
        "reviewer_designation": "Current Employee - Anonymous Employee",
        "review_description": "I have been working at Steven Scott Management full-time",
        "review_title": "\"Great company, great coworkers, casual office environment\"",
        "pros": "Laid back, small office, family orientated office vibe. Sometimes someone brings in bagels. Very rewarding industry to work in. Everyone is very friendly, personable, and easy to work with.",
        "cons": "Wish there was more catered food. Other than that benefits COULD be better but it is what it is.",
        "source": "GLASSDOOR"
      },
      {
        "reviewer_designation": "Current Employee - Anonymous Employee",
        "review_description": "I have been working at Steven Scott Management full-time",
        "review_title": "\"Great company, great coworkers, casual office environment\"",
        "pros": "Laid back, small office, family orientated office vibe. Sometimes someone brings in bagels. Very rewarding industry to work in. Everyone is very friendly, personable, and easy to work with.",
        "cons": "Wish there was more catered food. Other than that benefits COULD be better but it is what it is.",
        "source": "GLASSDOOR"
      },
      {
        "review_rating": "3.0",
        "reviewer_designation": "Assistant Property Manager (Current Employee) –  ",
        "job_location": "MPLS, MN",
        "review_date": "2017-04-06T00:00:00.000Z",
        "review_title": "not sure how to escape from this page",
        "review_desc": "i am having difficulty finding a way to continue back to indeed without filling out this review.... SSM is a fine company, but needs to have better communication between sites and a significantly better intranet site for employees to search and find necessary paperwork.",
        "source": "INDEED"
      },
      {
        "review_rating": "1.0",
        "reviewer_designation": "Property Manager (Former Employee) –  ",
        "job_location": "Minneapolis-Saint Paul, MN",
        "review_date": "2018-12-06T00:00:00.000Z",
        "review_title": "HR will lie to your face and it is all about what Regional Manager you have",
        "review_desc": "It is all about what regional manager you have. Most are great, but others will not help you and will make your life miserable by micromanaging you into either quitting or terminating. Plan on getting no support even when you ask for. Some regional managers will sit in their ivory tower and expect you to work 60 hours a week and send you 30-50 e-mail per day. Do not plan on any help if you have a life emergency too. Some regional managers will disrupt your team causing you more work.. Do not trust the bonus structure as you will not get close to what they try to sell you on. Be very carful what regional manager you get as that will determine your fate.",
        "source": "INDEED"
      },
      {
        "review_rating": "2.0",
        "reviewer_designation": "Property Manager (Former Employee) –  ",
        "job_location": "Burnsville, MN",
        "review_date": "2019-01-07T00:00:00.000Z",
        "review_title": "job",
        "review_desc": "My job started off great until the employees did not like you. Why? They had to do work instead of sitting on their but, so they would make up lies and try to get in fired. Nobody can work like that. All they wanted was their friend/wife to be the manager. Upper Management is suppose to support the manager who would not only do their job but the job of others just to get it done, but they didn't. No support from Upper Mgmt",
        "pros": "residents",
        "cons": "long hours",
        "source": "INDEED"
      },
      {
        "review_rating": "5.0",
        "reviewer_designation": "Anonymous (Current Employee) –  ",
        "job_location": "Saint Louis Park, MN",
        "review_date": "2018-12-21T00:00:00.000Z",
        "review_title": "Fun, fast paced work environment with great coworkers",
        "review_desc": "Great company with an outstanding reputation in the property management industry. There are numerous growth opportunities one can have within their position. Truly blessed to be a part of the team here! This company truly stands by its mission day by day.",
        "pros": "Great benefits, great coworkers, flexibility with schedule, etc.",
        "cons": "maybe more PTO but other than that nothing!",
        "source": "INDEED"
      },
      {
        "review_rating": "5.0",
        "reviewer_designation": "LEASING CONSULTANT (Current Employee) –  ",
        "job_location": "Eagan, MN",
        "review_date": "2018-10-08T00:00:00.000Z",
        "review_title": "Fulfilling Work place",
        "review_desc": "Place to work with excellent co-workers and awesome advancement opportunities. Typical day includes helping people by touring facility and answering any questions they may have about the property. Answering phone calls, dealing with leasing paperwork and using company computer programs efficiently. Hardest part of the job is the low pay wage, at least when getting your foot in the door. Management is available to help and guide you with issues that may arise that you cannot handle yourself, in a positive and welcoming work environment.",
        "pros": "Helping People",
        "cons": "Low pay and benefits",
        "source": "INDEED"
      },
      {
        "review_rating": "1.0",
        "reviewer_designation": "Property Manager (Current Employee) –  ",
        "job_location": "Minneapolis, MN",
        "review_date": "2018-09-17T00:00:00.000Z",
        "review_title": "Don't do it!",
        "review_desc": "Steven Scott presents all the bells and whistles but lacks the rewards. Save yourself the sleepless nights. Save yourself the lack of appreciation and micromanagement.",
        "pros": "Relationship you build with residents and close staff.",
        "cons": "Undependable and stressful Management, lingering fear, lack of encouragement.",
        "source": "INDEED"
      },
      {
        "review_rating": "5.0",
        "reviewer_designation": "Assistant Manager (Current Employee) –  ",
        "job_location": "Shoreview, MN",
        "review_date": "2018-05-10T00:00:00.000Z",
        "review_title": "Professional, Fair, and Fun!",
        "review_desc": "I've worked for a couple other property management companies and I've not encountered a company quite like Steven Scott Management. Their application/interview process is extensive but it ensures quality employees! It's obvious that vetting even the lowest level employees pays off for the company. They promote from within which offers an opportunity for growth. Overall, a company for career-oriented property management employees!",
        "pros": "Employee Appreciation, Excellent Health Care Options, Extensive Training, Fun work environment, Superb Employees",
        "cons": "Cost of Living higher than pay rates",
        "source": "INDEED"
      },
      {
        "review_rating": "5.0",
        "reviewer_designation": "Leasing Consultant (Former Employee) –  ",
        "job_location": "Bloomington, MN",
        "review_date": "2018-10-03T00:00:00.000Z",
        "review_title": "enjoyable company",
        "review_desc": "The opportunity of being a leasing agent really opened a lot of doors for me in the property field. I learned a lot and enjoyed my time there, great plavce to work.",
        "source": "INDEED"
      },
      {
        "review_rating": "5.0",
        "reviewer_designation": "Marketing Coordinator (Former Employee) –  ",
        "job_location": "Minneapolis, MN",
        "review_date": "2018-01-18T00:00:00.000Z",
        "review_title": "Great place to work!",
        "review_desc": "I loved Steven Scott and would recommend it to anyone! The culture is great, and very team-oriented. I got to work with an amazing team of gifted and smart women in the marketing department.",
        "source": "INDEED"
      },
      {
        "review_rating": "2.0",
        "reviewer_designation": "Multi-Site Property Manager (Former Employee) –  ",
        "job_location": "Minnesota",
        "review_date": "2017-10-05T00:00:00.000Z",
        "review_title": "Poor communication and no training",
        "review_desc": "There is very poor communication between a Regional Manager and the Property Managers. Training is not available when needed. No reviews were given. Impossible to know if there are areas that you need to work on.",
        "pros": "Mersc, good pay",
        "cons": "Terrible Regional Manager. No communication. No support.",
        "source": "INDEED"
      },
      {
        "review_rating": "4.0",
        "reviewer_designation": "Leasing Professional (Former Employee) –  ",
        "job_location": "Eden Prairie, MN",
        "review_date": "2017-03-17T00:00:00.000Z",
        "review_title": "Easy-going Company",
        "review_desc": "A typical day at work at the property I used to work at was not too stressful. The manager and assistant manager were great to work with and both were patient and understanding. I learned a lot about the work of property management; it was super eye-opening and a great education. Workplace culture was not too busy due to only have about 170 units on that particular property. I am sure the bigger properties are busier. The most enjoyable part of the job was meeting new and different personalities and taking them on the tour of the property. It is almost like a service job where you need to sell yourself, the property, and build a rapport with the potential client. Overall, I had a good experience working for Steven Scott Management.",
        "pros": "Free coffee",
        "source": "INDEED"
      },
      {
        "review_rating": "4.0",
        "reviewer_designation": "Property Manager (Current Employee) –  ",
        "job_location": "Saint Paul, MN",
        "review_date": "2013-04-28T00:00:00.000Z",
        "review_title": "Great Learning Experience",
        "review_desc": "I am a one woman show, in the office, no Leasing Agent or Assistant Manager as the property is a receivership. I have learned mostly what can be done when money is short. I have learned more what it takes to hire good employees and keep them motivated. Many of my coworkers have been a great source of help when needed. Language barrier was a more difficult part of my daily work with residents, but has also been a learning experience on patience. Putting a smile on a residents face when you are able to help, or a new resident happy to have a home.",
        "pros": "Close to home.",
        "cons": "Bank Owned and Sold",
        "source": "INDEED"
      },
      {
        "review_rating": "5.0",
        "reviewer_designation": "Part Time Caretaker & Leasing Agent (Former Employee) –  ",
        "job_location": "Minneapolis, MN",
        "review_date": "2011-12-21T00:00:00.000Z",
        "review_title": "Great employer to work with, caring attitude, and upper management will get to know who you are!",
        "review_desc": "I enjoyed working with Steven Scott Management! All uppper management were personable, energetic, and caring. They really get to know their employees and concerned about how their job is going. Even my immediate supervisor was a great person, concerned about how my job was going and top it off my personal life issues! Really, if you get employed with this company, Don't Leave!",
        "source": "INDEED"
      },
      {
        "review_rating": "2.0",
        "reviewer_designation": "Assistant Property Manager (Former Employee) –  ",
        "job_location": "Minneapolis Minnesota",
        "review_date": "2015-06-18T00:00:00.000Z",
        "review_title": "Wages",
        "review_desc": "I enjoyed working at Steven-Scott. It hurts and angers me that I've been an Assistant Property Manager for 3 years not even making what the compensation of 205 units. SSM brought someone off the street and gave them the compensation over $3.00 more than me. It would have been very stressful to continue working in that office knowing this issue.",
        "pros": "Loved the residents.",
        "cons": "I wasn't getting paid per SSM policies for 205 units.",
        "source": "INDEED"
      },
      {
        "review_rating": "5.0",
        "reviewer_designation": "Assistant Property Manager (Current Employee) –  ",
        "job_location": "Minnesota",
        "review_date": "2017-03-01T00:00:00.000Z",
        "review_title": "Experience will vary by site",
        "review_desc": "Do the job your hired to do and don't cause waves, it's the same for any company. Be on time, stay positive. Remember, your work day is what you make it. The company is made up of people just like you who want to succeed.",
        "pros": "Good pay",
        "cons": "Varies by person",
        "source": "INDEED"
      },
      {
        "review_rating": "1.0",
        "reviewer_designation": "Caretaker (Former Employee) –  ",
        "job_location": "New Hope, MN",
        "review_date": "2017-02-25T00:00:00.000Z",
        "review_title": "not a work friendly place",
        "review_desc": "caretaker, not a work friendly place. no support from HR and poor management. very unpleasant work environment with little or no time off for vacations. no benefits, 401k or profit share for caretakers.",
        "pros": "rent credit",
        "cons": "lack of support",
        "source": "INDEED"
      },
      {
        "review_rating": "5.0",
        "reviewer_designation": "Property Manager (Former Employee) –  ",
        "job_location": "Minneapolis, MN",
        "review_date": "2017-01-24T00:00:00.000Z",
        "review_title": "Outstanding Orginazation",
        "review_desc": "I truly enjoyed my time with Steven Scott. I had the pleasure of working with some of the best people in the business. I feel that It was my time to move on.",
        "source": "INDEED"
      },
      {
        "review_rating": "4.0",
        "reviewer_designation": "Business/ Assistant Property Manager (Former Employee) –  ",
        "job_location": "Brooklyn Park, MN",
        "review_date": "2013-03-15T00:00:00.000Z",
        "review_title": "friendly and energetic atmosphere",
        "review_desc": "*great co-workers *team oriented environment *began as a caretaker and worked my way up to an assistant property manager within a year",
        "source": "INDEED"
      },
      {
        "review_rating": "4.0",
        "reviewer_designation": "Accounts Payable/ Payroll Clerk (Current Employee) –  ",
        "job_location": "Saint Louis Park, MN",
        "review_date": "2016-05-04T00:00:00.000Z",
        "review_title": "na",
        "review_desc": "very veruy very very very very very very non non applicacable na na na na good place to work for. I enjoyed it very much so so so",
        "source": "INDEED"
      },
      {
        "additionalRatings": [
          {}
        ],
        "source": "KUNUNU"
      }
    ]
  },
  {
    "organization_name": "Coastal Santa Gertrudis, LLC",
    "mailAddr": {
      "street1": "1414 West Santa Gertrudis Street",
      "city": "Kingsville",
      "state": "TX",
      "zip": "78363",
      "country": "US"
    },
    "employee_reviews": [
      {
        "additionalRatings": [
          {}
        ],
        "source": "KUNUNU"
      }
    ]
  },
  {
    "organization_name": "Somerset Lakes Condominium Association III A, Inc.",
    "mailAddr": {
      "street1": "2780-2830 Somerset Drive",
      "city": "Lauderdale Lakes",
      "state": "FL",
      "zip": "33311",
      "country": "US"
    },
    "employee_reviews": [
      {
        "additionalRatings": [
          {}
        ],
        "source": "KUNUNU"
      }
    ]
  },
  {
    "organization_name": "Cortina Holdings LLC",
    "mailAddr": {
      "street1": "1200 East Grand Avenue",
      "city": "Carbondale",
      "state": "IL",
      "zip": "62901",
      "country": "US"
    },
    "employee_reviews": [
      {
        "additionalRatings": [
          {}
        ],
        "source": "KUNUNU"
      }
    ]
  },
  {
    "organization_name": "1111 PCB Holdings, LLC",
    "mailAddr": {
      "street1": "1111 Park Centre Boulevard",
      "city": "Miami Gardens",
      "state": "FL",
      "zip": "33169",
      "country": "US"
    },
    "employee_reviews": [
      {
        "additionalRatings": [
          {}
        ],
        "source": "KUNUNU"
      }
    ]
  },
  {
    "organization_name": "Johnson & Diana Chiao",
    "mailAddr": {
      "street1": "1991 California Street",
      "city": "San Francisco",
      "state": "CA",
      "zip": "94109",
      "country": "US"
    },
    "employee_reviews": [
      {
        "additionalRatings": [
          {}
        ],
        "source": "KUNUNU"
      }
    ]
  },
  {
    "organization_name": "Beachfront II Owners Assn. Inc.",
    "mailAddr": {
      "street1": "145 Beachfront Trail",
      "city": "Santa Rosa Beach",
      "state": "FL",
      "zip": "32459",
      "country": "US"
    },
    "employee_reviews": [
      {
        "additionalRatings": [
          {}
        ],
        "source": "KUNUNU"
      }
    ]
  },
  {
    "organization_name": "Heights Capital, LLC",
    "mailAddr": {
      "street1": "1530 Heights Boulevard",
      "city": "Houston",
      "state": "TX",
      "zip": "77008",
      "country": "US"
    },
    "employee_reviews": [
      {
        "additionalRatings": [
          {}
        ],
        "source": "KUNUNU"
      }
    ]
  },
  {
    "organization_name": "The Islander Villas Condominium Association, Inc.",
    "mailAddr": {
      "street1": "1-4 Becky Street",
      "city": "Ocean Isle Beach",
      "state": "NC",
      "zip": "28469",
      "country": "US"
    },
    "employee_reviews": [
      {
        "additionalRatings": [
          {}
        ],
        "source": "KUNUNU"
      }
    ]
  },
  {
    "organization_name": "320 Partnership, LLC",
    "mailAddr": {
      "street1": "320 Third Street",
      "city": "Baton Rouge",
      "state": "LA",
      "zip": "70801",
      "country": "US"
    },
    "employee_reviews": [
      {
        "additionalRatings": [
          {}
        ],
        "source": "KUNUNU"
      }
    ]
  },
  {
    "organization_name": "JPS Asset Management, Inc",
    "mailAddr": {
      "street1": "6233 West Thomas Road",
      "city": "Phoenix",
      "state": "AZ",
      "zip": "85035",
      "country": "US"
    },
    "employee_reviews": [
      {
        "review_rating": "3.0",
        "reviewer_designation": "Senior Property Accountant (Current Employee) –  ",
        "job_location": "Woodmere, NY",
        "review_date": "2016-08-10T00:00:00.000Z",
        "review_title": "management is not so productive",
        "review_desc": "its a small size residential property management company, nice co-workers and I'm working there as a senior property accountant.",
        "source": "INDEED"
      },
      {
        "review_rating": "5.0",
        "reviewer_designation": "Community Manager/ Regional Manager (Former Employee) –  ",
        "job_location": "Oklahoma City, OK",
        "review_date": "2018-08-08T00:00:00.000Z",
        "review_title": "Great place to work",
        "review_desc": "I was always treated with the utmost respect. The schedule was very flexible as long as the work was completed. The company was always willing to put in the work and money to make the property the best it could be.",
        "pros": "Flexible schedule",
        "cons": "No healthcare",
        "source": "INDEED"
      },
      {
        "review_rating": "4.0",
        "reviewer_designation": "Project Manager (Maintenance (Former Employee) –  ",
        "job_location": "Austell, GA",
        "review_date": "2016-11-10T00:00:00.000Z",
        "review_title": "hard work reharb hard complex",
        "review_desc": "total rehab of 170 sheet rock door cabnets hvac 17 employees under me dealing with owner in ny city handling lots of money no benefits but good pay",
        "pros": "low income residents",
        "cons": "to much crime",
        "source": "INDEED"
      },
      {
        "additionalRatings": [
          {}
        ],
        "source": "KUNUNU"
      }
    ]
  },
  {
    "organization_name": "South Pointe Investors, LLC",
    "mailAddr": {
      "street1": "3216 South Holden Road",
      "city": "Greensboro",
      "state": "NC",
      "zip": "27407",
      "country": "US"
    },
    "employee_reviews": [
      {
        "additionalRatings": [
          {}
        ],
        "source": "KUNUNU"
      }
    ]
  },
  {
    "organization_name": "Ambrose Gifting, LP",
    "mailAddr": {
      "street1": "225 Appleby Drive",
      "city": "Athens",
      "state": "GA",
      "zip": "30605",
      "country": "US"
    },
    "employee_reviews": [
      {
        "additionalRatings": [
          {}
        ],
        "source": "KUNUNU"
      }
    ]
  },
  {
    "organization_name": "JMG Realty, Inc.",
    "mailAddr": {
      "street1": "1831 Emerson Ridge Road",
      "city": "Celebration",
      "state": "FL",
      "zip": "34747",
      "country": "US"
    },
    "employee_reviews": [
      {
        "reviewer_designation": "Former Employee - Regional Property Manager",
        "review_description": "I worked at JMG Realty full-time (More than 10 years)",
        "review_title": "\"Property Manager\"",
        "pros": "Was an awesome company to work for! Wish they were still in our area! Great people and experience! I havent worked for them since early 2000's but the options on this site only let me go to 2014 and not prior.",
        "cons": "They are no longer in Chattanooga",
        "source": "GLASSDOOR"
      },
      {
        "review_rating": "3.0",
        "reviewer_designation": "Marketing Consultant (Former Employee) –  ",
        "job_location": "Tampa, FL",
        "review_date": "2019-01-29T00:00:00.000Z",
        "review_title": "Its Okay",
        "review_desc": "Should of worked for the conventional side as the Tax Credit/LIHTC. It was an okay experience, but i had to leave because it was a sad situation. i do hope that property well.",
        "source": "INDEED"
      },
      {
        "review_rating": "5.0",
        "reviewer_designation": "Service Manager (Current Employee) –  ",
        "job_location": "Jacksonville, FLJacksonville",
        "review_date": "2019-01-14T00:00:00.000Z",
        "review_title": "Productive and fun workplace",
        "review_desc": "JMG Is a great company to work for. I have enjoyed the last few years with them . Management is very talented and easy to work with. JMG has really made me feel special and has trusted in me to direct my department as I feel it needs to be. It has been a great experience.",
        "pros": "Many",
        "cons": "No 401K matching",
        "source": "INDEED"
      },
      {
        "review_rating": "5.0",
        "reviewer_designation": "MAINTENANCE SUPERVISOR (Former Employee) –  ",
        "job_location": "Greensboro, NC",
        "review_date": "2018-12-31T00:00:00.000Z",
        "review_title": "Loved it!!!",
        "review_desc": "I wanted to move to Florida...and that was the only reason I left. I worked for JMG longer then I have ever worked for any other property management company. I would go back in a second if I could. I loved it for real!!",
        "source": "INDEED"
      },
      {
        "review_rating": "5.0",
        "reviewer_designation": "Daniela Corgan- Regional VP (Former Employee) –  ",
        "job_location": "Cordova, TN",
        "review_date": "2018-12-19T00:00:00.000Z",
        "review_title": "Enjoyable working atmosphere",
        "review_desc": "JMG Realty is a wonderful company that appreciates and values their employees. They gave me the authority to do my job and trusted my decision. I was provided a Mentor upon onboarding with JMG. The most difficult part of my job was keeping a strong maintenance team as per the workforce of the area.",
        "pros": "strong support system, employee recognition",
        "cons": "N/a",
        "source": "INDEED"
      },
      {
        "review_rating": "5.0",
        "reviewer_designation": "Assistant Property Manager (Current Employee) –  ",
        "job_location": "Jacksonville, FL",
        "review_date": "2018-12-10T00:00:00.000Z",
        "review_title": "Great Company",
        "review_desc": "JMG Realty is a great company to work for. I have been with them for 8 years. I was the Assistant Properrty Manager for several locations. The pay is great, the staff, regionals, owners are very hands on. You will not be dissappointed if you decided to work for JMG Realty.",
        "source": "INDEED"
      },
      {
        "review_rating": "5.0",
        "reviewer_designation": "Executive Property Manager (Current Employee) –  ",
        "job_location": "Sarasota, FL",
        "review_date": "2018-11-10T00:00:00.000Z",
        "review_title": "High standards with great rewards.",
        "review_desc": "The expectations of JMG are very much aligned with the companies core values of Integrity, Honesty, Accountability, Passion and Innovation. Just like any company JMG has a set of expectations for their employees and while JMG is a company with very high standards not all can fall in line with the culture of JMG. I have been working for JMG for 12 years and can say that while there have been challenges along the way that can be taxing and stressful the benefits far outweighs the moments of stress and aggravation. JMG is always looking to improve and has a willingness to teach and support those who are looking to stay the course. I have learned that to who much is given much is expected. So in conclusion the expectations of any job is the employees willingness to listen, learn and carry those resources into the day to day work place and do so with a attitude of positivity or pessimism.",
        "pros": "Culture and camaraderie",
        "cons": "Healthcare cost and no 401k contribution",
        "source": "INDEED"
      },
      {
        "review_rating": "4.0",
        "reviewer_designation": "ASSISTANT PROPERTY MANAGER (Former Employee) –  ",
        "job_location": "Tampa, FL",
        "review_date": "2018-07-30T00:00:00.000Z",
        "review_title": "easy going",
        "review_desc": "This position was easy going and relaxed compared to other properties I have been to. There was a lack of management chain due to previous employees. Very quiet senior property well maintained friendly team members.",
        "pros": "always celebrate birthdays",
        "cons": "time can go by slow",
        "source": "INDEED"
      },
      {
        "review_rating": "1.0",
        "reviewer_designation": "Property Manager (Former Employee) –  ",
        "job_location": "Tampa, FL",
        "review_date": "2018-07-21T00:00:00.000Z",
        "review_title": "Absolutely Worst Management Company",
        "review_desc": "This Management Company is undoubtedly the worst company to work for. They say and do all the right things during your interview process, even talk about their great working culture and core values. Beware of working for this company, the only place you’ll see their “core values” is on the card it’s written on. Immediately upon hire you will experience a “working culture” comprised of deceiving, bullying, and ignorant upper management as well as an entire region of disgruntled site employees. They treat the residents the same way they treat the employees. Their “core values” should read: Rude, Ignorant, Deceiving, Thieving, and Injust.",
        "pros": "None",
        "cons": "Too many to list.",
        "source": "INDEED"
      },
      {
        "review_rating": "5.0",
        "reviewer_designation": "Assistant Property Manager/Accountant (Former Employee) –  ",
        "job_location": "Orlando, FL",
        "review_date": "2018-07-19T00:00:00.000Z",
        "review_title": "JMG Review",
        "review_desc": "Great place to work. First and Last of the month can be very stressful if your reports aren't done. Overall its a great company that offers some amazing support and great benefits.",
        "source": "INDEED"
      },
      {
        "review_rating": "4.0",
        "reviewer_designation": "Assistant Property Manager (Former Employee) –  ",
        "job_location": "Montgomery, AL",
        "review_date": "2018-07-17T00:00:00.000Z",
        "review_title": "Fast paced",
        "review_desc": "Working in property management was fast paced and could be competitive at times. JMG was a wonderful management company to work for. We had a very fun office environment and it really felt like one big family. .",
        "source": "INDEED"
      },
      {
        "review_rating": "1.0",
        "reviewer_designation": "Executive Business Manager (Former Employee) –  ",
        "job_location": "Houston, TX",
        "review_date": "2018-06-10T00:00:00.000Z",
        "review_title": "Expect long hours with zero gratitude",
        "review_desc": "My experience in the beginning was okay for the first three months. However, the longer you work for them, it becomes unbearable. There is a significant amount of preferential treatment by the Regional Manager who has a tremendous amount of inaccurate and unfair influence to the Corporate Office in Atlanta. At some point, the unjust actions will catch up with them due to their questionable employment practices.",
        "source": "INDEED"
      },
      {
        "review_rating": "5.0",
        "reviewer_designation": "ASSISTANT MANAGER (Current Employee) –  ",
        "job_location": "Jacksonville, FL",
        "review_date": "2018-05-24T00:00:00.000Z",
        "review_title": "Great Company",
        "review_desc": "JMG Realty is a great company to work for, I have been with them for almost 4 years and the only complaint that I have is that they love their paperwork (which is not a complaint). My Regional and Asst Regional are awesome and the whole North Florida Team are awesome to work with. They like to promote from within and they will come back for you if your community is sold if they have space for you.",
        "pros": "Good training and great team",
        "cons": "None",
        "source": "INDEED"
      },
      {
        "review_rating": "3.0",
        "reviewer_designation": "Leasing Consultant (Former Employee) –  ",
        "job_location": "Savannah, GA",
        "review_date": "2018-05-02T00:00:00.000Z",
        "review_title": "Great company",
        "review_desc": "Jmg realty, inc. Is a great company to work for. Leadership is very supportive and there is room for growth and advancement. The training is efficient and prepares you for your role within the company",
        "source": "INDEED"
      },
      {
        "review_rating": "5.0",
        "reviewer_designation": "Regional Area Manager (Former Employee) –  ",
        "job_location": "Dallas, TX",
        "review_date": "2018-04-11T00:00:00.000Z",
        "review_title": "Job Duties",
        "review_desc": "Overseen five properties in the DFW Area Conventional, Tax Credit and HUD. Inspections, file audits, Motivate and train onsite staff. My office was home based. The most enjoyable part of my job is take a property and enhance the value and building a team that take pride in the real estate as if it was their own.",
        "source": "INDEED"
      },
      {
        "review_rating": "5.0",
        "reviewer_designation": "Property Manager (Current Employee) –  ",
        "job_location": "New Jersey",
        "review_date": "2018-04-09T00:00:00.000Z",
        "review_title": "Great Company to work for wonderful and team leaders.",
        "review_desc": "JMG is a very good company to work for, your hard work goes unrecognized. There are many motivational perks for the employees to take advantage of and participate in.",
        "source": "INDEED"
      },
      {
        "review_rating": "3.0",
        "reviewer_designation": "Executive Property Manager (Former Employee) –  ",
        "job_location": "Charlotte, NC",
        "review_date": "2018-01-12T00:00:00.000Z",
        "review_title": "Overall good people - just not growing in my area & management recently changed",
        "review_desc": "I loved working for JMG! The last few years showed a decrease in management, but that never affected me being alone in my region. They were fair and supportive. Unfortunately they were not growing in my area and limited advancement. Also, the most recent upper management changed and lost the original vision a bit.",
        "pros": "Awesome people with a family feel.",
        "cons": "Not up to par with technology & not growing in my area",
        "source": "INDEED"
      },
      {
        "review_rating": "5.0",
        "reviewer_designation": "Housekeeping (Current Employee) –  ",
        "job_location": "Tampa, FL",
        "review_date": "2017-12-11T00:00:00.000Z",
        "review_title": "Productive work place",
        "review_desc": "I wouldn't leave this I'm just looking for something over night and on weekends I have never worked and a awesome place like JMG Reality and I came from nothing to something",
        "pros": "Bonus check for holiday cheers",
        "cons": "You have to take your lunch break",
        "source": "INDEED"
      },
      {
        "review_rating": "3.0",
        "reviewer_designation": "Marketing Consultant (Current Employee) –  ",
        "job_location": "Raleigh, NC",
        "review_date": "2017-11-06T00:00:00.000Z",
        "review_title": "Great Philosophy-hard to advance",
        "review_desc": "Overall JMG's philosophy and core values are great. The way they manage properties set you up for success and they WILL fire owners if they are abiding by what makes JMG successful (i.e. allowing for money to be spent for resident events, upgrades, etc). It is a small company and can very hard to advance leaving entry level jobs where you start and stay.",
        "pros": "not micromanaging",
        "cons": "fast-paced, add tasks to your workload without adding compensation",
        "source": "INDEED"
      },
      {
        "review_rating": "2.0",
        "reviewer_designation": "Compliance monitor/ Assistant Managet (Former Employee) –  ",
        "job_location": "Tampa, FL",
        "review_date": "2017-11-03T00:00:00.000Z",
        "review_title": "Summary",
        "review_desc": "My view is management/owners of the company, need to take a close look at their reviews & try to spend time within the company to make some serious changes are made. JMG hire good people, but there ethics are being compromised all the time. People who have views are not being able to speak out, because of fear of loosing their jobs. There is a lot of things that are going on within the company, which I feel, has to be changed immediately. I left the company after a short stint there, If they decide to clean up the issues, I would definitely go back. I will say this,the issue which I encountered, as far as I know, are not across the whole company.",
        "pros": "Some really good people there, they have good policies & procedures",
        "cons": "They policies & procedures are not always implemented",
        "source": "INDEED"
      },
      {
        "review_rating": "3.0",
        "reviewer_designation": "Maintenance supervisor (Former Employee) –  ",
        "job_location": "Orlando, FL",
        "review_date": "2017-10-24T00:00:00.000Z",
        "review_title": "Average",
        "review_desc": "This company was average. Nothing impressive to note. Very little opportunity for growth. They fail to take care of their employees by providing the right tools and coverage.",
        "source": "INDEED"
      },
      {
        "review_rating": "5.0",
        "reviewer_designation": "PROPERTY ACCOUNTANT (Former Employee) –  ",
        "job_location": "Atlanta, GA 30342",
        "review_date": "2017-08-29T00:00:00.000Z",
        "review_title": "Best work environment I've ever had",
        "review_desc": "This company is very respectful of your family and personal life and needs, while still compensating you fully for all the hours you put in. They frequently provide lunch for employees and other team leadership incentives.",
        "source": "INDEED"
      },
      {
        "additionalRatings": [
          {}
        ],
        "source": "KUNUNU"
      },
      {
        "reviewRating": "3.0",
        "reviewerDesignation": "Area Vice President",
        "additionalReviewInfo": [
          {
            "name": "Person You Work For",
            "value": "4.2 / 5"
          },
          {
            "name": "People You Work With",
            "value": "4.4 / 5"
          },
          {
            "name": "Work Setting",
            "value": "2.9 / 5"
          },
          {
            "name": "Support You Get",
            "value": "4.2 / 5"
          },
          {
            "name": "Rewards You Receive",
            "value": "3.8 / 5"
          },
          {
            "name": "Growth Opportunities",
            "value": "4 / 5"
          },
          {
            "name": "Company Culture",
            "value": "3.5 / 5"
          },
          {
            "name": "Way You Work",
            "value": "3.5 / 5"
          }
        ],
        "source": "CAREER_BLISS"
      },
      {
        "reviewRating": "4.0",
        "reviewerDesignation": "Property Manager",
        "additionalReviewInfo": [
          {
            "name": "Person You Work For",
            "value": "4.8 / 5"
          },
          {
            "name": "People You Work With",
            "value": "4.9 / 5"
          },
          {
            "name": "Work Setting",
            "value": "4.8 / 5"
          },
          {
            "name": "Support You Get",
            "value": "4.8 / 5"
          },
          {
            "name": "Rewards You Receive",
            "value": "4.8 / 5"
          },
          {
            "name": "Growth Opportunities",
            "value": "4.8 / 5"
          },
          {
            "name": "Company Culture",
            "value": "4.9 / 5"
          },
          {
            "name": "Way You Work",
            "value": "4.8 / 5"
          }
        ],
        "source": "CAREER_BLISS"
      }
    ]
  },
  {
    "organization_name": "Texas Apartment Services, LLC",
    "mailAddr": {
      "street1": "4300 Gus Thomasson Road",
      "city": "Mesquite",
      "state": "TX",
      "zip": "75150",
      "country": "US"
    },
    "employee_reviews": [
      {
        "additionalRatings": [
          {}
        ],
        "source": "KUNUNU"
      }
    ]
  },
  {
    "organization_name": "MREF II Waterstone LLC",
    "mailAddr": {
      "street1": "2111 Old Holzwarth Road",
      "city": "Spring",
      "state": "TX",
      "zip": "77388",
      "country": "US"
    },
    "employee_reviews": [
      {
        "additionalRatings": [
          {}
        ],
        "source": "KUNUNU"
      }
    ]
  },
  {
    "organization_name": "MREF Cypress LLC",
    "mailAddr": {
      "street1": "25222 Northwest Freeway",
      "city": "Cypress",
      "state": "TX",
      "zip": "77429",
      "country": "US"
    },
    "employee_reviews": [
      {
        "additionalRatings": [
          {}
        ],
        "source": "KUNUNU"
      }
    ]
  },
  {
    "organization_name": "McGowen Brazos Venture LTD",
    "mailAddr": {
      "street1": "306 McGowen Street",
      "city": "Houston",
      "state": "TX",
      "zip": "77006",
      "country": "US"
    },
    "employee_reviews": [
      {
        "additionalRatings": [
          {}
        ],
        "source": "KUNUNU"
      }
    ]
  },
  {
    "organization_name": "ADRE Country Square LLC",
    "mailAddr": {
      "street1": "2300 - 2350 South Chambers Road",
      "city": "Aurora",
      "state": "CO",
      "zip": "80014",
      "country": "US"
    },
    "employee_reviews": [
      {
        "additionalRatings": [
          {}
        ],
        "source": "KUNUNU"
      }
    ]
  },
  {
    "organization_name": "Aitken Ronald Bruce & Sheryll C Aitken Trustees of Aitken Family Trust",
    "mailAddr": {
      "street1": "5317 & 5403 Jeff Davis Avenue",
      "city": "Austin",
      "state": "TX",
      "zip": "78756",
      "country": "US"
    },
    "employee_reviews": [
      {
        "additionalRatings": [
          {}
        ],
        "source": "KUNUNU"
      }
    ]
  },
  {
    "organization_name": "Amherst Apartments Limited Partnership",
    "mailAddr": {
      "street1": "150 West Sam Houston Parkway North",
      "city": "Houston",
      "state": "TX",
      "zip": "77024",
      "country": "US"
    },
    "employee_reviews": [
      {
        "additionalRatings": [
          {}
        ],
        "source": "KUNUNU"
      }
    ]
  },
  {
    "organization_name": "Midtown Manor, Inc.",
    "mailAddr": {
      "street1": "400 Burnett Street",
      "city": "Wichita Falls",
      "state": "TX",
      "zip": "76301",
      "country": "US"
    },
    "employee_reviews": [
      {
        "review_rating": "2.0",
        "reviewer_designation": "Healthcare Administrator (Former Employee) –  ",
        "job_location": "Hollywood, FL",
        "review_date": "2017-08-02T00:00:00.000Z",
        "review_title": "Do not work there",
        "review_desc": "Too much responsibility, overworked, underpaid, NO benefits or reimbursement for travel (which was required), very disorganized, poor management and poor teamwork, building was rundown and owners continued to get cited by AHCA and ignored citations until finally the building was sold and the current (or former) owner was personally fined a lofty fine. Patients did not receive care they truly needed because they had poor benefits (Social Security). There were too many patients and not enough staff to support a better \"quality of life\" for the patients. Just NOT a good place to work at all",
        "pros": "None",
        "cons": "No benefits, poor management, underpaid",
        "source": "INDEED"
      },
      {
        "review_rating": "5.0",
        "reviewer_designation": "monitor and report healths changes (Current Employee) –  ",
        "job_location": "Hollywood, FL",
        "review_date": "2018-07-01T00:00:00.000Z",
        "review_title": "Bueno",
        "review_desc": "Trabajar arduamente ,son agradables,compasivos con los residentes",
        "pros": "Beneficios",
        "cons": "No hay mucho tiempo para descansar",
        "source": "INDEED"
      },
      {
        "review_rating": "1.0",
        "reviewer_designation": "Receptionist (Former Employee) –  ",
        "job_location": "Hollywood, FL",
        "review_date": "2017-01-13T00:00:00.000Z",
        "review_title": "Stay Away - Bed BUGS",
        "review_desc": "your co-workers are the best thing about working at Affinity. Owners need to invest more in there employees, so they are encouraged to performe excellent and provide best customer service.",
        "source": "INDEED"
      },
      {
        "review_rating": "1.0",
        "reviewer_designation": "Certified Nursing Assistant (Former Employee) –  ",
        "job_location": "Salt Lake City, UT",
        "review_date": "2013-11-29T00:00:00.000Z",
        "review_title": "The nursing home is the most outstanding for quality care for residents",
        "review_desc": "Typical day is giving quality care to residents and assisting them with their daily ADL's",
        "source": "INDEED"
      },
      {
        "review_rating": "5.0",
        "reviewer_designation": "Registered Nurse (Charge) (Current Employee) –  ",
        "job_location": "Salt Lake City, UT",
        "review_date": "2013-11-10T00:00:00.000Z",
        "review_title": "Great",
        "review_desc": "Great place to work. Worked there prior to receiving my RN certificate as well as afterwards.",
        "source": "INDEED"
      },
      {
        "review_rating": "4.0",
        "reviewer_designation": "Certified Nursing Assistant (Former Employee) –  ",
        "job_location": "2001 Polk St. Hollywood,Fl 33020",
        "review_date": "2013-09-27T00:00:00.000Z",
        "review_title": "interesting and exciting place to work with a warm and intriguing clientele",
        "review_desc": "a typical day at work is demanding and fast paced. there is always someone that needs assistance and tasks that need attention, not to mention laundry! there is much to be learnt through the expertise of doing the daily duties, and interacting with the different ages and types of people living in the facility. i've learned that people especially appreciate your concern and special care when you take some time for them no matter how busy you are. while i was working there the turnover was remarkable. in every level of management there seemed to be a lack of respect and concern for the employees. very few co workers were team players, there were mainly vindictiveness abd spite amongst the employees. the hardest aspect of the job was time management, and constant laundry! :) the most enjoyable part of the job was working with those co workers that were great team players, and also interacting with and seeing the clients happy, even up until bedtime :) those are encouraging memories.",
        "pros": "quiet time after med's and bedtime",
        "cons": "under staffed, no benefits, low chance of pay increase but imposed overtime",
        "source": "INDEED"
      },
      {
        "review_rating": "1.0",
        "reviewer_designation": "Housekeeping Aide (Former Employee) –  ",
        "job_location": "Hollywood, FL",
        "review_date": "2013-09-18T00:00:00.000Z",
        "review_title": "nice place to work",
        "review_desc": "some days are good ,co workers are somewhat friendly, best part is making the people you work for smile.",
        "pros": "better lunches",
        "cons": "better healthcare",
        "source": "INDEED"
      },
      {
        "review_rating": "4.0",
        "reviewer_designation": "PERSONNEL/MED REC DIRECTOR (Former Employee) –  ",
        "job_location": "SALT LAKE CITY, UTAH",
        "review_date": "2012-11-03T00:00:00.000Z",
        "review_title": "Long term care",
        "review_desc": "Nice place to work. Small company. As an employee given autonomy.",
        "source": "INDEED"
      },
      {
        "additionalRatings": [
          {}
        ],
        "source": "KUNUNU"
      }
    ]
  },
  {
    "organization_name": "MREF II Delaney LLC",
    "mailAddr": {
      "street1": "3550 Esplanade Way",
      "city": "Tallahassee",
      "state": "FL",
      "zip": "32311",
      "country": "US"
    },
    "employee_reviews": [
      {
        "additionalRatings": [
          {}
        ],
        "source": "KUNUNU"
      }
    ]
  },
  {
    "organization_name": "DDA Development, LLC",
    "mailAddr": {
      "street1": "75 Springfield Road",
      "city": "Brentwood",
      "state": "NY",
      "zip": "11717",
      "country": "US"
    },
    "employee_reviews": [
      {
        "additionalRatings": [
          {}
        ],
        "source": "KUNUNU"
      }
    ]
  },
  {
    "organization_name": "Bella Terra SPE, LLC and Bella Terra SPE II, LLC",
    "mailAddr": {
      "street1": "659 Junction Drive",
      "city": "Allen",
      "state": "TX",
      "zip": "75013",
      "country": "US"
    },
    "employee_reviews": [
      {
        "additionalRatings": [
          {}
        ],
        "source": "KUNUNU"
      }
    ]
  },
  {
    "organization_name": "GVA Pro, LLC",
    "mailAddr": {
      "street1": "9024 Northgate Boulevard",
      "city": "Austin",
      "state": "TX",
      "zip": "78758",
      "country": "US"
    },
    "employee_reviews": [
      {
        "additionalRatings": [
          {}
        ],
        "source": "KUNUNU"
      }
    ]
  },
  {
    "organization_name": "Seine-SCP Meeting Street Owner, LLC",
    "mailAddr": {
      "street1": "101 Reed Street",
      "city": "Tuscaloosa",
      "state": "AL",
      "zip": "35401",
      "country": "US"
    },
    "employee_reviews": [
      {
        "additionalRatings": [
          {}
        ],
        "source": "KUNUNU"
      }
    ]
  },
  {
    "organization_name": "RanchlandMTX, LLC",
    "mailAddr": {
      "street1": "1212 East Wadley Avenue",
      "city": "Midland",
      "state": "TX",
      "zip": "79705",
      "country": "US"
    },
    "employee_reviews": [
      {
        "additionalRatings": [
          {}
        ],
        "source": "KUNUNU"
      }
    ]
  },
  {
    "organization_name": "MDJ Energy, LLC",
    "mailAddr": {
      "street1": "4850-4860 Shed Road",
      "city": "Bossier City",
      "state": "LA",
      "zip": "71111",
      "country": "US"
    },
    "employee_reviews": [
      {
        "additionalRatings": [
          {}
        ],
        "source": "KUNUNU"
      }
    ]
  },
  {
    "organization_name": "Commercial Hotel Inc and Creed House Holdings Inc.",
    "mailAddr": {
      "street1": "97-11, 13, 15 Springfield Boulevard",
      "city": "Queens Village",
      "state": "NY",
      "zip": "11429",
      "country": "US"
    },
    "employee_reviews": [
      {
        "additionalRatings": [
          {}
        ],
        "source": "KUNUNU"
      }
    ]
  },
  {
    "organization_name": "Centennial Holding Company, LLC",
    "mailAddr": {
      "street1": "6162 Maple Avenue",
      "city": "Dallas",
      "state": "TX",
      "zip": "75235",
      "country": "US"
    },
    "employee_reviews": [
      {
        "additionalRatings": [
          {}
        ],
        "source": "KUNUNU"
      }
    ]
  },
  {
    "organization_name": "Nofelco Service Corp.",
    "mailAddr": {
      "street1": "122-10 31st Avenue",
      "city": "Flushing",
      "state": "NY",
      "zip": "11354",
      "country": "US"
    },
    "employee_reviews": [
      {
        "additionalRatings": [
          {}
        ],
        "source": "KUNUNU"
      }
    ]
  },
  {
    "organization_name": "Upstate Culpepper Landing, LLC",
    "mailAddr": {
      "street1": "201 Culpepper Landing Drive",
      "city": "Duncan",
      "state": "SC",
      "zip": "29334",
      "country": "US"
    },
    "employee_reviews": [
      {
        "additionalRatings": [
          {}
        ],
        "source": "KUNUNU"
      }
    ]
  },
  {
    "organization_name": "Judy Lane Properties, Ltd.",
    "mailAddr": {
      "street1": "303-313 Judy Lane",
      "city": "Copperas Cove",
      "state": "TX",
      "zip": "76522",
      "country": "US"
    },
    "employee_reviews": [
      {
        "additionalRatings": [
          {}
        ],
        "source": "KUNUNU"
      }
    ]
  },
  {
    "organization_name": "2500 Burney Rd., LLC",
    "mailAddr": {
      "street1": "2500 Burney Road",
      "city": "Arlington",
      "state": "TX",
      "zip": "76006",
      "country": "US"
    },
    "employee_reviews": [
      {
        "additionalRatings": [
          {}
        ],
        "source": "KUNUNU"
      }
    ]
  },
  {
    "organization_name": "New Apple Tree Gardens I LP",
    "mailAddr": {
      "street1": "821 North Mildred Street",
      "city": "Ranson",
      "state": "WV",
      "zip": "25438",
      "country": "US"
    },
    "employee_reviews": [
      {
        "additionalRatings": [
          {}
        ],
        "source": "KUNUNU"
      }
    ]
  },
  {
    "organization_name": "Armadillo Properties, LLC",
    "mailAddr": {
      "street1": "58923, 58945, 58967 Business Center Drive",
      "city": "Yucca Valley",
      "state": "CA",
      "zip": "92284",
      "country": "US"
    },
    "employee_reviews": [
      {
        "reviewer_designation": "Current Employee - Assistant Bookkeeper",
        "review_title": "\"Armadillo Properties is a wonderful place to work!\"",
        "pros": "Friendly supportive environment Competence in management Treated very well Enjoy the work Great hours",
        "cons": "Pay is less than I'd like Benefits package is less than I'd like",
        "advice_to_management": "Focus on employee retention by increasing pay/benefits, offer in-house mentorship, emphasize professional development in staff.",
        "source": "GLASSDOOR"
      },
      {
        "additionalRatings": [
          {}
        ],
        "source": "KUNUNU"
      }
    ]
  },
  {
    "organization_name": "Charlotte Crossing, Ltd",
    "mailAddr": {
      "street1": "4000 Vista Del Lago Drive",
      "city": "Winter Haven",
      "state": "FL",
      "zip": "33881",
      "country": "US"
    },
    "employee_reviews": [
      {
        "additionalRatings": [
          {}
        ],
        "source": "KUNUNU"
      }
    ]
  },
  {
    "organization_name": "Melohn Properties, Inc.",
    "mailAddr": {
      "street1": "149 Ballston Avenue, Chruch Avenue, 11 Thomas Avenue",
      "city": "Ballston Spa",
      "state": "NY",
      "zip": "12020",
      "country": "US"
    },
    "employee_reviews": [
      {
        "additionalRatings": [
          {}
        ],
        "source": "KUNUNU"
      }
    ]
  },
  {
    "organization_name": "Cypressbrook Huntington Volta, LLC",
    "mailAddr": {
      "street1": "8575 Volta Drive",
      "city": "Humble",
      "state": "TX",
      "zip": "77338",
      "country": "US"
    },
    "employee_reviews": [
      {
        "additionalRatings": [
          {}
        ],
        "source": "KUNUNU"
      }
    ]
  },
  {
    "organization_name": "Bridgeton Senior Housing Partners LLC",
    "mailAddr": {
      "street1": "40 Riverwalk South",
      "city": "Bridgeton",
      "state": "NJ",
      "zip": "08302",
      "country": "US"
    },
    "employee_reviews": [
      {
        "additionalRatings": [
          {}
        ],
        "source": "KUNUNU"
      }
    ]
  },
  {
    "organization_name": "MREF II Barker Cypress LLC",
    "mailAddr": {
      "street1": "12515 Barker Cypress Road",
      "city": "Cypress",
      "state": "TX",
      "zip": "77429",
      "country": "US"
    },
    "employee_reviews": [
      {
        "additionalRatings": [
          {}
        ],
        "source": "KUNUNU"
      }
    ]
  },
  {
    "organization_name": "Fortune Asset Ltd Partnership",
    "mailAddr": {
      "street1": "4025 Highway 90",
      "city": "Pace",
      "state": "FL",
      "zip": "32571",
      "country": "US"
    },
    "employee_reviews": [
      {
        "additionalRatings": [
          {}
        ],
        "source": "KUNUNU"
      }
    ]
  }
]
