[
  {
    "organization_name": "John J Foley Skilled Nrs Fclty",
    "mailAddr": {
      "street1": "14 Glover Dr",
      "city": "Yaphank",
      "state": "NY",
      "zip": "11980",
      "country": "US"
    },
    "employee_reviews": [
      {
        "additionalRatings": [
          {}
        ],
        "source": "KUNUNU"
      }
    ]
  },
  {
    "organization_name": "Tops Friendly Market",
    "mailAddr": {
      "street1": "1601 Penfield Rd",
      "city": "Rochester",
      "state": "NY",
      "zip": "14625",
      "country": "US"
    },
    "employee_reviews": [
      {
        "reviewer_designation": "Former Employee - Anonymous Employee",
        "review_description": "I worked at TOPS Markets part-time",
        "review_title": "\"Great Company\"",
        "pros": "Friendly managers, room for advancement",
        "cons": "Limited hours, little flexibility in schedule",
        "source": "GLASSDOOR"
      },
      {
        "reviewer_designation": "Former Employee - Cashier",
        "review_description": "I worked at TOPS Markets part-time (Less than a year)",
        "review_title": "\"Great Part Time Job\"",
        "pros": "Very flexible with schedule. Has scholarship opportunities. Pretty easy work.",
        "cons": "No cons really. Everyone there was nice.",
        "source": "GLASSDOOR"
      },
      {
        "review_rating": "4.0",
        "reviewer_designation": "Cahier (Former Employee) –  ",
        "job_location": "Carmel, NY",
        "review_date": "2019-03-12T00:00:00.000Z",
        "review_title": "Nice place to work",
        "review_desc": "I worked here when I was in college. It was a fun place to work. Gets busy, especially on weekends. Coworkers were pretty cool... pretty relaxed environment and good with working around your schedule.",
        "pros": "Good with working around your schedule",
        "cons": "Can be very busy",
        "source": "INDEED"
      },
      {
        "review_rating": "5.0",
        "reviewer_designation": "Cashier (Former Employee) –  ",
        "job_location": "Carmel, NY",
        "review_date": "2019-02-15T00:00:00.000Z",
        "review_title": "Excellent place to work",
        "review_desc": "Tops is a friendly and helpful environment. They make sure their employees are well treated and respected. The management is excellent and also very caring to both the customers and employees.",
        "source": "INDEED"
      },
      {
        "review_rating": "1.0",
        "reviewer_designation": "Cashier/Cart Pusher (Former Employee) –  ",
        "job_location": "Henrietta, NY",
        "review_date": "2019-02-11T00:00:00.000Z",
        "review_title": "Over works employees",
        "review_desc": "Tops does not value their associates. There would be days where employees would be sick and forced to work outside in excess of 100 degree weather in a hot parking lot. Given minimal breaks and had to buy water for an 8 hour strenuous workday of which they will be the only employees in that positions even on the busiest days of the year.",
        "source": "INDEED"
      },
      {
        "review_rating": "5.0",
        "reviewer_designation": "Lead Scan Coordinator (Former Employee) –  ",
        "job_location": "Syracuse, NY",
        "review_date": "2019-02-08T00:00:00.000Z",
        "review_title": "Excellent Place to work",
        "review_desc": "Great place to work & advance. Good. Health Benefits. Pleasant, friendly workplace. You are often recognized for excellent customer service. Everyone makes you feel welcomed!",
        "pros": "Paid vacations",
        "cons": "No cons",
        "source": "INDEED"
      },
      {
        "review_rating": "2.0",
        "reviewer_designation": "Cashier (Former Employee) –  ",
        "job_location": "Batavia, NY",
        "review_date": "2019-02-07T00:00:00.000Z",
        "review_title": "Would Not Recommend",
        "review_desc": "A typical day at work for me consisted of cashing people out. Management was constantly unreasonable with the hours they had me working. I learned how to manage money very well. Management was horrible. I asked for one day off, as it was an anniversary of a death in my family and the day was always hard for me, and they told me I would get the day off numerous times, but I was still put on the schedule for 7pm-11pm. The workplace was very fast paced, especially around the holidays. The customers were very nice. The hardest part of the job was dealing with management. The most enjoyable part of the job was the customers, they were all very great.",
        "source": "INDEED"
      },
      {
        "review_rating": "1.0",
        "reviewer_designation": "Helping Hand (Former Employee) –  ",
        "job_location": "Hilton, NY",
        "review_date": "2019-02-06T00:00:00.000Z",
        "review_title": "very stressful poorly managed constant turnover went bankrupt",
        "review_desc": "It was extremely stressful lots of gossip and backstabbing management included. General manager shared a health care condition i had with the entire store that was non threatening and private. Eventually had to move and they filed for bankruptcy with no prior notice to employees",
        "source": "INDEED"
      },
      {
        "review_rating": "5.0",
        "reviewer_designation": "Deli/Meat Worker (Former Employee) –  ",
        "job_location": "Canastota, NY",
        "review_date": "2019-02-04T00:00:00.000Z",
        "review_title": "Relaxed Work Place and the jobs are easy to learn",
        "review_desc": "I have had experience in grocery stores before and this was by far the best company to work for the field, the supervisors and co-workers were excellent",
        "source": "INDEED"
      },
      {
        "review_rating": "3.0",
        "reviewer_designation": "Cashier (Current Employee) –  ",
        "job_location": "Buffalo, NY",
        "review_date": "2019-02-04T00:00:00.000Z",
        "review_title": "Productive and great opportunity",
        "review_desc": "Working at Tops Friendly Markets has been an amazing educational opportunity. Management is very friendly and the fellow associates are well-rounded. The hardest part of the job is helping argumentative customers. The most enjoyable part of the job is being able to make relationships throughout the workplace and helping customer get on their way home after shopping.",
        "pros": "Friendly environment",
        "cons": "Busy",
        "source": "INDEED"
      },
      {
        "review_rating": "2.0",
        "reviewer_designation": "Tops Gas Station Attendant (Current Employee) –  ",
        "job_location": "Syracuse, NY",
        "review_date": "2019-02-01T00:00:00.000Z",
        "review_title": "Fairly laid back, but with some managerial problems",
        "review_desc": "If you work in the gas station you often do not get breaks unless you call into the store to remind them, and even then you sometimes will still not get a break. Managers often do not schedule people qualified to work in the gas station to cover our breaks if we do get them. Inconsistant schedules, no provided bathroom close to our small building, we have to call into the store to have then send someone out so we can go inside the grocery store.",
        "pros": "We get to sit while working.",
        "cons": "The amount of work our job entails is worth more than the 11.10 we're paid.",
        "source": "INDEED"
      },
      {
        "review_rating": "2.0",
        "reviewer_designation": "Cart Attendant (Former Employee) –  ",
        "job_location": "Cheektowaga, NY",
        "review_date": "2019-01-30T00:00:00.000Z",
        "review_title": "tops summary",
        "review_desc": "it I very stressful and I learned to never let anyone overwork me and im only getting about 16hrs hrs a week. the most enjoyable part was getting paid for my hard work.managament didn't know how to talk to their employees.",
        "source": "INDEED"
      },
      {
        "review_rating": "2.0",
        "reviewer_designation": "Various Positions (Former Employee) –  ",
        "job_location": "North Tonawanda, NY",
        "review_date": "2019-01-29T00:00:00.000Z",
        "review_title": "Very stressful",
        "review_desc": "I had worked there for nearly a year. I always pushed for a better pay or position with better pay. Most everyone that worked there didn't want to be there, in fact called off sick more often than not. Once I got stuck closing the entire back wall (Which was about 4-8 different positions in their own). Everyday I was tasked to make product that never sold and went spoiled. The best part if my day was going out to the Gas station to manage that alone because I got some time to relax a bit. Management never really cared about the health situations of anyone. Once I came in with bronchitis and they asked I stayed and worked and it had to take another department manager to step up to them and let me leave. I learned there, that you're not that useful in the end, regardless of your prior experience or whether or not you perform several positions throughout the store in a day.",
        "pros": "None",
        "cons": "Severe lack of leadership",
        "source": "INDEED"
      },
      {
        "review_rating": "4.0",
        "reviewer_designation": "Deli Clerk (Former Employee) –  ",
        "job_location": "Manlius, NY",
        "review_date": "2019-01-20T00:00:00.000Z",
        "review_title": "Bad stars, but I enjoyed most co-workers",
        "review_desc": "Honestly, Tops doesn't really treat employees right. No discounts on food, can't leave during break to get food, short breaks, unwillingness to allow full-time.They only reason to work there is for the co-workers. I actually made a few friends I still talk to. I think there was a chance to get a scholarship though?",
        "pros": "Money",
        "cons": "no benefits",
        "source": "INDEED"
      },
      {
        "review_rating": "2.0",
        "reviewer_designation": "Stocking Clerk (Former Employee) –  ",
        "job_location": "Amherst, NY",
        "review_date": "2019-01-18T00:00:00.000Z",
        "review_title": "Slow shifts",
        "review_desc": "At first I was getting about 20 hours of work then I only started working 8 hours a week, even after I kept asking for more hours. I had fun working with the other employees. the hardest part for me was staying warm in the freezer section.",
        "pros": "great employees",
        "cons": "not enough hours",
        "source": "INDEED"
      },
      {
        "review_rating": "3.0",
        "reviewer_designation": "Office Clerk, Cashier (Current Employee) –  ",
        "job_location": "Watkins Glen, NY",
        "review_date": "2019-01-18T00:00:00.000Z",
        "review_title": "Not the best",
        "review_desc": "Management calls other employees names no bathroom breaks if busy or have not coverage customers are great however management is not. Overall experience is great if you love people and a fast paced environment",
        "pros": "Benefits after 1 year",
        "cons": "Management",
        "source": "INDEED"
      },
      {
        "review_rating": "3.0",
        "reviewer_designation": "Night Crew Manager (Current Employee) –  ",
        "job_location": "Niagara Falls, NY",
        "review_date": "2019-01-17T00:00:00.000Z",
        "review_title": "Great pay and benefits!",
        "review_desc": "Ive met some amazing people in the 17 years I've been employed here. I've also had several opportunities to advance. Due to competition and changing financial status with the company,I'm seeking other employment.",
        "pros": "Great healthcare",
        "cons": "Severely short staffed",
        "source": "INDEED"
      },
      {
        "review_rating": "5.0",
        "reviewer_designation": "Cashier (Former Employee) –  ",
        "job_location": "Fayetteville, NY",
        "review_date": "2019-01-17T00:00:00.000Z",
        "review_title": "Fun place to work",
        "review_desc": "I had a great experience working at Tops Friendly Markets. It was unfortunate I read my schedule wrong and lost my job. I enjoyed meeting new people and helping them out if needed. I would cash their groceries out for customers and give change back. Very nice place to work and shop.",
        "pros": "Very friendly atmosphere",
        "cons": "short breaks, no discount, insentives",
        "source": "INDEED"
      },
      {
        "review_rating": "4.0",
        "reviewer_designation": "Cashier/Customer Service (Former Employee) –  ",
        "job_location": "Erie, PA",
        "review_date": "2019-01-17T00:00:00.000Z",
        "review_title": "Not a bad job",
        "review_desc": "The workers were friendly. The management was there and prompt. Very easy to learn and get the hang of the cash registers. They have you do computer learning .",
        "pros": "Nice people",
        "cons": "Would not give me hours I needed",
        "source": "INDEED"
      },
      {
        "review_rating": "3.0",
        "reviewer_designation": "Cashier (Former Employee) –  ",
        "job_location": "Rochester, NY",
        "review_date": "2019-01-16T00:00:00.000Z",
        "review_title": "N/a",
        "review_desc": "Productive team work, customer service reaching daily goals as of satisfying customers and working as a team to complete every tasks. Great people doing a great job.",
        "source": "INDEED"
      },
      {
        "review_rating": "4.0",
        "reviewer_designation": "Bakery Clerk (Former Employee) –  ",
        "job_location": "Lyons, NY",
        "review_date": "2019-01-15T00:00:00.000Z",
        "review_title": "Great job and great people I worked with",
        "review_desc": "Turn on bakery oven and proofer. Put thawed out products on racks and into proofer. Make donuts for case. Clean donut prep area. Bake breads and rolls, package bakery products for the display shelves. Break out donuts and frozen products for next day. Clean tables and mop bakery floor. Worked with a great group of people, and store manager was great. Loved the job and learned a lot, but worked short staffed alot",
        "pros": "Customer interaction",
        "cons": "Short staffed",
        "source": "INDEED"
      },
      {
        "review_rating": "1.0",
        "reviewer_designation": "anything (Current Employee) –  ",
        "job_location": "Corning, NY",
        "review_date": "2019-01-14T00:00:00.000Z",
        "review_title": "they are poor and hope to lose there business",
        "review_desc": "they are a cut throat place if you dont do something right or the pick the moost smallest things to write you up for and im not gonna be there gunnie pig",
        "cons": "playing favorites and dont care for who get treated",
        "source": "INDEED"
      },
      {
        "review_rating": "3.0",
        "reviewer_designation": "Cashier, Customer Service (Former Employee) –  ",
        "job_location": "Fayetteville, NY",
        "review_date": "2019-01-13T00:00:00.000Z",
        "review_title": "My overall rate of the Top's company is more than fair to good.",
        "review_desc": "I assisted patrons with their purchases, assisted with the bling and elderly in making their purchases. Customer care was first on my list of priorities. Accomplishing customer satisfaction was easy. I never felt there was any difficult part of my job with Top's. I am out going and like to swap recipes and ideas with a customer. A satisfying part of my cashier career with Top's was getting to know the regular customers and greeting them daily or weekly.",
        "pros": "Employees were given a chance to advance within the Top's Market",
        "cons": "There were not enough hours per week to work as most cashiers were students.",
        "source": "INDEED"
      },
      {
        "review_rating": "3.67",
        "reviewer_designation": "Employee",
        "job_location": "Cortland",
        "review_title": "It was an amazing place to work really great friendly people",
        "review_desc": "Suggestions for improvement\nBetter store manager one who cares more\nWhat I like about the company\nGreat customers friendly faces\nWhat I dislike about the company\nLack of management listening to employees\n",
        "culture_and_valuesRating": "3.00",
        "work_life_balance_rating": "3.00",
        "senior_management_rating": "4.00",
        "compensation_and_benefits_rating": "4.00",
        "career_opportunities_rating": "4.00",
        "job_security_and_advancement_rating": "4.00",
        "additionalRatings": [
          {
            "rating_name": "Teamwork",
            "rating_value": "3.00"
          },
          {
            "rating_name": "Freedom to work independently",
            "rating_value": "3.00"
          },
          {
            "rating_name": "Internal Communication",
            "rating_value": "3.00"
          },
          {
            "rating_name": "Gender Equality",
            "rating_value": "4.00"
          },
          {
            "rating_name": "Attitude towards older colleagues",
            "rating_value": "4.00"
          },
          {
            "rating_name": "Office / Work Environment",
            "rating_value": "4.00"
          },
          {
            "rating_name": "Environmental Friendliness",
            "rating_value": "4.00"
          },
          {
            "rating_name": "Company Image",
            "rating_value": "4.00"
          },
          {
            "rating_name": "Handicapped Accessibility",
            "rating_value": "4.00"
          },
          {
            "rating_name": "Workplace Safety",
            "rating_value": "4.00"
          },
          {
            "rating_name": "Challenging Work",
            "rating_value": "3.00"
          },
          {
            "rating_name": "Inclusive / Diverse",
            "rating_value": "4.00"
          }
        ],
        "benefits": [
          "Flex. working hours is offered",
          "Easy access to public transportation is offered",
          "Paid time off is offered",
          "Life insurance is offered"
        ],
        "source": "KUNUNU"
      },
      {
        "review_rating": "2.78",
        "reviewer_designation": "Employee",
        "job_location": "Williamsville",
        "review_title": "Being a long time employee of this company, I think it’s an “ok” company to work for. Wages are not...",
        "review_desc": "Suggestions for improvement\nAs mentioned in the previous pages, a restructuring of the corporate offices would be something to consider. Most stores are struggling and we need the staffing and hours back in our stores.\nWhat I like about the company\nPositive experiences is the 401k programs. Gives me the opportunity to save money for my retirement. My shift times are flexible so I can plan on activities with my family.\nWhat I dislike about the company\nI think they need to bring the focus back on customer service, which in turn they need to cut the corporate fat and bring the hours back into the store where they belong.\n",
        "culture_and_valuesRating": "3.00",
        "work_life_balance_rating": "2.00",
        "senior_management_rating": "1.00",
        "compensation_and_benefits_rating": "1.00",
        "career_opportunities_rating": "2.00",
        "job_security_and_advancement_rating": "2.00",
        "additionalRatings": [
          {
            "rating_name": "Teamwork",
            "rating_value": "2.00"
          },
          {
            "rating_name": "Freedom to work independently",
            "rating_value": "3.00"
          },
          {
            "rating_name": "Internal Communication",
            "rating_value": "3.00"
          },
          {
            "rating_name": "Gender Equality",
            "rating_value": "4.00"
          },
          {
            "rating_name": "Attitude towards older colleagues",
            "rating_value": "4.00"
          },
          {
            "rating_name": "Office / Work Environment",
            "rating_value": "3.00"
          },
          {
            "rating_name": "Environmental Friendliness",
            "rating_value": "2.00"
          },
          {
            "rating_name": "Company Image",
            "rating_value": "3.00"
          },
          {
            "rating_name": "Handicapped Accessibility",
            "rating_value": "5.00"
          },
          {
            "rating_name": "Workplace Safety",
            "rating_value": "2.00"
          },
          {
            "rating_name": "Challenging Work",
            "rating_value": "5.00"
          },
          {
            "rating_name": "Inclusive / Diverse",
            "rating_value": "3.00"
          }
        ],
        "benefits": [
          "Parking is offered",
          "Paid time off is offered",
          "Healthcare (including vision and dental) is offered",
          "Life insurance is offered"
        ],
        "perks": [
          "Health and wellness programs is offered"
        ],
        "source": "KUNUNU"
      },
      {
        "review_rating": "3.00",
        "reviewer_designation": "C-Suite / Leadership",
        "job_location": "Watertown",
        "review_title": ": 3 of 5 stars",
        "review_desc": "Suggestions for improvement\nThe Ability to advance to different positions\nWhat I like about the company\nI personally like Flexible scheduling the best\n",
        "culture_and_valuesRating": "3.00",
        "work_life_balance_rating": "1.00",
        "senior_management_rating": "3.00",
        "compensation_and_benefits_rating": "1.00",
        "career_opportunities_rating": "1.00",
        "job_security_and_advancement_rating": "5.00",
        "additionalRatings": [
          {
            "rating_name": "Teamwork",
            "rating_value": "3.00"
          },
          {
            "rating_name": "Freedom to work independently",
            "rating_value": "4.00"
          },
          {
            "rating_name": "Internal Communication",
            "rating_value": "2.00"
          },
          {
            "rating_name": "Gender Equality",
            "rating_value": "3.00"
          },
          {
            "rating_name": "Attitude towards older colleagues",
            "rating_value": "4.00"
          },
          {
            "rating_name": "Office / Work Environment",
            "rating_value": "4.00"
          },
          {
            "rating_name": "Environmental Friendliness",
            "rating_value": "3.00"
          },
          {
            "rating_name": "Company Image",
            "rating_value": "2.00"
          },
          {
            "rating_name": "Handicapped Accessibility",
            "rating_value": "5.00"
          },
          {
            "rating_name": "Workplace Safety",
            "rating_value": "4.00"
          },
          {
            "rating_name": "Challenging Work",
            "rating_value": "3.00"
          },
          {
            "rating_name": "Inclusive / Diverse",
            "rating_value": "3.00"
          }
        ],
        "benefits": [
          "Flex. working hours is offered",
          "Paid Parental Leave is offered",
          "Paid time off is offered",
          "Healthcare (including vision and dental) is offered",
          "Life insurance is offered"
        ],
        "perks": [
          "Employee events is offered"
        ],
        "source": "KUNUNU"
      },
      {
        "review_rating": "4.11",
        "reviewer_designation": "Employee",
        "job_location": "Williamsville",
        "review_title": "Cashier/Supervisor",
        "review_desc": "What I like about the company\ndiverse and easy to promote\nWhat I dislike about the company\nhigher management tends to neglect concerns\n",
        "culture_and_valuesRating": "3.00",
        "work_life_balance_rating": "4.00",
        "senior_management_rating": "4.00",
        "compensation_and_benefits_rating": "5.00",
        "career_opportunities_rating": "5.00",
        "job_security_and_advancement_rating": "3.00",
        "additionalRatings": [
          {
            "rating_name": "Teamwork",
            "rating_value": "4.00"
          },
          {
            "rating_name": "Freedom to work independently",
            "rating_value": "4.00"
          },
          {
            "rating_name": "Internal Communication",
            "rating_value": "3.00"
          },
          {
            "rating_name": "Gender Equality",
            "rating_value": "5.00"
          },
          {
            "rating_name": "Attitude towards older colleagues",
            "rating_value": "4.00"
          },
          {
            "rating_name": "Office / Work Environment",
            "rating_value": "4.00"
          },
          {
            "rating_name": "Environmental Friendliness",
            "rating_value": "2.00"
          },
          {
            "rating_name": "Company Image",
            "rating_value": "5.00"
          },
          {
            "rating_name": "Handicapped Accessibility",
            "rating_value": "5.00"
          },
          {
            "rating_name": "Workplace Safety",
            "rating_value": "5.00"
          },
          {
            "rating_name": "Challenging Work",
            "rating_value": "4.00"
          },
          {
            "rating_name": "Inclusive / Diverse",
            "rating_value": "5.00"
          }
        ],
        "benefits": [
          "Flex. working hours is offered",
          "Paid time off is offered"
        ],
        "perks": [
          "Health and wellness programs is offered",
          "Employee events is offered"
        ],
        "source": "KUNUNU"
      },
      {
        "review_rating": "2.47",
        "reviewer_designation": "Others",
        "job_location": "Williamsville",
        "review_title": "grocery manager",
        "review_desc": "Suggestions for improvement\nCutting hours for hourly and increasing hours for salaried and telling everyone they are replaceable is not how to run company\nWhat I like about the company\nGives to community\nWhat I dislike about the company\nDoesn't care about work/life balance\n",
        "culture_and_valuesRating": "1.00",
        "work_life_balance_rating": "1.00",
        "senior_management_rating": "3.00",
        "compensation_and_benefits_rating": "2.00",
        "career_opportunities_rating": "4.00",
        "job_security_and_advancement_rating": "3.00",
        "additionalRatings": [
          {
            "rating_name": "Teamwork",
            "rating_value": "2.00"
          },
          {
            "rating_name": "Freedom to work independently",
            "rating_value": "3.00"
          },
          {
            "rating_name": "Internal Communication",
            "rating_value": "3.00"
          },
          {
            "rating_name": "Gender Equality",
            "rating_value": "2.00"
          },
          {
            "rating_name": "Attitude towards older colleagues",
            "rating_value": "3.00"
          },
          {
            "rating_name": "Office / Work Environment",
            "rating_value": "1.00"
          },
          {
            "rating_name": "Environmental Friendliness",
            "rating_value": "3.00"
          },
          {
            "rating_name": "Company Image",
            "rating_value": "3.00"
          },
          {
            "rating_name": "Workplace Safety",
            "rating_value": "3.00"
          },
          {
            "rating_name": "Challenging Work",
            "rating_value": "3.00"
          },
          {
            "rating_name": "Inclusive / Diverse",
            "rating_value": "2.00"
          }
        ],
        "benefits": [
          "Tuition assistance is offered",
          "Paid Parental Leave is offered",
          "Flexible spending account is offered",
          "Paid time off is offered",
          "Healthcare (including vision and dental) is offered",
          "Life insurance is offered"
        ],
        "perks": [
          "Health and wellness programs is offered",
          "Employee discounts is offered"
        ],
        "source": "KUNUNU"
      },
      {
        "review_rating": "2.5",
        "reviewer_designation": "TOPS Friendly Markets Employee",
        "review_desc": "\"I wasted a bit over a year of my life at Tops. Lots of broken promises on their end. When they found out I was looking for another job, they slashed my hours to the minimum amount required by the union. What's good is that I got the experience needed to obtain a FAR better job.\"",
        "additionalRatings": [
          {
            "rating_name": "Person You Work For",
            "rating_value": "4 / 5"
          },
          {
            "rating_name": "People You Work With",
            "rating_value": "4 / 5"
          },
          {
            "rating_name": "Work Setting",
            "rating_value": "2 / 5"
          },
          {
            "rating_name": "Support You Get",
            "rating_value": "2 / 5"
          },
          {
            "rating_name": "Rewards You Receive",
            "rating_value": "1 / 5"
          },
          {
            "rating_name": "Growth Opportunities",
            "rating_value": "1 / 5"
          },
          {
            "rating_name": "Company Culture",
            "rating_value": "1 / 5"
          },
          {
            "rating_name": "Way You Work",
            "rating_value": "4 / 5"
          }
        ],
        "source": "CAREER_BLISS"
      },
      {
        "review_rating": "4.0",
        "reviewer_designation": "HR Manager",
        "additionalRatings": [
          {
            "rating_name": "Person You Work For",
            "rating_value": "4 / 5"
          },
          {
            "rating_name": "People You Work With",
            "rating_value": "4.1 / 5"
          },
          {
            "rating_name": "Work Setting",
            "rating_value": "3.8 / 5"
          },
          {
            "rating_name": "Support You Get",
            "rating_value": "4 / 5"
          },
          {
            "rating_name": "Rewards You Receive",
            "rating_value": "4.1 / 5"
          },
          {
            "rating_name": "Growth Opportunities",
            "rating_value": "4 / 5"
          },
          {
            "rating_name": "Company Culture",
            "rating_value": "3.9 / 5"
          },
          {
            "rating_name": "Way You Work",
            "rating_value": "4 / 5"
          }
        ],
        "source": "CAREER_BLISS"
      },
      {
        "review_rating": "0.0",
        "reviewer_designation": "Customer Service Representative",
        "review_desc": "\"What are the percentage of employees that have come and stayed? Also the ones that left?\"",
        "source": "CAREER_BLISS"
      },
      {
        "review_rating": "0.0",
        "reviewer_designation": "Dairy Clerk",
        "review_desc": "\"Easy to balance school and work\"",
        "source": "CAREER_BLISS"
      },
      {
        "review_rating": "0.0",
        "reviewer_designation": "Grocery Manager",
        "review_desc": "\"I learned alot from my experience, but would never go back\"",
        "source": "CAREER_BLISS"
      },
      {
        "review_rating": "0.0",
        "reviewer_designation": "Orientation Coordinator",
        "review_desc": "\"The beginning for my career\"",
        "source": "CAREER_BLISS"
      }
    ]
  },
  {
    "organization_name": "ZAEPFEL DEVELOPMENT CO",
    "mailAddr": {
      "street1": "85 NORTHPOINTE PARKWAY",
      "city": "AMHERST",
      "state": "NY",
      "zip": "14228",
      "country": "US"
    },
    "employee_reviews": [
      {
        "additionalRatings": [
          {}
        ],
        "source": "KUNUNU"
      }
    ]
  },
  {
    "organization_name": "ZAEPFEL DEVELOPMENT CO",
    "mailAddr": {
      "street1": "2065 HARLEM ROAD",
      "city": "BUFFALO",
      "state": "NY",
      "zip": "14212",
      "country": "US"
    },
    "employee_reviews": [
      {
        "additionalRatings": [
          {}
        ],
        "source": "KUNUNU"
      }
    ]
  },
  {
    "organization_name": "1066-68 Guerrero & 151 Ames HOA",
    "mailAddr": {
      "street1": "610 16th Street, Ste. 400",
      "city": "Oakland",
      "state": "CA",
      "zip": "94612",
      "country": "US"
    },
    "employee_reviews": [
      {
        "additionalRatings": [
          {}
        ],
        "source": "KUNUNU"
      }
    ]
  },
  {
    "organization_name": "91st Street Tenants Corp",
    "mailAddr": {
      "street1": "666 Broadway, 12th Floor",
      "city": "New York",
      "state": "NY",
      "zip": "10012",
      "country": "US"
    },
    "employee_reviews": [
      {
        "additionalRatings": [
          {}
        ],
        "source": "KUNUNU"
      }
    ]
  },
  {
    "organization_name": "ZAEPFEL DEVELOPMENT CO",
    "mailAddr": {
      "street1": "100 PIRSON PARKWAY",
      "city": "TONAWANDA",
      "state": "NY",
      "zip": "14150",
      "country": "US"
    },
    "employee_reviews": [
      {
        "additionalRatings": [
          {}
        ],
        "source": "KUNUNU"
      }
    ]
  },
  {
    "organization_name": "ZAEPFEL DEVELOPMENT CO",
    "mailAddr": {
      "street1": "275 NORTHPOINTE PARKWAY",
      "city": "Amherst",
      "state": "NY",
      "zip": "14228",
      "country": "US"
    },
    "employee_reviews": [
      {
        "additionalRatings": [
          {}
        ],
        "source": "KUNUNU"
      }
    ]
  },
  {
    "organization_name": "ZAEPFEL DEVELOPMENT CO",
    "mailAddr": {
      "street1": "1964 KENSINGTON AVENUE",
      "city": "BUFFALO",
      "state": "NY",
      "zip": "14215",
      "country": "US"
    },
    "employee_reviews": [
      {
        "additionalRatings": [
          {}
        ],
        "source": "KUNUNU"
      }
    ]
  },
  {
    "organization_name": "ZAEPFEL DEVELOPMENT CO",
    "mailAddr": {
      "street1": "8300 GRIENER ROAD",
      "city": "CLARENCE",
      "state": "NY",
      "zip": "14221",
      "country": "US"
    },
    "employee_reviews": [
      {
        "additionalRatings": [
          {}
        ],
        "source": "KUNUNU"
      }
    ]
  },
  {
    "organization_name": "Crete Carrier Corporation",
    "mailAddr": {
      "street1": "400 Northwest 56th Street",
      "city": "Lincoln",
      "state": "NE",
      "zip": "68528",
      "country": "US"
    },
    "employee_reviews": [
      {
        "reviewer_designation": "Current Employee - Operations Associate",
        "review_description": "I have been working at Crete Carrier full-time",
        "review_title": "\"Amazing Company\"",
        "pros": "Great Pay Great benefits Great work life balance Lots of room for growth",
        "cons": "I haven't found any cons to post",
        "source": "GLASSDOOR"
      },
      {
        "reviewer_designation": "Current Employee - Operations Associate",
        "review_description": "I have been working at Crete Carrier full-time",
        "review_title": "\"Amazing Company\"",
        "pros": "Great Pay Great benefits Great work life balance Lots of room for growth",
        "cons": "I haven't found any cons to post",
        "source": "GLASSDOOR"
      },
      {
        "review_rating": "4.0",
        "reviewer_designation": "Driver/Operator (Current Employee) –  ",
        "job_location": "Newbraska",
        "review_date": "2019-02-21T00:00:00.000Z",
        "review_title": "It is hectic and at times very nerve wrecking.",
        "review_desc": "Job is ok.but to many changes making it rough to live out there for26 days.a month.no bonus. No holiday pay.11 years and can not go home for holidays. Always changing rules.now no refrigerator allowed.unless i buy it from them.",
        "pros": "Money and miles ok most ttimes.some weeks i make 600.00 other times 1000.00",
        "cons": "Always changing rules.no holiday pay.very little home time",
        "source": "INDEED"
      },
      {
        "review_rating": "5.0",
        "reviewer_designation": "Company Driver (Former Employee) –  ",
        "job_location": "Lincoln, NE",
        "review_date": "2019-03-03T00:00:00.000Z",
        "review_title": "Very good place to work.",
        "review_desc": "Pay is very good, and they keep you moving. Management will work with you on all of your problems. They will get you home on time. I will love to go back.",
        "source": "INDEED"
      },
      {
        "review_rating": "5.0",
        "reviewer_designation": "Administrative Assistant (Former Employee) –  ",
        "job_location": "Columbus, OH",
        "review_date": "2019-02-25T00:00:00.000Z",
        "review_title": "Great Place to Learn the Industry",
        "review_desc": "This was my first time working within the transportation industry and the company ensured I had all the tools needed to perform my job efficiently. Very relaxed and welcoming terminal atmosphere. High management turn-over, however.",
        "source": "INDEED"
      },
      {
        "review_rating": "5.0",
        "reviewer_designation": "Truck Driver Class A (Current Employee) –  ",
        "job_location": "Crete Marietta ga",
        "review_date": "2019-02-24T00:00:00.000Z",
        "review_title": "Great place to work",
        "review_desc": "I've been with Crete over a year, but most of that time I've been on medical leave, shoulder injury/ surgery, but crete has been with me the whole time, I have been treated great and I have nothing bad to say. I hope when the time comes I can return to the job for which I was hired and god willing I will retire from Crete. Any body that wants to start a career in trucking then give crete a call and enjoy",
        "pros": "Great equipment and very fair pay and the miles are there for the asking",
        "cons": "None",
        "source": "INDEED"
      },
      {
        "review_rating": "5.0",
        "reviewer_designation": "Administrative Assistant/Receptionist (Former Employee) –  ",
        "job_location": "Marietta, GA",
        "review_date": "2019-02-22T00:00:00.000Z",
        "review_title": "Fast Paced but ideal in the industry",
        "review_desc": "I really enjoy working here. I met a lot of great drivers as well as staff that I remain friends weather today. I and no longer at Great due to actions of my own. However, I have nothing negative to say about the organization. And we reminisced you know about what things that happened",
        "source": "INDEED"
      },
      {
        "review_rating": "5.0",
        "reviewer_designation": "Driver Trainer/Otr Driver (Current Employee) –  ",
        "job_location": "Lincoln, NE",
        "review_date": "2019-02-16T00:00:00.000Z",
        "review_title": "Crete Driver National Fleet",
        "review_desc": "I have been at Crete for 7 years now and don’t intend to leave anytime soon. I get my miles I get home on time. I have a great Asset Manager the shop is not bad. My terminal people are easy to work with as well. So if people are not getting miles and making money I don’t see why not. Maybe they need to check themselves for the answer",
        "pros": "Miles pay people I work with",
        "cons": "Can’t think of anything",
        "source": "INDEED"
      },
      {
        "review_rating": "1.0",
        "reviewer_designation": "OTR Company Driver (Former Employee) –  ",
        "job_location": "Wilmer, TX",
        "review_date": "2019-02-16T00:00:00.000Z",
        "review_title": "The Wilmer office is horrible. They lie about pay and purposely put you in situations to fail!!!!",
        "review_desc": "I was given an automatic when I started working for them. Then my dad was hospitalized and I was off 2 weeks. Well the old Dallas manager was fired while I was gone. I guess the NEW Dallas manager thought he had to prove himself so when I came back they gave me a manual. I BEGGED THEM, several times, not to give me a manual because I was uncomfortable with it and it would be dangerous. 2 days later I went to pick up a trailer from a company who's dock you had to back up to, across a semi busy highway. I ended up catching my door on the trailer next to mine. My biggest fear was the truck stalling and someone speeding down that road and killing themselves because they didn't see me backing over the road in time because it was dark. Then they put a camera in my truck. If a truck driver tells you they are uncomfortable driving the truck you're giving them and they feel it's dangerous, you should listen to them. So they put a preventable accident on my dac report for hitting a trailer in a truck I begged them not to put me in for safety reasons to start. On top of all that I NEVER got the pay I was told I would get. I would give 0 stars if I could. I DO NOT RECOMMEND THIS COMPANY. WATCH YOUR MONEY BECAUSE THEY'LL TELL YOU ANYTHING TO GET YOU IN THE DOOR.",
        "pros": "My dispatcher was good and kind.",
        "cons": "Wilmer tx management is horrible and they lie about pay",
        "source": "INDEED"
      },
      {
        "review_rating": "4.0",
        "reviewer_designation": "OTR Truck Driver (Former Employee) –  ",
        "job_location": "Lincoln, NE",
        "review_date": "2019-02-12T00:00:00.000Z",
        "review_title": "Medical surgery",
        "review_desc": "Crete carrier treated me pretty good had to leave them due to eye surgery I would go back there life style is tough but I enjoyed the traveling and driving part of truck driving",
        "pros": "Got to travel all around the country",
        "cons": "The dispatch really didn’t help out much getting me good miles",
        "source": "INDEED"
      },
      {
        "review_rating": "4.0",
        "reviewer_designation": "Truck Driver (OTR) (Current Employee) –  ",
        "job_location": "Columbus, OH",
        "review_date": "2019-02-02T00:00:00.000Z",
        "review_title": "Reasonable place to work at, pays well except for breakdown pay and detention",
        "review_desc": "I get good miles and a good mileage rate pay. The benefits are decent. The night and weekend dispatch make me wait for hours sometimes. I often get shorted on downtime/breakdown pay and detention pay. It's annoying that they get the W-2s out so late.",
        "pros": "Good pay, good benefits",
        "cons": "W-2s are delivered late, evening and weekend dispatch are terrible, breakdown and detention pays shorted often",
        "source": "INDEED"
      },
      {
        "review_rating": "2.0",
        "reviewer_designation": "PROFESSIONAL DRIVER (Former Employee) –  ",
        "job_location": "Lincoln, NE",
        "review_date": "2019-02-02T00:00:00.000Z",
        "review_title": "Not what I expected",
        "review_desc": "This was the first OTR driving job I had took. They never seemed to have loads ready for me and getting home was always a problem. The compensation was at the low end of the pay scale.",
        "source": "INDEED"
      },
      {
        "review_rating": "5.0",
        "reviewer_designation": "Professional Truck Driver (Former Employee) –  ",
        "job_location": "North Platte, NE 69101",
        "review_date": "2019-01-31T00:00:00.000Z",
        "review_title": "Driving was Enjoyable",
        "review_desc": "Contact Dispatch for next load. Drive daily between 7 to 9 hours daily. Adhere to all safety procedures and hours of service. Contact dispatch before unloading to get information on next load Keep good records (Log Book)",
        "pros": "Great company and pay",
        "cons": "Not able to get home as often as I wanted",
        "source": "INDEED"
      },
      {
        "review_rating": "5.0",
        "reviewer_designation": "Over the road truck driver (Former Employee) –  ",
        "job_location": "Lincoln, NE",
        "review_date": "2019-01-30T00:00:00.000Z",
        "review_title": "Crete is a good company,",
        "review_desc": "Crete is a good company They gave me a great chance, and I had an exciting time. Just didn't work for me and my family. Thank you very much CCC you were great",
        "pros": "Ease of getting employed",
        "cons": "To many work hours away from home.",
        "source": "INDEED"
      },
      {
        "review_rating": "2.0",
        "reviewer_designation": "OTR Driver (Former Employee) –  ",
        "job_location": "Marietta, GA",
        "review_date": "2019-01-29T00:00:00.000Z",
        "review_title": "Welcome to truck stop trucking",
        "review_desc": "Last year everything was going great had a good asset manager was making good pay and miles until recently got a new asset manager now running between two and four hundred miles a day sometimes 1600 miles a week and they say that's all they have I'm starting to see why they raised the pay . You must be a go along to get along person to work here even through all the lying and scheming in the end it all depends upon if you get a good asset manager or not it's like working for two different companies in the end you're just another number with this company",
        "pros": "Plenty of time for reading or watching movies",
        "cons": "No miles and no normal trucks here",
        "source": "INDEED"
      },
      {
        "review_rating": "3.0",
        "reviewer_designation": "Driver/Operator (Former Employee) –  ",
        "job_location": "Lincoln, NE",
        "review_date": "2019-01-28T00:00:00.000Z",
        "review_title": "Truck driving",
        "review_desc": "High stress truck driving 48 state and Canada. Company has high expectations for the driver. Driver has little input on the reality of doing each assigned trip. Insurance was good, compensation was fair.",
        "pros": "Good health insurance, ok equipment.",
        "cons": "Weeks away from home.",
        "source": "INDEED"
      },
      {
        "review_rating": "5.0",
        "reviewer_designation": "Long Haul Driver (Former Employee) –  ",
        "job_location": "Wilmer, TX",
        "review_date": "2019-01-23T00:00:00.000Z",
        "review_title": "I truly enjoyed working for this employer.",
        "review_desc": "This employer was great to work for. The pros far outweighed the cons. There were times that there were problems with communication and directions, but for the most part it wentirely very smooth.",
        "pros": "Great company with good management.",
        "cons": "Occasional incorrect information and inadequate communication.",
        "source": "INDEED"
      },
      {
        "review_rating": "5.0",
        "reviewer_designation": "Driver (Current Employee) –  ",
        "job_location": "Pauls Valley, OK",
        "review_date": "2019-01-18T00:00:00.000Z",
        "review_title": "Things that should be done.",
        "review_desc": "At the beginning of employment that should let the employees pay for their own short term disability and long term disability. So that the employee can have less stress about paying bills.",
        "source": "INDEED"
      },
      {
        "review_rating": "4.0",
        "reviewer_designation": "Driver (Former Employee) –  ",
        "job_location": "Lincoln, NE",
        "review_date": "2019-01-14T00:00:00.000Z",
        "review_title": "Good pay and home time",
        "review_desc": "Worked nights , lots of stops Learned Walmart Dedicated delivery protocols Walmart Dedicated account was very well managed Friendly workplace culture Tough winter driving conditions Very consistent work schedule and salary",
        "pros": "Consistent",
        "cons": "Long way from home",
        "source": "INDEED"
      },
      {
        "review_rating": "2.0",
        "reviewer_designation": "Software Developer (Current Employee) –  ",
        "job_location": "400 nowth west 56th",
        "review_date": "2019-01-07T00:00:00.000Z",
        "review_title": "A Trucking Company",
        "review_desc": "This is a hard culture to work with. The environment is not good for concentrating on work. Employees tend to stay for life. The employees are fantastic. There are common company events that can be attended.",
        "source": "INDEED"
      },
      {
        "review_rating": "4.0",
        "reviewer_designation": "CDL Class A Truck Driver (Former Employee) –  ",
        "job_location": "Mankato, MN",
        "review_date": "2019-01-04T00:00:00.000Z",
        "review_title": "I liked the fact that I got to know my routes.",
        "review_desc": "I felt that management was very poor and even dangerous. Though Crete said they stressed safety, my fleet manager still expected me to get back to Mankato during an ice storm.",
        "pros": "fuel option was REALLY great",
        "cons": "didn't like the manager",
        "source": "INDEED"
      },
      {
        "review_rating": "3.0",
        "reviewer_designation": "TRUCK DRIVER (Former Employee) –  ",
        "job_location": "Lincoln, NE",
        "review_date": "2019-01-02T00:00:00.000Z",
        "review_title": "Not good",
        "review_desc": "Would hv made it a career job but I dnt think tht some of thm really want certain drivers and their new/latest staff tht they hv enlisted lately aren't as professional are concerning as previous staff members. The new staff members were unexperienced and not to aware of certain drivers contributions and issues.",
        "source": "INDEED"
      },
      {
        "review_rating": "4.0",
        "reviewer_designation": "Driver (Former Employee) –  ",
        "job_location": "Lincoln, NE",
        "review_date": "2019-01-01T00:00:00.000Z",
        "review_title": "Good place to work for",
        "review_desc": "Lots of freight, they let you do your job, no hassle, minimal checking in as long as your doing your job. Top notch equipment. Great staff. Always there if you need to get ahold of them.",
        "pros": "Great atmosphere, friendly people, good equipment, great pay",
        "cons": "Out no less that 2 weeks at a time, big company easy to get lost in a crowd",
        "source": "INDEED"
      },
      {
        "review_rating": "5.0",
        "reviewer_designation": "Sales Representative",
        "additionalRatings": [
          {
            "rating_name": "Person You Work For",
            "rating_value": "4.9 / 5"
          },
          {
            "rating_name": "People You Work With",
            "rating_value": "4.9 / 5"
          },
          {
            "rating_name": "Work Setting",
            "rating_value": "4.9 / 5"
          },
          {
            "rating_name": "Support You Get",
            "rating_value": "4.9 / 5"
          },
          {
            "rating_name": "Rewards You Receive",
            "rating_value": "4.9 / 5"
          },
          {
            "rating_name": "Growth Opportunities",
            "rating_value": "4.9 / 5"
          },
          {
            "rating_name": "Company Culture",
            "rating_value": "4.9 / 5"
          },
          {
            "rating_name": "Way You Work",
            "rating_value": "4.9 / 5"
          }
        ],
        "source": "CAREER_BLISS"
      },
      {
        "review_rating": "0.0",
        "reviewer_designation": "Customer Service Representative",
        "review_desc": "\"Excxellent aompany to work for.\"",
        "source": "CAREER_BLISS"
      },
      {
        "review_rating": "0.0",
        "reviewer_designation": "Recruiter",
        "review_desc": "\"TRUE\"",
        "source": "CAREER_BLISS"
      },
      {
        "review_rating": "0.0",
        "reviewer_designation": "Accounts Payable Auditor",
        "review_desc": "\"Not very good\"",
        "source": "CAREER_BLISS"
      }
    ]
  },
  {
    "organization_name": "Everlast Worldwide Inc",
    "mailAddr": {
      "street1": "1350 Broadway # 2300",
      "city": "New York",
      "state": "NY",
      "zip": "10018",
      "country": "US"
    },
    "employee_reviews": [
      {
        "additionalRatings": [
          {}
        ],
        "source": "KUNUNU"
      }
    ]
  },
  {
    "organization_name": "Dale's Market",
    "mailAddr": {
      "street1": "134 S Main St",
      "city": "Albion",
      "state": "NY",
      "zip": "14411",
      "country": "US"
    },
    "employee_reviews": [
      {
        "additionalRatings": [
          {}
        ],
        "source": "KUNUNU"
      }
    ]
  },
  {
    "organization_name": "Saint-Gobain Performance Plstc",
    "mailAddr": {
      "street1": "14 Mccaffrey St",
      "city": "Hoosick Falls",
      "state": "NY",
      "zip": "12090",
      "country": "US"
    },
    "employee_reviews": [
      {
        "additionalRatings": [
          {}
        ],
        "source": "KUNUNU"
      }
    ]
  },
  {
    "organization_name": "Lakeside Health System",
    "mailAddr": {
      "street1": "156 West Ave # 101",
      "city": "Brockport",
      "state": "NY",
      "zip": "14420",
      "country": "US"
    },
    "employee_reviews": [
      {
        "reviewer_designation": "Former Employee - CNA",
        "review_description": "I worked at Lakeside Health System full-time (Less than a year)",
        "review_title": "\"Not a bad place to work\"",
        "pros": "The staff on the unit i worked on was great. especially the evenings shift that i worked. the other cnas and the nursing staff is great",
        "cons": "The day shift was to much like a high school click. the upper management seamed to b never available",
        "advice_to_management": "Be more available to the nursing staff",
        "source": "GLASSDOOR"
      },
      {
        "review_rating": "4.0",
        "reviewer_designation": "Nursing Secretary to LTC Education/ PI Assoc (Former Employee) –  ",
        "job_location": "Brockport, NY",
        "review_date": "2013-07-12T00:00:00.000Z",
        "review_title": "Nice place to work",
        "review_desc": "Small town hospital Staff was very friendly Got along great with co-workers and other staff.",
        "source": "INDEED"
      },
      {
        "review_rating": "3.0",
        "reviewer_designation": "Health Unit Coordinator (Former Employee) –  ",
        "job_location": "Brockport, NY",
        "review_date": "2012-11-08T00:00:00.000Z",
        "review_title": "fun workplace great coworkers",
        "review_desc": "Very fun workplace, great coworkers. very hard to raise children on my own working weekends and holiday rotation. Pay is very low for the amount of work and responsabilities. very stressful at times. Some managment took what you said into consideration others just blew it out their ears.",
        "pros": "close to home",
        "cons": "pay is horrible",
        "source": "INDEED"
      },
      {
        "review_rating": "3.0",
        "reviewer_designation": "Certified Nurse Assistant (Former Employee) –  ",
        "job_location": "Brockport, NY",
        "review_date": "2012-10-24T00:00:00.000Z",
        "review_title": "Good institution to work at.",
        "review_desc": "It's is a good institution to work at. Poor manages establishment. Co-worker are nice to work with. Even though there is not a great team work. The most enjoyable part is when the work go smooth and everyone is in one page regarding the job.",
        "source": "INDEED"
      },
      {
        "review_rating": "5.0",
        "reviewer_designation": "Internship-Marketing (Former Employee) –  ",
        "job_location": "Brockport, NY",
        "review_date": "2012-08-27T00:00:00.000Z",
        "review_title": "Productive and Fast Pace Environment",
        "review_desc": "Lakesie Health System is a wonderful place to work, or intern at. Everyday, I woould walk in say hello to everyoone and finish the responsbiblities I was assigned to do, such as copying, filing folders, faxing, etc. I enjoyed interning at Lakeside Health System. The most enjoyable part was the co-workers.They were very friendly and if you had any questions or concerns they had no problem helping you. The co-workers made me feel comfortable and I was happy I chose Lakeside Health System to do my internship. The hardest part of the internship was lifting and moving a few boxes filled with folders around.",
        "pros": "friendly patients, physicians, ob/gyn, receptionists",
        "cons": "distance",
        "source": "INDEED"
      }
    ]
  },
  {
    "organization_name": "ZAEPFEL DEVELOPMENT CO",
    "mailAddr": {
      "street1": "100 COLLEGE PARK",
      "city": "WILLIAMSVILLE",
      "state": "NY",
      "zip": "14221",
      "country": "US"
    },
    "employee_reviews": [
      {
        "additionalRatings": [
          {}
        ],
        "source": "KUNUNU"
      }
    ]
  },
  {
    "organization_name": "ZAEPFEL DEVELOPMENT CO",
    "mailAddr": {
      "street1": "1700 Wehrle Drive",
      "city": "BUFFALO",
      "state": "NY",
      "zip": "14221",
      "country": "US"
    },
    "employee_reviews": [
      {
        "additionalRatings": [
          {}
        ],
        "source": "KUNUNU"
      }
    ]
  },
  {
    "organization_name": "Aiello Architecture Design,Inc",
    "mailAddr": {
      "street1": "1800 Glenview Rd., #B",
      "city": "Glenview",
      "state": "IL",
      "zip": "60025",
      "country": "US"
    },
    "employee_reviews": [
      {
        "additionalRatings": [
          {}
        ],
        "source": "KUNUNU"
      }
    ]
  },
  {
    "organization_name": "935 Washington Condo Trust",
    "mailAddr": {
      "street1": "121 Mystic Avenue, Suite 7",
      "city": "Medford",
      "state": "MA",
      "zip": "02155",
      "country": "US"
    },
    "employee_reviews": [
      {
        "additionalRatings": [
          {}
        ],
        "source": "KUNUNU"
      }
    ]
  },
  {
    "organization_name": "A'la Carte Courier Service Inc",
    "mailAddr": {
      "street1": "PO Box 1128",
      "city": "Oklahoma City",
      "state": "OK",
      "zip": "73101",
      "country": "US"
    },
    "employee_reviews": [
      {
        "additionalRatings": [
          {}
        ],
        "source": "KUNUNU"
      }
    ]
  },
  {
    "organization_name": "156 Lower Terrace Homeowners Association",
    "mailAddr": {
      "street1": "156 Lower Terrace",
      "city": "San Francisco",
      "state": "CA",
      "zip": "94114",
      "country": "US"
    },
    "employee_reviews": [
      {
        "additionalRatings": [
          {}
        ],
        "source": "KUNUNU"
      }
    ]
  },
  {
    "organization_name": "Ai-Phuong Pham DMD",
    "mailAddr": {
      "street1": "480 Adams St. Suite 104",
      "city": "Milton",
      "state": "MA",
      "zip": "02186",
      "country": "US"
    },
    "employee_reviews": [
      {
        "additionalRatings": [
          {}
        ],
        "source": "KUNUNU"
      }
    ]
  },
  {
    "organization_name": "AK Designs, LLC",
    "mailAddr": {
      "street1": "1607 Bernini",
      "city": "Memphis",
      "state": "TN",
      "zip": "37027",
      "country": "US"
    },
    "employee_reviews": [
      {
        "additionalRatings": [
          {}
        ],
        "source": "KUNUNU"
      }
    ]
  },
  {
    "organization_name": "Silvercrest Center-Nursing",
    "mailAddr": {
      "street1": "14445 87th Ave",
      "city": "Jamaica",
      "state": "NY",
      "zip": "11435",
      "country": "US"
    },
    "employee_reviews": [
      {
        "reviewer_designation": "Current Employee - Registered Nurse",
        "review_description": "I have been working at Silvercrest Center for Nursing and Rehabilitation full-time (More than 5 years)",
        "review_title": "\"Great\"",
        "pros": "Career advancement, great salary, great benefits",
        "cons": "Horizontal violence, employee burnout, lack of communication",
        "advice_to_management": "Fix horizontal violence",
        "source": "GLASSDOOR"
      },
      {
        "reviewer_designation": "Former Employee - Administrative",
        "review_description": "I worked at Silvercrest Center for Nursing and Rehabilitation full-time (More than 5 years)",
        "review_title": "\"Administrative Manager\"",
        "pros": "Amazing relaxed work environment. Feels like a family setting between staff and patients.",
        "cons": "Can feel a bit slow if you prefer a fast paced environment.",
        "source": "GLASSDOOR"
      },
      {
        "review_rating": "5.0",
        "reviewer_designation": "Patient Accounts Coordinator (Current Employee) –  ",
        "job_location": "Queens, NY",
        "review_date": "2018-07-01T00:00:00.000Z",
        "review_title": "A typical work day",
        "review_desc": "Interacting with residents. It's really nice. Everyone is so friendly and warm. I have learnt a great deal about medicaid and how it affects everyone.",
        "source": "INDEED"
      },
      {
        "review_rating": "3.0",
        "reviewer_designation": "Environmental Service Assistant (Former Employee) –  ",
        "job_location": "Jamaica, NY",
        "review_date": "2019-02-26T00:00:00.000Z",
        "review_title": "Productive however no job advancement",
        "review_desc": "Silvercrest Center for Nursing and Rehabilitation was a fair place of employment. Staff was considered the most important part after the residents. The new administration had the right to replace the old management however environmental service also is a field of knowledge and now how.",
        "source": "INDEED"
      },
      {
        "review_rating": "4.0",
        "reviewer_designation": "Environmental Services (Current Employee) –  ",
        "job_location": "New Albany, IN",
        "review_date": "2017-12-19T00:00:00.000Z",
        "review_title": "Love the residents",
        "review_desc": "Love working around the residents and my residents love me.Doing 5 floors on a daily basis and the villas is a hard job.I get along with all my coworkers and most of upper management.",
        "cons": "Understaffed and not paid for what your worth.",
        "source": "INDEED"
      },
      {
        "review_rating": "4.0",
        "reviewer_designation": "Registered Nurse (Former Employee) –  ",
        "job_location": "Briarwood, NY",
        "review_date": "2017-03-07T00:00:00.000Z",
        "review_title": "Great place to work at. Wonderful nurse. Great salary",
        "review_desc": "Great place to work at. Great nurses there to work with. Every employee notices a new employee and takes time to welcome me when I first started working there. salary is great.",
        "pros": "clean place, great co-workers, great salary",
        "cons": "20 patients per 1 nurse, lack of supplies.",
        "source": "INDEED"
      },
      {
        "review_rating": "3.0",
        "reviewer_designation": "Unit Manager (Current Employee) –  ",
        "job_location": "Briarwood, NY",
        "review_date": "2016-05-20T00:00:00.000Z",
        "review_title": "I enjoy helping the residents",
        "review_desc": "I have been working at Silver crest for 17 years now and I love everything about the job. The hardest part of my job is not being able to grow within the company, the most enjoyable part of my job is helping the residents and putting a smile on there faces when they appreciate what you do for them.",
        "source": "INDEED"
      },
      {
        "review_rating": "5.0",
        "reviewer_designation": "Student Nurse (Former Employee) –  ",
        "job_location": "Brairwood",
        "review_date": "2015-03-29T00:00:00.000Z",
        "review_title": "Student internship",
        "review_desc": "•Administered medication to patients under the supervision of the Registered Nurse •Provided insulin injections according to sliding scale following finger sticks •Performed Tracheotomy care and suctioning •Maintained patient safety through careful assessments and using nursing judgment. •Interacted with multidisciplinary professionals regarding patient care and status.",
        "source": "INDEED"
      },
      {
        "review_rating": "5.0",
        "reviewer_designation": "Volunteer in Recreation Department (Former Employee) –  ",
        "job_location": "Jamaica, NY",
        "review_date": "2015-01-07T00:00:00.000Z",
        "review_title": "Excellent work environment",
        "review_desc": "I had flexible hours working as a volunteer. The residents get along well with the staff. The most enjoyable part of the job is to interact with residents.",
        "source": "INDEED"
      },
      {
        "review_rating": "4.0",
        "reviewer_designation": "Speech Language Pathologist (Current Employee) –  ",
        "job_location": "New York, NY",
        "review_date": "2014-08-26T00:00:00.000Z",
        "review_title": "Great learning environment.",
        "review_desc": "Silvercrest is a fantastic place for those who are interested in tracheostomy, ventilator dependence and the pulmonary weaning process.",
        "source": "INDEED"
      },
      {
        "review_rating": "5.0",
        "reviewer_designation": "Administrative Assistant (Current Employee) –  ",
        "job_location": "New York, NY",
        "review_date": "2014-06-21T00:00:00.000Z",
        "review_title": "Awesome Work Environment",
        "review_desc": "Great place to work at with great people. Care offered is top quality.",
        "source": "INDEED"
      },
      {
        "review_rating": "2.0",
        "reviewer_designation": "Patient Account Coordinator (Former Employee) –  ",
        "job_location": "Queens, NY",
        "review_date": "2014-06-15T00:00:00.000Z",
        "review_title": "Temporary Jobs",
        "review_desc": "I was just various temporary position that kept my skills up to date.",
        "source": "INDEED"
      },
      {
        "review_rating": "5.0",
        "reviewer_designation": "Administrative Assistant (Former Employee) –  ",
        "job_location": "queens, ny",
        "review_date": "2013-10-29T00:00:00.000Z",
        "review_title": "Healthcare",
        "review_desc": "First job in the healthcare industry. Enjoyed the experience",
        "source": "INDEED"
      },
      {
        "review_rating": "5.0",
        "reviewer_designation": "Lead Administrative Intern (Former Employee) –  ",
        "job_location": "Jamaica, NY",
        "review_date": "2013-05-22T00:00:00.000Z",
        "review_title": "Best staff",
        "review_desc": "Very professional Staff, very supporting staff. As an intern I learned so much, had a great experience overall.",
        "source": "INDEED"
      },
      {
        "review_rating": "4.0",
        "reviewer_designation": "Intern (Current Employee) –  ",
        "job_location": "New York",
        "review_date": "2013-02-18T00:00:00.000Z",
        "review_title": "Productive and Friendly Environment",
        "review_desc": "I enjoy working here. The environment is friendly and everyone works as a team.",
        "source": "INDEED"
      },
      {
        "review_rating": "3.0",
        "reviewer_designation": "Wound Care Specialist (Former Employee) –  ",
        "job_location": "Queens, New York",
        "review_date": "2012-10-01T00:00:00.000Z",
        "review_title": "Wonderful facility for residents, nice rehab and activities. Difficult and unsupportive management, very under staffed on all floors",
        "review_desc": "Silvercrest would have been a wonderful place to work if they provided more staff to care for their pts. The facility was clean, friendly, wonderful rehab and activities provided to the patients. As a wound care RN, I was responsible for the entire 320 bed facility- wound assessments, documentation, and orders (225+ wounds seen weekly). This is position is for 3 certified wound specialists. The average day started at 6 AM, work completed between 12-17hrs per day (average work until 11:00 PM)-definately NOT a good work/life balance, paid only for 7 hrs/day. NO management support. Advised to make a decision to continue working, ADVISED on multiple occasions NO HELP would be provided- Deal with it.. Wonderful Staff development/ education RN. Education was an important aspect for the facility , staff needed to supported and re-educated with accountability taken by all caregivers. Unfortunately, this was not the case. Several RN's and CNA's did what they wanted, often taking short cuts and not following orders. The prior wound care specialist left the position for the same reason.Promised upon hiring I could attend wound conference in fall, then during the summer was advised no time would be allowed because DOH was expected. From time of hiring, DOH was expected in the fall. LEARNED: 1) Get ALL in writing when signing contract. 2) Learn who would be on decision making team and available for support--never work with ONLY one person 3) realize one person cannot do the work of 3, Important to take lunch and breaks as stated in contract 4) Don't work extra hours- they will continue to",
        "pros": "overall staff nice to work with, excellent rehab and activities, clean/ excellent maintenance staff",
        "cons": "one wound care specialist for over 225 pressure ulcers, no time for break or lunch, only paid for 7hrs/ day, worked 12-17 hrs a day, only one management person allowed to speak with -was not allowed to speak, with any other management to help resolve any issues, poor accountability on part of many cna's and some rn's, facility understaffed- not willing to fill positions for staffing if overtime needed to be paid",
        "source": "INDEED"
      }
    ]
  },
  {
    "organization_name": "ZAEPFEL DEVELOPMENT CO",
    "mailAddr": {
      "street1": "25 NORTHPOINTE PARKWAY",
      "city": "AMHERST",
      "state": "NY",
      "zip": "14228",
      "country": "US"
    },
    "employee_reviews": [
      {
        "additionalRatings": [
          {}
        ],
        "source": "KUNUNU"
      }
    ]
  },
  {
    "organization_name": "ZAEPFEL DEVELOPMENT CO",
    "mailAddr": {
      "street1": "1150 WEHRLE DRIVE",
      "city": "WILLIAMSVILLE",
      "state": "NY",
      "zip": "14221",
      "country": "US"
    },
    "employee_reviews": [
      {
        "additionalRatings": [
          {}
        ],
        "source": "KUNUNU"
      }
    ]
  },
  {
    "organization_name": "ZAEPFEL DEVELOPMENT CO",
    "mailAddr": {
      "street1": "1127 WEHRLE DRIVE",
      "city": "WILLIAMSVILLE",
      "state": "NY",
      "zip": "14221",
      "country": "US"
    },
    "employee_reviews": [
      {
        "additionalRatings": [
          {}
        ],
        "source": "KUNUNU"
      }
    ]
  },
  {
    "organization_name": "Agronomic Technology Corp.",
    "mailAddr": {
      "street1": "38 Carstead Drive",
      "city": "Slingerlands",
      "state": "NY",
      "zip": "12159",
      "country": "US"
    },
    "employee_reviews": [
      {
        "additionalRatings": [
          {}
        ],
        "source": "KUNUNU"
      }
    ]
  },
  {
    "organization_name": "Accelo, Inc.",
    "mailAddr": {
      "street1": "530 Howard street, Suite 200",
      "city": "San Francisco",
      "state": "CA",
      "zip": "94105",
      "country": "US"
    },
    "employee_reviews": [
      {
        "additionalRatings": [
          {}
        ],
        "source": "KUNUNU"
      }
    ]
  },
  {
    "organization_name": "Accura Holdings, LLC",
    "mailAddr": {
      "street1": "410 Park Avenue Ste 1500",
      "city": "New York",
      "state": "NY",
      "zip": "10022",
      "country": "US"
    },
    "employee_reviews": [
      {
        "additionalRatings": [
          {}
        ],
        "source": "KUNUNU"
      }
    ]
  },
  {
    "organization_name": "Akkil Ali Md Pa",
    "mailAddr": {
      "street1": "7710 Nw 71st Court, Ste 304",
      "city": "Tamarac",
      "state": "FL",
      "zip": "33321",
      "country": "US"
    },
    "employee_reviews": [
      {
        "additionalRatings": [
          {}
        ],
        "source": "KUNUNU"
      }
    ]
  },
  {
    "organization_name": "Action Jackson Handyman, LLC",
    "mailAddr": {
      "street1": "801 35th St W",
      "city": "Bradenton",
      "state": "FL",
      "zip": "34205",
      "country": "US"
    },
    "employee_reviews": [
      {
        "additionalRatings": [
          {}
        ],
        "source": "KUNUNU"
      }
    ]
  },
  {
    "organization_name": "Action-Port Courier Inc.",
    "mailAddr": {
      "street1": "PO Box 1998",
      "city": "Media",
      "state": "PA",
      "zip": "19063",
      "country": "US"
    },
    "employee_reviews": [
      {
        "additionalRatings": [
          {}
        ],
        "source": "KUNUNU"
      }
    ]
  },
  {
    "organization_name": "949 Empire Mesa LLC",
    "mailAddr": {
      "street1": "9450 SW Gemini Drive #2580",
      "city": "Beaverton",
      "state": "OR",
      "zip": "97008-7105",
      "country": "US"
    },
    "employee_reviews": [
      {
        "additionalRatings": [
          {}
        ],
        "source": "KUNUNU"
      }
    ]
  },
  {
    "organization_name": "97 Wooster Corp.",
    "mailAddr": {
      "street1": "666 Broadway, 12th Floor",
      "city": "New York",
      "state": "NY",
      "zip": "10012",
      "country": "US"
    },
    "employee_reviews": [
      {
        "additionalRatings": [
          {}
        ],
        "source": "KUNUNU"
      }
    ]
  },
  {
    "organization_name": "Alan Bennett Rosenthal, DMD",
    "mailAddr": {
      "street1": "120 East Avenue",
      "city": "Norwalk",
      "state": "CT",
      "zip": "06851",
      "country": "US"
    },
    "employee_reviews": [
      {
        "additionalRatings": [
          {}
        ],
        "source": "KUNUNU"
      }
    ]
  },
  {
    "organization_name": "Action Fast Freightways, Inc.",
    "mailAddr": {
      "street1": "10 Lyons Ct.",
      "city": "Jersey City",
      "state": "NJ",
      "zip": "07305",
      "country": "US"
    },
    "employee_reviews": [
      {
        "additionalRatings": [
          {}
        ],
        "source": "KUNUNU"
      }
    ]
  },
  {
    "organization_name": "Alan Abrahamson",
    "mailAddr": {
      "street1": "4 Palomino Lane",
      "city": "Rolling Hills Estates",
      "state": "CA",
      "zip": "90274",
      "country": "US"
    },
    "employee_reviews": [
      {
        "additionalRatings": [
          {}
        ],
        "source": "KUNUNU"
      }
    ]
  },
  {
    "organization_name": "Alan S. Abrams DDS",
    "mailAddr": {
      "street1": "148 East Avenue Suite 2E",
      "city": "Norwalk",
      "state": "CT",
      "zip": "06851",
      "country": "US"
    },
    "employee_reviews": [
      {
        "additionalRatings": [
          {}
        ],
        "source": "KUNUNU"
      }
    ]
  },
  {
    "organization_name": "Alan Liebnick DDS",
    "mailAddr": {
      "street1": "4695 Main Street",
      "city": "Bridgeport",
      "state": "CT",
      "zip": "06606",
      "country": "US"
    },
    "employee_reviews": [
      {
        "additionalRatings": [
          {}
        ],
        "source": "KUNUNU"
      }
    ]
  },
  {
    "organization_name": "Action Delivery Inc.",
    "mailAddr": {
      "street1": "3612 gardner ave",
      "city": "kansas city",
      "state": "mo",
      "zip": "64120",
      "country": "US"
    },
    "employee_reviews": [
      {
        "additionalRatings": [
          {}
        ],
        "source": "KUNUNU"
      }
    ]
  },
  {
    "organization_name": "A & F Property Holdings, LLC",
    "mailAddr": {
      "street1": "16375 NE 18th Ave Suite 201",
      "city": "Miami",
      "state": "FL",
      "zip": "33162",
      "country": "US"
    },
    "employee_reviews": [
      {
        "additionalRatings": [
          {}
        ],
        "source": "KUNUNU"
      }
    ]
  },
  {
    "organization_name": "Alameda Productions LLC",
    "mailAddr": {
      "street1": "2900 West Alameda Avenue, Suite 1500",
      "city": "Burbank",
      "state": "CA",
      "zip": "91505",
      "country": "US"
    },
    "employee_reviews": [
      {
        "additionalRatings": [
          {}
        ],
        "source": "KUNUNU"
      }
    ]
  },
  {
    "organization_name": "A & F Management Of Florida, Inc.",
    "mailAddr": {
      "street1": "5801 Nw 151st Street, Ste. 303",
      "city": "Miami Lakes",
      "state": "FL",
      "zip": "33014",
      "country": "US"
    },
    "employee_reviews": [
      {
        "additionalRatings": [
          {}
        ],
        "source": "KUNUNU"
      }
    ]
  },
  {
    "organization_name": "96-100 Prince Street Inc.",
    "mailAddr": {
      "street1": "666 Broadway, 12th Floor",
      "city": "New York",
      "state": "NY",
      "zip": "10012",
      "country": "US"
    },
    "employee_reviews": [
      {
        "additionalRatings": [
          {}
        ],
        "source": "KUNUNU"
      }
    ]
  },
  {
    "organization_name": "Albert P. Elebash Jr.",
    "mailAddr": {
      "street1": "200 Willard St., Suite 2B",
      "city": "Merritt Island",
      "state": "FL",
      "zip": "32953",
      "country": "US"
    },
    "employee_reviews": [
      {
        "additionalRatings": [
          {}
        ],
        "source": "KUNUNU"
      }
    ]
  },
  {
    "organization_name": "Actual Films, Inc.",
    "mailAddr": {
      "street1": "39 Mesa Street, Suite 206",
      "city": "San Francisco",
      "state": "CA",
      "zip": "94129",
      "country": "US"
    },
    "employee_reviews": [
      {
        "additionalRatings": [
          {}
        ],
        "source": "KUNUNU"
      }
    ]
  },
  {
    "organization_name": "Alan Wolkoff, DMD",
    "mailAddr": {
      "street1": "93 Wedgewood Drive Box 3066",
      "city": "Waterbury",
      "state": "CT",
      "zip": "06705",
      "country": "US"
    },
    "employee_reviews": [
      {
        "additionalRatings": [
          {}
        ],
        "source": "KUNUNU"
      }
    ]
  },
  {
    "organization_name": "Albert & Deborah Hinson",
    "mailAddr": {
      "street1": "2208 South State Road 7",
      "city": "Miramar",
      "state": "FL",
      "zip": "33023",
      "country": "US"
    },
    "employee_reviews": [
      {
        "additionalRatings": [
          {}
        ],
        "source": "KUNUNU"
      }
    ]
  },
  {
    "organization_name": "Actors Playhouse Productions",
    "mailAddr": {
      "street1": "280 Miracle Mile",
      "city": "Coral Gables",
      "state": "FL",
      "zip": "33134",
      "country": "US"
    },
    "employee_reviews": [
      {
        "reviewer_designation": "Former Employee - Anonymous Employee",
        "review_title": "\"Good stepping stone\"",
        "pros": "Great learning experience. Good people to work with. If you create your own art or have other projects of your own, the contract hours per show are great.",
        "cons": "Not much room for growth",
        "source": "GLASSDOOR"
      },
      {
        "reviewer_designation": "Former Employee - Anonymous Employee",
        "review_title": "\"Good stepping stone\"",
        "pros": "Great learning experience. Good people to work with. If you create your own art or have other projects of your own, the contract hours per show are great.",
        "cons": "Not much room for growth",
        "source": "GLASSDOOR"
      }
    ]
  },
  {
    "organization_name": "Firebrand Concepts LLC",
    "mailAddr": {
      "street1": "4712 Admiralty Way Suite 186",
      "city": "Marina Del Rey",
      "state": "CA",
      "zip": "90292",
      "country": "US"
    },
    "employee_reviews": [
      {
        "additionalRatings": [
          {}
        ],
        "source": "KUNUNU"
      }
    ]
  },
  {
    "organization_name": "A & T Ventures LLC",
    "mailAddr": {
      "street1": "206 Damsen Dr",
      "city": "San Jose",
      "state": "CA",
      "zip": "95116",
      "country": "US"
    },
    "employee_reviews": [
      {
        "additionalRatings": [
          {}
        ],
        "source": "KUNUNU"
      }
    ]
  },
  {
    "organization_name": "A Better Courier",
    "mailAddr": {
      "street1": "725 Mt. Herman Blvd.",
      "city": "York",
      "state": "PA",
      "zip": "17406",
      "country": "US"
    },
    "employee_reviews": [
      {
        "additionalRatings": [
          {}
        ],
        "source": "KUNUNU"
      }
    ]
  },
  {
    "organization_name": "Alcor Electric, Llc",
    "mailAddr": {
      "street1": "8245 Nw 14th Court",
      "city": "Coral Springs",
      "state": "FL",
      "zip": "33071",
      "country": "US"
    },
    "employee_reviews": [
      {
        "additionalRatings": [
          {}
        ],
        "source": "KUNUNU"
      }
    ]
  },
  {
    "organization_name": "Bruce Hollow Condominium Trust I",
    "mailAddr": {
      "street1": "146 Forest St",
      "city": "Franklin",
      "state": "MA",
      "zip": "02038",
      "country": "US"
    },
    "employee_reviews": [
      {
        "additionalRatings": [
          {}
        ],
        "source": "KUNUNU"
      }
    ]
  },
  {
    "organization_name": "Alejandre Property Management",
    "mailAddr": {
      "street1": "4141 SW 74th Court",
      "city": "Miami",
      "state": "FL",
      "zip": "33155",
      "country": "US"
    },
    "employee_reviews": [
      {
        "additionalRatings": [
          {}
        ],
        "source": "KUNUNU"
      }
    ]
  },
  {
    "organization_name": "Adam Delaney-Winn",
    "mailAddr": {
      "street1": "123 Sargent Street",
      "city": "Newton",
      "state": "MA",
      "zip": "02458",
      "country": "US"
    },
    "employee_reviews": [
      {
        "additionalRatings": [
          {}
        ],
        "source": "KUNUNU"
      }
    ]
  },
  {
    "organization_name": "Actym Therapeutics, Inc.",
    "mailAddr": {
      "street1": "626 Bancroft Way, Suite A",
      "city": "Berkeley",
      "state": "CA",
      "zip": "94710",
      "country": "US"
    },
    "employee_reviews": [
      {
        "additionalRatings": [
          {}
        ],
        "source": "KUNUNU"
      }
    ]
  },
  {
    "organization_name": "Alden Property Corporation",
    "mailAddr": {
      "street1": "290 Nw 165 Street, Suite M-400",
      "city": "Miami",
      "state": "FL",
      "zip": "33169",
      "country": "US"
    },
    "employee_reviews": [
      {
        "additionalRatings": [
          {}
        ],
        "source": "KUNUNU"
      }
    ]
  },
  {
    "organization_name": "475 E Fifth Street, LLC",
    "mailAddr": {
      "street1": "611 E. Broadway",
      "city": "South Boston",
      "state": "MA",
      "zip": "02127",
      "country": "US"
    },
    "employee_reviews": [
      {
        "additionalRatings": [
          {}
        ],
        "source": "KUNUNU"
      }
    ]
  },
  {
    "organization_name": "A I Enterprises Inc",
    "mailAddr": {
      "street1": "P. O Box 2056",
      "city": "Cotuit",
      "state": "MA",
      "zip": "02635",
      "country": "US"
    },
    "employee_reviews": [
      {
        "additionalRatings": [
          {}
        ],
        "source": "KUNUNU"
      }
    ]
  },
  {
    "organization_name": "A Is For",
    "mailAddr": {
      "street1": "411 Lafayette St. 6th Floor",
      "city": "New York",
      "state": "NY",
      "zip": "10013",
      "country": "US"
    },
    "employee_reviews": [
      {
        "additionalRatings": [
          {}
        ],
        "source": "KUNUNU"
      }
    ]
  },
  {
    "organization_name": "4793 N. Congress Avenue Llc",
    "mailAddr": {
      "street1": "3300 N Federal Highway #250",
      "city": "Fort Lauderdale",
      "state": "FL",
      "zip": "33306",
      "country": "US"
    },
    "employee_reviews": [
      {
        "additionalRatings": [
          {}
        ],
        "source": "KUNUNU"
      }
    ]
  },
  {
    "organization_name": "A Plus Messenger Services Inc",
    "mailAddr": {
      "street1": "160 Broadway - Lower Level",
      "city": "New York",
      "state": "NY",
      "zip": "10038",
      "country": "US"
    },
    "employee_reviews": [
      {
        "additionalRatings": [
          {}
        ],
        "source": "KUNUNU"
      }
    ]
  },
  {
    "organization_name": "A Handyman For Less",
    "mailAddr": {
      "street1": "P.o. Box 1189",
      "city": "Marco Island",
      "state": "FL",
      "zip": "34146",
      "country": "US"
    },
    "employee_reviews": [
      {
        "additionalRatings": [
          {}
        ],
        "source": "KUNUNU"
      }
    ]
  },
  {
    "organization_name": "Alberto Dominguez-Bali, MD, PA",
    "mailAddr": {
      "street1": "777 East 25 St, Suite 203",
      "city": "Hialeah",
      "state": "FL",
      "zip": "33013",
      "country": "US"
    },
    "employee_reviews": [
      {
        "additionalRatings": [
          {}
        ],
        "source": "KUNUNU"
      }
    ]
  },
  {
    "organization_name": "Adam Irving, Off the Rails, LLC",
    "mailAddr": {
      "street1": "637 S. Fairfax Ave., #403",
      "city": "Los Angeles",
      "state": "CA",
      "zip": "90036",
      "country": "US"
    },
    "employee_reviews": [
      {
        "additionalRatings": [
          {}
        ],
        "source": "KUNUNU"
      }
    ]
  },
  {
    "organization_name": "Alberts Arms, Inc.",
    "mailAddr": {
      "street1": "22509 Ecorse Rd,",
      "city": "Taylor",
      "state": "MI",
      "zip": "48180",
      "country": "US"
    },
    "employee_reviews": [
      {
        "additionalRatings": [
          {}
        ],
        "source": "KUNUNU"
      }
    ]
  },
  {
    "organization_name": "A Special T, Inc.",
    "mailAddr": {
      "street1": "1000 Stinson Way #110",
      "city": "West Palm Beach",
      "state": "FL",
      "zip": "33411",
      "country": "US"
    },
    "employee_reviews": [
      {
        "additionalRatings": [
          {}
        ],
        "source": "KUNUNU"
      }
    ]
  },
  {
    "organization_name": "Alejandro Perez",
    "mailAddr": {
      "street1": "3974 Baldwin Park Blvd Apt E",
      "city": "Baldwin Park",
      "state": "CA",
      "zip": "91706",
      "country": "US"
    },
    "employee_reviews": [
      {
        "additionalRatings": [
          {}
        ],
        "source": "KUNUNU"
      }
    ]
  },
  {
    "organization_name": "48 Bondhaus Corp.",
    "mailAddr": {
      "street1": "666 Broadway, 12th Floor",
      "city": "New York",
      "state": "NY",
      "zip": "10012",
      "country": "US"
    },
    "employee_reviews": [
      {
        "additionalRatings": [
          {}
        ],
        "source": "KUNUNU"
      }
    ]
  },
  {
    "organization_name": "Adam Kopff",
    "mailAddr": {
      "street1": "601 B East Lockwood Ave.",
      "city": "St. Louis",
      "state": "MO",
      "zip": "63119",
      "country": "US"
    },
    "employee_reviews": [
      {
        "additionalRatings": [
          {}
        ],
        "source": "KUNUNU"
      }
    ]
  },
  {
    "organization_name": "A&J Deliveries LLC",
    "mailAddr": {
      "street1": "4835 Castle Stream",
      "city": "San Antonio",
      "state": "TX",
      "zip": "78218",
      "country": "US"
    },
    "employee_reviews": [
      {
        "additionalRatings": [
          {}
        ],
        "source": "KUNUNU"
      }
    ]
  },
  {
    "organization_name": "Adam Rubin Donnell, DMD",
    "mailAddr": {
      "street1": "103 Marlborough Street Apt. 6",
      "city": "Boston",
      "state": "MA",
      "zip": "02116",
      "country": "US"
    },
    "employee_reviews": [
      {
        "additionalRatings": [
          {}
        ],
        "source": "KUNUNU"
      }
    ]
  },
  {
    "organization_name": "48 Gramercy Park North Inc.",
    "mailAddr": {
      "street1": "666 Broadway, 12th Floor",
      "city": "New York",
      "state": "NY",
      "zip": "10012",
      "country": "US"
    },
    "employee_reviews": [
      {
        "additionalRatings": [
          {}
        ],
        "source": "KUNUNU"
      }
    ]
  },
  {
    "organization_name": "Adams Craft Herz Walker, Inc.",
    "mailAddr": {
      "street1": "800 Oak Ridge Turnpike Suite A-400",
      "city": "Oak Ridge",
      "state": "TN",
      "zip": "37830",
      "country": "US"
    },
    "employee_reviews": [
      {
        "additionalRatings": [
          {}
        ],
        "source": "KUNUNU"
      }
    ]
  },
  {
    "organization_name": "487 Broadway Associates LLC",
    "mailAddr": {
      "street1": "5 Madison Ave.",
      "city": "Saratoga Springs",
      "state": "NY",
      "zip": "12886",
      "country": "US"
    },
    "employee_reviews": [
      {
        "additionalRatings": [
          {}
        ],
        "source": "KUNUNU"
      }
    ]
  },
  {
    "organization_name": "Adams Engineering",
    "mailAddr": {
      "street1": "8951 Cypress Waters Blvd., Suite 150",
      "city": "Dallas",
      "state": "TX",
      "zip": "75109",
      "country": "US"
    },
    "employee_reviews": [
      {
        "additionalRatings": [
          {}
        ],
        "source": "KUNUNU"
      }
    ]
  },
  {
    "organization_name": "4840 MGC, LLC",
    "mailAddr": {
      "street1": "2564 Bedford Avenue",
      "city": "Brooklyn",
      "state": "NY",
      "zip": "11226",
      "country": "US"
    },
    "employee_reviews": [
      {
        "additionalRatings": [
          {}
        ],
        "source": "KUNUNU"
      }
    ]
  },
  {
    "organization_name": "A To Z Investment Group Llc",
    "mailAddr": {
      "street1": "Po Box 816601",
      "city": "Hollywod",
      "state": "FL",
      "zip": "33081",
      "country": "US"
    },
    "employee_reviews": [
      {
        "additionalRatings": [
          {}
        ],
        "source": "KUNUNU"
      }
    ]
  },
  {
    "organization_name": "Atelier Monnier",
    "mailAddr": {
      "street1": "9563 S. Dixie Hwy",
      "city": "Miami",
      "state": "FL",
      "zip": "33156",
      "country": "US"
    },
    "employee_reviews": [
      {
        "additionalRatings": [
          {}
        ],
        "source": "KUNUNU"
      }
    ]
  },
  {
    "organization_name": "Adamo Auto Repair, Inc.",
    "mailAddr": {
      "street1": "4313 N.e. 6th Avenue",
      "city": "Oakland Park",
      "state": "FL",
      "zip": "33334",
      "country": "US"
    },
    "employee_reviews": [
      {
        "additionalRatings": [
          {}
        ],
        "source": "KUNUNU"
      }
    ]
  },
  {
    "organization_name": "Alex And Ellen Kuchma",
    "mailAddr": {
      "street1": "4425 Poinciana Street",
      "city": "Lauderdale By The Sea",
      "state": "FL",
      "zip": "33308",
      "country": "US"
    },
    "employee_reviews": [
      {
        "additionalRatings": [
          {}
        ],
        "source": "KUNUNU"
      }
    ]
  },
  {
    "organization_name": "Alejandro Soto Ceballos",
    "mailAddr": {
      "street1": "11729 Nehman's Way",
      "city": "Adelanto",
      "state": "CA",
      "zip": "92301",
      "country": "US"
    },
    "employee_reviews": [
      {
        "additionalRatings": [
          {}
        ],
        "source": "KUNUNU"
      }
    ]
  },
  {
    "organization_name": "Aleksander Azbel, DDS",
    "mailAddr": {
      "street1": "3411 Guider Avenue Apt. 2",
      "city": "Brooklyn",
      "state": "NY",
      "zip": "11235",
      "country": "US"
    },
    "employee_reviews": [
      {
        "additionalRatings": [
          {}
        ],
        "source": "KUNUNU"
      }
    ]
  },
  {
    "organization_name": "Alex Gerbin",
    "mailAddr": {
      "street1": "43 Arrow Head Drive",
      "city": "Stamford",
      "state": "CT",
      "zip": "06903",
      "country": "US"
    },
    "employee_reviews": [
      {
        "additionalRatings": [
          {}
        ],
        "source": "KUNUNU"
      }
    ]
  },
  {
    "organization_name": "A. Bruce Bowler",
    "mailAddr": {
      "street1": "3905 So. Wabash St.",
      "city": "Denver",
      "state": "CO",
      "zip": "80237",
      "country": "US"
    },
    "employee_reviews": [
      {
        "additionalRatings": [
          {}
        ],
        "source": "KUNUNU"
      }
    ]
  },
  {
    "organization_name": "49 Bond Llc",
    "mailAddr": {
      "street1": "666 Broadway, 12th Floor",
      "city": "New York",
      "state": "NY",
      "zip": "10012",
      "country": "US"
    },
    "employee_reviews": [
      {
        "additionalRatings": [
          {}
        ],
        "source": "KUNUNU"
      }
    ]
  },
  {
    "organization_name": "49 East Owners Corp",
    "mailAddr": {
      "street1": "666 Broadway, 12th Floor",
      "city": "New York",
      "state": "NY",
      "zip": "10012",
      "country": "US"
    },
    "employee_reviews": [
      {
        "additionalRatings": [
          {}
        ],
        "source": "KUNUNU"
      }
    ]
  },
  {
    "organization_name": "A. D. Engineering Services, Inc.",
    "mailAddr": {
      "street1": "651 E. 4th Street, Suite 407",
      "city": "Chattanooga",
      "state": "TN",
      "zip": "37403",
      "country": "US"
    },
    "employee_reviews": [
      {
        "additionalRatings": [
          {}
        ],
        "source": "KUNUNU"
      }
    ]
  },
  {
    "organization_name": "Addison Green At Aberdeen Assn, Inc.",
    "mailAddr": {
      "street1": "6131 Lake Worth Rd, Ste B",
      "city": "Greenacres",
      "state": "FL",
      "zip": "33463",
      "country": "US"
    },
    "employee_reviews": [
      {
        "additionalRatings": [
          {}
        ],
        "source": "KUNUNU"
      }
    ]
  },
  {
    "organization_name": "A. Thomas Correia, DDS",
    "mailAddr": {
      "street1": "2441 Pawtucket Avenue",
      "city": "East Providence",
      "state": "RI",
      "zip": "02914",
      "country": "US"
    },
    "employee_reviews": [
      {
        "additionalRatings": [
          {}
        ],
        "source": "KUNUNU"
      }
    ]
  },
  {
    "organization_name": "A.k. Electric Company, Inc.",
    "mailAddr": {
      "street1": "P.o. Box 840607",
      "city": "Pembroke Pines",
      "state": "FL",
      "zip": "33084",
      "country": "US"
    },
    "employee_reviews": [
      {
        "additionalRatings": [
          {}
        ],
        "source": "KUNUNU"
      }
    ]
  },
  {
    "organization_name": "4J Express Couriers LLC",
    "mailAddr": {
      "street1": "9891 Irvine Center Drive Ste 200",
      "city": "Irvine",
      "state": "CA",
      "zip": "92618",
      "country": "US"
    },
    "employee_reviews": [
      {
        "additionalRatings": [
          {}
        ],
        "source": "KUNUNU"
      }
    ]
  },
  {
    "organization_name": "Adcom Ventures Inc.",
    "mailAddr": {
      "street1": "865 So Figueroa Street",
      "city": "Los Angeles",
      "state": "CA",
      "zip": "90017",
      "country": "US"
    },
    "employee_reviews": [
      {
        "additionalRatings": [
          {}
        ],
        "source": "KUNUNU"
      }
    ]
  },
  {
    "organization_name": "Alexander M Sauer-Budge",
    "mailAddr": {
      "street1": "117 S Great Road",
      "city": "Lincoln",
      "state": "MA",
      "zip": "01773",
      "country": "US"
    },
    "employee_reviews": [
      {
        "additionalRatings": [
          {}
        ],
        "source": "KUNUNU"
      }
    ]
  },
  {
    "organization_name": "525 Rawls Inc.",
    "mailAddr": {
      "street1": "5371 Sarapointe Dr",
      "city": "Sarasota",
      "state": "FL",
      "zip": "34232",
      "country": "US"
    },
    "employee_reviews": [
      {
        "additionalRatings": [
          {}
        ],
        "source": "KUNUNU"
      }
    ]
  },
  {
    "organization_name": "Adex U.S.A., L.C.",
    "mailAddr": {
      "street1": "9450 NW 12 Street",
      "city": "Miami",
      "state": "FL",
      "zip": "33172",
      "country": "US"
    },
    "employee_reviews": [
      {
        "additionalRatings": [
          {}
        ],
        "source": "KUNUNU"
      }
    ]
  },
  {
    "organization_name": "Adele Berger",
    "mailAddr": {
      "street1": "6771 SW 89th Terrace",
      "city": "Miami",
      "state": "FL",
      "zip": "33156",
      "country": "US"
    },
    "employee_reviews": [
      {
        "additionalRatings": [
          {}
        ],
        "source": "KUNUNU"
      }
    ]
  },
  {
    "organization_name": "503 Pub LLC",
    "mailAddr": {
      "street1": "507 Armistice Blvd",
      "city": "Pawtucket",
      "state": "RI",
      "zip": "02860",
      "country": "US"
    },
    "employee_reviews": [
      {
        "additionalRatings": [
          {}
        ],
        "source": "KUNUNU"
      }
    ]
  }
]
