[
  {
    "organization_name": "3091 Tamiami Trail Realty Corp",
    "mailAddr": {
      "street1": "23 Oakwood Ave",
      "city": "Miller Place",
      "state": "NY",
      "zip": "11764",
      "country": "US"
    },
    "employee_reviews": [
      {
        "additionalRatings": [
          {}
        ],
        "source": "KUNUNU"
      }
    ]
  },
  {
    "organization_name": "1500 State Street Condominium Association, Inc.",
    "mailAddr": {
      "street1": "3701 South Osprey Avenue",
      "city": "Sarasota",
      "state": "FL",
      "zip": "34239",
      "country": "US"
    },
    "employee_reviews": [
      {
        "additionalRatings": [
          {}
        ],
        "source": "KUNUNU"
      }
    ]
  },
  {
    "organization_name": "6180 Idlewild, LLC",
    "mailAddr": {
      "street1": "1320 Brookwood Drive Ste H",
      "city": "Little Rock",
      "state": "AR",
      "zip": "72202",
      "country": "US"
    },
    "employee_reviews": [
      {
        "additionalRatings": [
          {}
        ],
        "source": "KUNUNU"
      }
    ]
  },
  {
    "organization_name": "Ab Video Solutions, Llc",
    "mailAddr": {
      "street1": "1511 Guilford Avenue Ste C401",
      "city": "Baltimore",
      "state": "MD",
      "zip": "21202",
      "country": "US"
    },
    "employee_reviews": [
      {
        "additionalRatings": [
          {}
        ],
        "source": "KUNUNU"
      }
    ]
  },
  {
    "organization_name": "314 Tenants Owners Corp.",
    "mailAddr": {
      "street1": "666 Broadway, 12th Floor",
      "city": "New York",
      "state": "NY",
      "zip": "10012",
      "country": "US"
    },
    "employee_reviews": [
      {
        "additionalRatings": [
          {}
        ],
        "source": "KUNUNU"
      }
    ]
  },
  {
    "organization_name": "Advertising Digital Identification, LLC",
    "mailAddr": {
      "street1": "11020 David Taylor Drive, S305",
      "city": "Charlotte",
      "state": "NC",
      "zip": "28262-1103",
      "country": "US"
    },
    "employee_reviews": [
      {
        "additionalRatings": [
          {}
        ],
        "source": "KUNUNU"
      }
    ]
  },
  {
    "organization_name": "60 Second Avenue Corp.",
    "mailAddr": {
      "street1": "105 First Avenue",
      "city": "New York",
      "state": "NY",
      "zip": "10003",
      "country": "US"
    },
    "employee_reviews": [
      {
        "additionalRatings": [
          {}
        ],
        "source": "KUNUNU"
      }
    ]
  },
  {
    "organization_name": "316 Minnesota, Llc",
    "mailAddr": {
      "street1": "2710 Ne 183 Street, #th14",
      "city": "Aventura",
      "state": "FL",
      "zip": "33160",
      "country": "US"
    },
    "employee_reviews": [
      {
        "additionalRatings": [
          {}
        ],
        "source": "KUNUNU"
      }
    ]
  },
  {
    "organization_name": "Capri Villa Apartments",
    "mailAddr": {
      "street1": "P.o. Box 380075",
      "city": "Jacksonville",
      "state": "FL",
      "zip": "32205",
      "country": "US"
    },
    "employee_reviews": [
      {
        "additionalRatings": [
          {}
        ],
        "source": "KUNUNU"
      }
    ]
  },
  {
    "organization_name": "320 Chilean Condo, Inc",
    "mailAddr": {
      "street1": "Inc.; P.o. Box 2918",
      "city": "Palm Beach",
      "state": "FL",
      "zip": "33480",
      "country": "US"
    },
    "employee_reviews": [
      {
        "additionalRatings": [
          {}
        ],
        "source": "KUNUNU"
      }
    ]
  },
  {
    "organization_name": "ABH Subs LLC",
    "mailAddr": {
      "street1": "3810 Murrell Road Suite 321",
      "city": "Rockledge",
      "state": "FL",
      "zip": "32955-4756",
      "country": "US"
    },
    "employee_reviews": [
      {
        "additionalRatings": [
          {}
        ],
        "source": "KUNUNU"
      }
    ]
  },
  {
    "organization_name": "Afero, Inc.",
    "mailAddr": {
      "street1": "4970 El Camino Real #210",
      "city": "Los Altos",
      "state": "CA",
      "zip": "94022",
      "country": "US"
    },
    "employee_reviews": [
      {
        "additionalRatings": [
          {}
        ],
        "source": "KUNUNU"
      }
    ]
  },
  {
    "organization_name": "321 Hillsboro Acquisition, LLC",
    "mailAddr": {
      "street1": "321 East Hillsboro Boulevard",
      "city": "Deerfield Beach",
      "state": "FL",
      "zip": "33441",
      "country": "US"
    },
    "employee_reviews": [
      {
        "additionalRatings": [
          {}
        ],
        "source": "KUNUNU"
      }
    ]
  },
  {
    "organization_name": "1637 Fletcher Llc",
    "mailAddr": {
      "street1": "500 South Federal Highway, Suite 1665",
      "city": "Hallandale Beach",
      "state": "FL",
      "zip": "33009",
      "country": "US"
    },
    "employee_reviews": [
      {
        "additionalRatings": [
          {}
        ],
        "source": "KUNUNU"
      }
    ]
  },
  {
    "organization_name": "1446 Lenox Condo Association, Inc.",
    "mailAddr": {
      "street1": "1234 Washington Avenue, Ste 300",
      "city": "Miami Beach",
      "state": "FL",
      "zip": "33139",
      "country": "US"
    },
    "employee_reviews": [
      {
        "additionalRatings": [
          {}
        ],
        "source": "KUNUNU"
      }
    ]
  },
  {
    "organization_name": "708 Studios, LLC",
    "mailAddr": {
      "street1": "1719 Stacy Road",
      "city": "Fairview",
      "state": "TX",
      "zip": "75069",
      "country": "US"
    },
    "employee_reviews": [
      {
        "additionalRatings": [
          {}
        ],
        "source": "KUNUNU"
      }
    ]
  },
  {
    "organization_name": "Abraham K John DMD, DDS",
    "mailAddr": {
      "street1": "155 South Main Street",
      "city": "West Hartford",
      "state": "CT",
      "zip": "06107",
      "country": "US"
    },
    "employee_reviews": [
      {
        "additionalRatings": [
          {}
        ],
        "source": "KUNUNU"
      }
    ]
  },
  {
    "organization_name": "Casa La Quinta Condominium Assoc, Inc",
    "mailAddr": {
      "street1": "2945 W. Cypress Creek Road, Suite #201",
      "city": "Fort Lauderdale",
      "state": "FL",
      "zip": "33309",
      "country": "US"
    },
    "employee_reviews": [
      {
        "additionalRatings": [
          {}
        ],
        "source": "KUNUNU"
      }
    ]
  },
  {
    "organization_name": "1960 Broadway Corporation",
    "mailAddr": {
      "street1": "1808 Wedemeyer St., STe. B50",
      "city": "San Francisco",
      "state": "CA",
      "zip": "94129",
      "country": "US"
    },
    "employee_reviews": [
      {
        "additionalRatings": [
          {}
        ],
        "source": "KUNUNU"
      }
    ]
  },
  {
    "organization_name": "Affinity Corporation",
    "mailAddr": {
      "street1": "3501 Algonquin, #190",
      "city": "Rolling Meadows",
      "state": "IL",
      "zip": "60008",
      "country": "US"
    },
    "employee_reviews": [
      {
        "additionalRatings": [
          {}
        ],
        "source": "KUNUNU"
      }
    ]
  },
  {
    "organization_name": "162-166 Bowery Street LP",
    "mailAddr": {
      "street1": "162 – 166 Bowery",
      "city": "New York",
      "state": "NY",
      "zip": "10012",
      "country": "US"
    },
    "employee_reviews": [
      {
        "additionalRatings": [
          {}
        ],
        "source": "KUNUNU"
      }
    ]
  },
  {
    "organization_name": "3200 Davenport LLC",
    "mailAddr": {
      "street1": "3000 Davenport Ave",
      "city": "Canton",
      "state": "MA",
      "zip": "02021",
      "country": "US"
    },
    "employee_reviews": [
      {
        "additionalRatings": [
          {}
        ],
        "source": "KUNUNU"
      }
    ]
  },
  {
    "organization_name": "665 West End Avenue Corp.",
    "mailAddr": {
      "street1": "235 West 76th St Apt 2C",
      "city": "New York",
      "state": "NY",
      "zip": "10023",
      "country": "US"
    },
    "employee_reviews": [
      {
        "additionalRatings": [
          {}
        ],
        "source": "KUNUNU"
      }
    ]
  },
  {
    "organization_name": "356 Broadway Court",
    "mailAddr": {
      "street1": "666 Broadway, 12th Floor",
      "city": "New York",
      "state": "NY",
      "zip": "10012",
      "country": "US"
    },
    "employee_reviews": [
      {
        "additionalRatings": [
          {}
        ],
        "source": "KUNUNU"
      }
    ]
  },
  {
    "organization_name": "ABS Connections, LLC",
    "mailAddr": {
      "street1": "5438 Lockwood Ridge Rd. #178",
      "city": "Bradenton",
      "state": "FL",
      "zip": "34203",
      "country": "US"
    },
    "employee_reviews": [
      {
        "additionalRatings": [
          {}
        ],
        "source": "KUNUNU"
      }
    ]
  },
  {
    "organization_name": "75 Warehouse Management, LLC",
    "mailAddr": {
      "street1": "17070 Collins Avenue #256",
      "city": "North Miami",
      "state": "FL",
      "zip": "33160",
      "country": "US"
    },
    "employee_reviews": [
      {
        "additionalRatings": [
          {}
        ],
        "source": "KUNUNU"
      }
    ]
  },
  {
    "organization_name": "37 Murray Sub Basement LLC",
    "mailAddr": {
      "street1": "37 Murray Street Apt 2A",
      "city": "New York",
      "state": "NY",
      "zip": "10007",
      "country": "US"
    },
    "employee_reviews": [
      {
        "additionalRatings": [
          {}
        ],
        "source": "KUNUNU"
      }
    ]
  },
  {
    "organization_name": "Abnono, Inc.",
    "mailAddr": {
      "street1": "7222 Southwick Ct.",
      "city": "Frankfort",
      "state": "IL",
      "zip": "60423",
      "country": "US"
    },
    "employee_reviews": [
      {
        "additionalRatings": [
          {}
        ],
        "source": "KUNUNU"
      }
    ]
  },
  {
    "organization_name": "18 Fayette Realty Trust",
    "mailAddr": {
      "street1": "7 Central St",
      "city": "S Easton",
      "state": "MA",
      "zip": "02375",
      "country": "US"
    },
    "employee_reviews": [
      {
        "additionalRatings": [
          {}
        ],
        "source": "KUNUNU"
      }
    ]
  },
  {
    "organization_name": "1636-38 Beach Street HOA",
    "mailAddr": {
      "street1": "50 Crane Drive",
      "city": "San Anselmo",
      "state": "CA",
      "zip": "94960",
      "country": "US"
    },
    "employee_reviews": [
      {
        "additionalRatings": [
          {}
        ],
        "source": "KUNUNU"
      }
    ]
  },
  {
    "organization_name": "710 Owners Corp.",
    "mailAddr": {
      "street1": "666 Broadway, 12th Floor",
      "city": "New York",
      "state": "NY",
      "zip": "10012",
      "country": "US"
    },
    "employee_reviews": [
      {
        "additionalRatings": [
          {}
        ],
        "source": "KUNUNU"
      }
    ]
  },
  {
    "organization_name": "361 South County Road, Llc",
    "mailAddr": {
      "street1": "2600 Fairwood Drive",
      "city": "Pepper Pike",
      "state": "OH",
      "zip": "44124",
      "country": "US"
    },
    "employee_reviews": [
      {
        "additionalRatings": [
          {}
        ],
        "source": "KUNUNU"
      }
    ]
  },
  {
    "organization_name": "1860 N. Ponce De Leon Llc",
    "mailAddr": {
      "street1": "1860 N. Ponce De Leon Blvd",
      "city": "Saint Augustine",
      "state": "FL",
      "zip": "32084",
      "country": "US"
    },
    "employee_reviews": [
      {
        "additionalRatings": [
          {}
        ],
        "source": "KUNUNU"
      }
    ]
  },
  {
    "organization_name": "1930 North Federal LLC",
    "mailAddr": {
      "street1": "Po Box 4081",
      "city": "Hallandale Beach",
      "state": "FL",
      "zip": "33008",
      "country": "US"
    },
    "employee_reviews": [
      {
        "additionalRatings": [
          {}
        ],
        "source": "KUNUNU"
      }
    ]
  },
  {
    "organization_name": "7x24 Exchange Oregon & SW Washington Chapter",
    "mailAddr": {
      "street1": "1709 SE 3rd Avenue",
      "city": "Portland",
      "state": "OR",
      "zip": "97214",
      "country": "US"
    },
    "employee_reviews": [
      {
        "additionalRatings": [
          {}
        ],
        "source": "KUNUNU"
      }
    ]
  },
  {
    "organization_name": "684 Owners Corp.",
    "mailAddr": {
      "street1": "666 Broadway, 12th Floor",
      "city": "New York",
      "state": "NY",
      "zip": "10012",
      "country": "US"
    },
    "employee_reviews": [
      {
        "additionalRatings": [
          {}
        ],
        "source": "KUNUNU"
      }
    ]
  },
  {
    "organization_name": "3350 Assets LLC",
    "mailAddr": {
      "street1": "3350 South Dixie Hwy",
      "city": "Miami",
      "state": "FL",
      "zip": "33133",
      "country": "US"
    },
    "employee_reviews": [
      {
        "additionalRatings": [
          {}
        ],
        "source": "KUNUNU"
      }
    ]
  },
  {
    "organization_name": "Above Average Productions, Inc.",
    "mailAddr": {
      "street1": "25 W 45th St.",
      "city": "New York",
      "state": "NY",
      "zip": "10036",
      "country": "US"
    },
    "employee_reviews": [
      {
        "additionalRatings": [
          {}
        ],
        "source": "KUNUNU"
      }
    ]
  },
  {
    "organization_name": "101 Thompson Owners Corp.",
    "mailAddr": {
      "street1": "666 Broadway, 12th Floor",
      "city": "New York",
      "state": "NY",
      "zip": "10012",
      "country": "US"
    },
    "employee_reviews": [
      {
        "additionalRatings": [
          {}
        ],
        "source": "KUNUNU"
      }
    ]
  },
  {
    "organization_name": "Abel Hernandez",
    "mailAddr": {
      "street1": "656 Walnut Street",
      "city": "Colton",
      "state": "CA",
      "zip": "92324",
      "country": "US"
    },
    "employee_reviews": [
      {
        "additionalRatings": [
          {}
        ],
        "source": "KUNUNU"
      }
    ]
  },
  {
    "organization_name": "1100 S. Powerline Road Realty, Llc",
    "mailAddr": {
      "street1": "2201 S Ocean Dr #903",
      "city": "Hollywood",
      "state": "FL",
      "zip": "33019",
      "country": "US"
    },
    "employee_reviews": [
      {
        "additionalRatings": [
          {}
        ],
        "source": "KUNUNU"
      }
    ]
  },
  {
    "organization_name": "Castle #4 Condominium, Inc",
    "mailAddr": {
      "street1": "4801 Nw 22nd Court",
      "city": "Lauderhill",
      "state": "FL",
      "zip": "33313",
      "country": "US"
    },
    "employee_reviews": [
      {
        "additionalRatings": [
          {}
        ],
        "source": "KUNUNU"
      }
    ]
  },
  {
    "organization_name": "1614 Harrison, Llc",
    "mailAddr": {
      "street1": "3025 Ne 21st St",
      "city": "Fort Lauderdale",
      "state": "FL",
      "zip": "33305",
      "country": "US"
    },
    "employee_reviews": [
      {
        "additionalRatings": [
          {}
        ],
        "source": "KUNUNU"
      }
    ]
  },
  {
    "organization_name": "326 West 83rd Street Owners Corp.",
    "mailAddr": {
      "street1": "666 Broadway, 12th Floor",
      "city": "New York",
      "state": "NY",
      "zip": "10012",
      "country": "US"
    },
    "employee_reviews": [
      {
        "additionalRatings": [
          {}
        ],
        "source": "KUNUNU"
      }
    ]
  },
  {
    "organization_name": "Abigail Merrill",
    "mailAddr": {
      "street1": "6800 N. Agusta Drive",
      "city": "Miami",
      "state": "FL",
      "zip": "33015",
      "country": "US"
    },
    "employee_reviews": [
      {
        "additionalRatings": [
          {}
        ],
        "source": "KUNUNU"
      }
    ]
  },
  {
    "organization_name": "33 Bleecker Street Corp",
    "mailAddr": {
      "street1": "174 Fifth Avenue, Suite 305",
      "city": "New York",
      "state": "NY",
      "zip": "10010",
      "country": "US"
    },
    "employee_reviews": [
      {
        "additionalRatings": [
          {}
        ],
        "source": "KUNUNU"
      }
    ]
  },
  {
    "organization_name": "33 Marlborough Street Condo",
    "mailAddr": {
      "street1": "33 Marlborough St",
      "city": "Boston",
      "state": "MA",
      "zip": "02116",
      "country": "US"
    },
    "employee_reviews": [
      {
        "additionalRatings": [
          {}
        ],
        "source": "KUNUNU"
      }
    ]
  },
  {
    "organization_name": "6-B Thrifty Foods, Inc.",
    "mailAddr": {
      "street1": "498 South Wilson Street",
      "city": "Crestview",
      "state": "FL",
      "zip": "32536",
      "country": "US"
    },
    "employee_reviews": [
      {
        "additionalRatings": [
          {}
        ],
        "source": "KUNUNU"
      }
    ]
  },
  {
    "organization_name": "1755 Washington Corp",
    "mailAddr": {
      "street1": "350 Lincoln Rd, 2nd Floor",
      "city": "Miami Beach",
      "state": "FL",
      "zip": "33139",
      "country": "US"
    },
    "employee_reviews": [
      {
        "additionalRatings": [
          {}
        ],
        "source": "KUNUNU"
      }
    ]
  },
  {
    "organization_name": "Above The Title Entertainment , Llc",
    "mailAddr": {
      "street1": "1650 Broadway Suite 506",
      "city": "New York",
      "state": "NY",
      "zip": "10019",
      "country": "US"
    },
    "employee_reviews": [
      {
        "additionalRatings": [
          {}
        ],
        "source": "KUNUNU"
      }
    ]
  },
  {
    "organization_name": "Abraham I. Kozma, Pa",
    "mailAddr": {
      "street1": "2801 Fruitville Rd Suite 180",
      "city": "Sarasota",
      "state": "FL",
      "zip": "34237",
      "country": "US"
    },
    "employee_reviews": [
      {
        "additionalRatings": [
          {}
        ],
        "source": "KUNUNU"
      }
    ]
  },
  {
    "organization_name": "Bon Appetit By Don Inc.",
    "mailAddr": {
      "street1": "1510 White Pine Drive",
      "city": "Wellington",
      "state": "FL",
      "zip": "33414",
      "country": "US"
    },
    "employee_reviews": [
      {
        "additionalRatings": [
          {}
        ],
        "source": "KUNUNU"
      }
    ]
  },
  {
    "organization_name": "625 SE First Ave LLC",
    "mailAddr": {
      "street1": "1170 N FEDERAL HWY",
      "city": "Fort Lauderdale",
      "state": "FL",
      "zip": "33304",
      "country": "US"
    },
    "employee_reviews": [
      {
        "additionalRatings": [
          {}
        ],
        "source": "KUNUNU"
      }
    ]
  },
  {
    "organization_name": "63 Milbar, LLC",
    "mailAddr": {
      "street1": "78 Westminster Road",
      "city": "Great Neck",
      "state": "NY",
      "zip": "11020",
      "country": "US"
    },
    "employee_reviews": [
      {
        "additionalRatings": [
          {}
        ],
        "source": "KUNUNU"
      }
    ]
  },
  {
    "organization_name": "69 Murray Housing Corp.",
    "mailAddr": {
      "street1": "666 Broadway, 12th Floor",
      "city": "New York",
      "state": "NY",
      "zip": "10012",
      "country": "US"
    },
    "employee_reviews": [
      {
        "additionalRatings": [
          {}
        ],
        "source": "KUNUNU"
      }
    ]
  },
  {
    "organization_name": "Adams House Condominium",
    "mailAddr": {
      "street1": "223 Freeman Street",
      "city": "Brookline",
      "state": "MA",
      "zip": "02446",
      "country": "US"
    },
    "employee_reviews": [
      {
        "additionalRatings": [
          {}
        ],
        "source": "KUNUNU"
      }
    ]
  },
  {
    "organization_name": "Affordable Marine Services",
    "mailAddr": {
      "street1": "12 Brenda Ct.",
      "city": "Satellite Beach",
      "state": "FL",
      "zip": "32937",
      "country": "US"
    },
    "employee_reviews": [
      {
        "additionalRatings": [
          {}
        ],
        "source": "KUNUNU"
      }
    ]
  },
  {
    "organization_name": "346 KKR LLC",
    "mailAddr": {
      "street1": "263 Center Avenue",
      "city": "Westwood",
      "state": "NJ",
      "zip": "07675",
      "country": "US"
    },
    "employee_reviews": [
      {
        "additionalRatings": [
          {}
        ],
        "source": "KUNUNU"
      }
    ]
  },
  {
    "organization_name": "100-106 West 141st Street Hdfc",
    "mailAddr": {
      "street1": "666 Broadway, 12th Floor",
      "city": "New York",
      "state": "NY",
      "zip": "10012",
      "country": "US"
    },
    "employee_reviews": [
      {
        "additionalRatings": [
          {}
        ],
        "source": "KUNUNU"
      }
    ]
  },
  {
    "organization_name": "364 Bush, LLC",
    "mailAddr": {
      "street1": "374 Bush Street",
      "city": "San Francisco",
      "state": "CA",
      "zip": "94104",
      "country": "US"
    },
    "employee_reviews": [
      {
        "additionalRatings": [
          {}
        ],
        "source": "KUNUNU"
      }
    ]
  },
  {
    "organization_name": "Casa Del Rey At Villa Delrayhomeowners",
    "mailAddr": {
      "street1": "21218 St. Andrews Blvd #256",
      "city": "Boca Raton",
      "state": "FL",
      "zip": "33433",
      "country": "US"
    },
    "employee_reviews": [
      {
        "review_rating": "4.0",
        "reviewer_designation": "Waiter and Bus boy (Former Employee) –  ",
        "job_location": "Sierra Madre, CA",
        "review_date": "2018-10-01T00:00:00.000Z",
        "review_title": "productive and fun working place",
        "review_desc": "I learned a lot working at Casa Del Rey, I learned how to achieve good customer relationships. I also satisfied customers needs and resolved issues when expectations weren't met.",
        "source": "INDEED"
      },
      {
        "review_rating": "4.0",
        "reviewer_designation": "Manager, bartender, server (Former Employee) –  ",
        "job_location": "San Dimas, CA",
        "review_date": "2018-06-09T00:00:00.000Z",
        "review_title": "Good Restaurant",
        "review_desc": "Good place to work. Loved the food, most of the staff and some of the customers. I will miss this place. This place was family to me. The only reason I left wS because I moved states.",
        "source": "INDEED"
      },
      {
        "review_rating": "3.0",
        "reviewer_designation": "Busser (Former Employee) –  ",
        "job_location": "San Dimas, CA",
        "review_date": "2018-02-08T00:00:00.000Z",
        "review_title": "Very clique-y",
        "review_desc": "This is a great place to work if you know the employees, but there is a lot of stress. It's hard to maneuver in the small space and often employees (that tend to stick around) can get angry. But, they will still make you happy enough that you come back to visit.",
        "pros": "half off while you work",
        "cons": "no real breaks, not enough staff, too small",
        "source": "INDEED"
      },
      {
        "review_rating": "4.0",
        "reviewer_designation": "Server (Current Employee) –  ",
        "job_location": "San Dimas, CA",
        "review_date": "2018-01-08T00:00:00.000Z",
        "review_title": "Laid Back Environment",
        "review_desc": "A typical day here could be very slow or extremely stressful depending on how many guests are in the restaurant. Hardest part of the job is keeping a positive attitude while dealing with angry customers. I have learned to have more patience with people in general and not let little problems ruin may day. The most enjoyable part of the job is meeting various people and making friends.",
        "pros": "50% off food, laid back, coworkers",
        "cons": "Short shifts, stressful, angry customers",
        "source": "INDEED"
      },
      {
        "review_rating": "3.0",
        "reviewer_designation": "Server/Bartender (Former Employee) –  ",
        "job_location": "San Dimas, CA",
        "review_date": "2017-12-04T00:00:00.000Z",
        "review_title": "Nice atmosphere to work in",
        "review_desc": "Casa can be extremely busy and fast-paced, and it can also have slower days which keeps a nice balance. The restaurant industry can be a bit notorious for having drama between employees- Casa del Rey is no exception. The owner works hard to keep things smooth and fair. Most customers are very kind.",
        "pros": "Discounts on food",
        "cons": "Benefits",
        "source": "INDEED"
      },
      {
        "review_rating": "2.0",
        "reviewer_designation": "Host/Busser (Current Employee) –  ",
        "job_location": "San Dimas, CA",
        "review_date": "2017-11-29T00:00:00.000Z",
        "review_title": "Great for dining in but not worth filling out an application",
        "review_desc": "I consider this place my hang out place. sometimes people don't complete there jobs. or they feel that somebody else would do their job for them even though its their job to get the job done. This place has a Lack of management, sometimes if you have a problem the owner/ manger won't care of what you think. you could show up to work and do a poor job and at the end of the day you'll still have your job.",
        "pros": "None",
        "cons": "everything",
        "source": "INDEED"
      },
      {
        "review_rating": "5.0",
        "reviewer_designation": "Waitress (Former Employee) –  ",
        "job_location": "Grantsville, UT",
        "review_date": "2017-08-14T00:00:00.000Z",
        "review_title": "Very fun and exciting, up beat place",
        "review_desc": "Casa Del Rey is an excellent place to work and to eat. The management and workers are all amazing. It is a small and cozy hometown restaurant where EVERYONE puts in the effort to get to know every single customer that walks through the door.",
        "pros": "Good prices for good food.",
        "source": "INDEED"
      }
    ]
  },
  {
    "organization_name": "109 West 26 Owners Corporation",
    "mailAddr": {
      "street1": "666 Broadway, 12th Floor",
      "city": "New York",
      "state": "NY",
      "zip": "10012",
      "country": "US"
    },
    "employee_reviews": [
      {
        "additionalRatings": [
          {}
        ],
        "source": "KUNUNU"
      }
    ]
  },
  {
    "organization_name": "623 N. Federal Highway, LLC",
    "mailAddr": {
      "street1": "2677 Riviera Court",
      "city": "Weston",
      "state": "FL",
      "zip": "33322",
      "country": "US"
    },
    "employee_reviews": [
      {
        "additionalRatings": [
          {}
        ],
        "source": "KUNUNU"
      }
    ]
  },
  {
    "organization_name": "185 Duane Llc",
    "mailAddr": {
      "street1": "666 Broadway, 12th Floor",
      "city": "New York",
      "state": "NY",
      "zip": "10012",
      "country": "US"
    },
    "employee_reviews": [
      {
        "additionalRatings": [
          {}
        ],
        "source": "KUNUNU"
      }
    ]
  },
  {
    "organization_name": "785 Park Avenue Owners, Inc.",
    "mailAddr": {
      "street1": "770 Lexington Ave.",
      "city": "New York",
      "state": "NY",
      "zip": "10065",
      "country": "US"
    },
    "employee_reviews": [
      {
        "additionalRatings": [
          {}
        ],
        "source": "KUNUNU"
      }
    ]
  },
  {
    "organization_name": "166 West 22nd Street Owners Corp.",
    "mailAddr": {
      "street1": "666 Broadway, 12th Floor",
      "city": "New York",
      "state": "NY",
      "zip": "10012",
      "country": "US"
    },
    "employee_reviews": [
      {
        "additionalRatings": [
          {}
        ],
        "source": "KUNUNU"
      }
    ]
  },
  {
    "organization_name": "682 Tenants Corp.",
    "mailAddr": {
      "street1": "666 Broadway, 12th Floor",
      "city": "New York",
      "state": "NY",
      "zip": "10012",
      "country": "US"
    },
    "employee_reviews": [
      {
        "additionalRatings": [
          {}
        ],
        "source": "KUNUNU"
      }
    ]
  },
  {
    "organization_name": "AFAIR Design LLC",
    "mailAddr": {
      "street1": "234 10th Avenue #20513",
      "city": "New York",
      "state": "NY",
      "zip": "10011",
      "country": "US"
    },
    "employee_reviews": [
      {
        "additionalRatings": [
          {}
        ],
        "source": "KUNUNU"
      }
    ]
  },
  {
    "organization_name": "701 South Federal Highway, Llc",
    "mailAddr": {
      "street1": "2880 W. Oakland Park Blvd., #118",
      "city": "Fort Lauderdale",
      "state": "FL",
      "zip": "33311",
      "country": "US"
    },
    "employee_reviews": [
      {
        "additionalRatings": [
          {}
        ],
        "source": "KUNUNU"
      }
    ]
  },
  {
    "organization_name": "35 Maple St Condo Trust",
    "mailAddr": {
      "street1": "35 Maple St Unit B",
      "city": "Waltham",
      "state": "MA",
      "zip": "02453",
      "country": "US"
    },
    "employee_reviews": [
      {
        "additionalRatings": [
          {}
        ],
        "source": "KUNUNU"
      }
    ]
  },
  {
    "organization_name": "Abso Lutley Productions",
    "mailAddr": {
      "street1": "1500 Flower St.",
      "city": "Glendale",
      "state": "CA",
      "zip": "91201",
      "country": "US"
    },
    "employee_reviews": [
      {
        "additionalRatings": [
          {}
        ],
        "source": "KUNUNU"
      }
    ]
  },
  {
    "organization_name": "1901 Jess Parrish Land Trust",
    "mailAddr": {
      "street1": "PO Box 560237",
      "city": "Rockledge",
      "state": "FL",
      "zip": "32956",
      "country": "US"
    },
    "employee_reviews": [
      {
        "additionalRatings": [
          {}
        ],
        "source": "KUNUNU"
      }
    ]
  },
  {
    "organization_name": "1905 Hartford Court Llc",
    "mailAddr": {
      "street1": "Po Box 741231",
      "city": "Boynton Beach",
      "state": "FL",
      "zip": "33474",
      "country": "US"
    },
    "employee_reviews": [
      {
        "additionalRatings": [
          {}
        ],
        "source": "KUNUNU"
      }
    ]
  },
  {
    "organization_name": "3217 Lake Avenue, LLC",
    "mailAddr": {
      "street1": "5382 NE 13th Way",
      "city": "Pompano Beach",
      "state": "FL",
      "zip": "33064",
      "country": "US"
    },
    "employee_reviews": [
      {
        "additionalRatings": [
          {}
        ],
        "source": "KUNUNU"
      }
    ]
  },
  {
    "organization_name": "660 Building LLC",
    "mailAddr": {
      "street1": "4000 Hollywood Blvd, Suite 685-S",
      "city": "Hollywood",
      "state": "FL",
      "zip": "33021",
      "country": "US"
    },
    "employee_reviews": [
      {
        "additionalRatings": [
          {}
        ],
        "source": "KUNUNU"
      }
    ]
  },
  {
    "organization_name": "3225 Ave J Llc",
    "mailAddr": {
      "street1": "9117 Emerson Avenue",
      "city": "Miami",
      "state": "FL",
      "zip": "33154",
      "country": "US"
    },
    "employee_reviews": [
      {
        "additionalRatings": [
          {}
        ],
        "source": "KUNUNU"
      }
    ]
  },
  {
    "organization_name": "1716 Crestwood Court Llc",
    "mailAddr": {
      "street1": "Po Box 741231",
      "city": "Boynton Beach",
      "state": "FL",
      "zip": "33474",
      "country": "US"
    },
    "employee_reviews": [
      {
        "additionalRatings": [
          {}
        ],
        "source": "KUNUNU"
      }
    ]
  },
  {
    "organization_name": "1750 University Holdings Llc",
    "mailAddr": {
      "street1": "151 Nob Hill Rd, Suite 290",
      "city": "Plantation",
      "state": "FL",
      "zip": "33324",
      "country": "US"
    },
    "employee_reviews": [
      {
        "additionalRatings": [
          {}
        ],
        "source": "KUNUNU"
      }
    ]
  },
  {
    "organization_name": "Coral Lago Homeowners' Assoc, Inc",
    "mailAddr": {
      "street1": "1145 Sawgrass Corporate Parkway",
      "city": "Sunrise",
      "state": "FL",
      "zip": "33323",
      "country": "US"
    },
    "employee_reviews": [
      {
        "additionalRatings": [
          {}
        ],
        "source": "KUNUNU"
      }
    ]
  },
  {
    "organization_name": "180 Franklin Lofts, Ltd",
    "mailAddr": {
      "street1": "666 Broadway, 12th Floor",
      "city": "New York",
      "state": "NY",
      "zip": "10012",
      "country": "US"
    },
    "employee_reviews": [
      {
        "additionalRatings": [
          {}
        ],
        "source": "KUNUNU"
      }
    ]
  },
  {
    "organization_name": "1520 Taylor St HOA",
    "mailAddr": {
      "street1": "1808 Wedemeyer St, Ste B50",
      "city": "San Francisco",
      "state": "CA",
      "zip": "94129",
      "country": "US"
    },
    "employee_reviews": [
      {
        "additionalRatings": [
          {}
        ],
        "source": "KUNUNU"
      }
    ]
  },
  {
    "organization_name": "Adweek, LLC",
    "mailAddr": {
      "street1": "825 Eighth Ave., 29th Floor",
      "city": "New York",
      "state": "NY",
      "zip": "10019",
      "country": "US"
    },
    "employee_reviews": [
      {
        "additionalRatings": [
          {}
        ],
        "source": "KUNUNU"
      }
    ]
  },
  {
    "organization_name": "Abenaqui Country Club, Inc",
    "mailAddr": {
      "street1": "PO Box 254",
      "city": "Rye Beach",
      "state": "NH",
      "zip": "03871",
      "country": "US"
    },
    "employee_reviews": [
      {
        "additionalRatings": [
          {}
        ],
        "source": "KUNUNU"
      }
    ]
  },
  {
    "organization_name": "169 Crocheron LLC",
    "mailAddr": {
      "street1": "11-02 49th Ave., apt 1g",
      "city": "Long Island City",
      "state": "NY",
      "zip": "11101",
      "country": "US"
    },
    "employee_reviews": [
      {
        "additionalRatings": [
          {}
        ],
        "source": "KUNUNU"
      }
    ]
  },
  {
    "organization_name": "665 Quincy Shore Drive LLC",
    "mailAddr": {
      "street1": "69 Wedgewood Dr",
      "city": "Easton",
      "state": "MA",
      "zip": "02356",
      "country": "US"
    },
    "employee_reviews": [
      {
        "additionalRatings": [
          {}
        ],
        "source": "KUNUNU"
      }
    ]
  },
  {
    "organization_name": "6969 West 20th Avenue LLC",
    "mailAddr": {
      "street1": "2453 Inagua Avenue",
      "city": "Miami",
      "state": "FL",
      "zip": "33133",
      "country": "US"
    },
    "employee_reviews": [
      {
        "additionalRatings": [
          {}
        ],
        "source": "KUNUNU"
      }
    ]
  },
  {
    "organization_name": "AFP Imaging Corporation",
    "mailAddr": {
      "street1": "274 Ridgefield Road",
      "city": "Wilton",
      "state": "CT",
      "zip": "06897",
      "country": "US"
    },
    "employee_reviews": [
      {
        "additionalRatings": [
          {}
        ],
        "source": "KUNUNU"
      }
    ]
  },
  {
    "organization_name": "1919 20th Street HOA",
    "mailAddr": {
      "street1": "1919 - 20th Street #3",
      "city": "San Francisco",
      "state": "CA",
      "zip": "94107",
      "country": "US"
    },
    "employee_reviews": [
      {
        "additionalRatings": [
          {}
        ],
        "source": "KUNUNU"
      }
    ]
  },
  {
    "organization_name": "11 Madison Realty, LLC",
    "mailAddr": {
      "street1": "11 Madison Avenue",
      "city": "Westwood",
      "state": "NJ",
      "zip": "07675",
      "country": "US"
    },
    "employee_reviews": [
      {
        "additionalRatings": [
          {}
        ],
        "source": "KUNUNU"
      }
    ]
  },
  {
    "organization_name": "7X24 Exchange - Washington DC",
    "mailAddr": {
      "street1": "8250 Jones Branch Drive",
      "city": "McLean",
      "state": "VA",
      "zip": "22102",
      "country": "US"
    },
    "employee_reviews": [
      {
        "additionalRatings": [
          {}
        ],
        "source": "KUNUNU"
      }
    ]
  },
  {
    "organization_name": "38 Gramercy Park Inc.",
    "mailAddr": {
      "street1": "666 Broadway, 12th Floor",
      "city": "New York",
      "state": "NY",
      "zip": "10012",
      "country": "US"
    },
    "employee_reviews": [
      {
        "additionalRatings": [
          {}
        ],
        "source": "KUNUNU"
      }
    ]
  },
  {
    "organization_name": "Advisory Services, Ltd",
    "mailAddr": {
      "street1": "1818-A Independence Square",
      "city": "Atlanta",
      "state": "GA",
      "zip": "30356",
      "country": "US"
    },
    "employee_reviews": [
      {
        "additionalRatings": [
          {}
        ],
        "source": "KUNUNU"
      }
    ]
  },
  {
    "organization_name": "321 Partners, LLC",
    "mailAddr": {
      "street1": "321 2nd Avenue",
      "city": "San Mateo",
      "state": "CA",
      "zip": "94401",
      "country": "US"
    },
    "employee_reviews": [
      {
        "additionalRatings": [
          {}
        ],
        "source": "KUNUNU"
      }
    ]
  },
  {
    "organization_name": "17 Albemarle Place Condo Trust",
    "mailAddr": {
      "street1": "P.O. Box 281",
      "city": "Winchester",
      "state": "MA",
      "zip": "01890",
      "country": "US"
    },
    "employee_reviews": [
      {
        "additionalRatings": [
          {}
        ],
        "source": "KUNUNU"
      }
    ]
  },
  {
    "organization_name": "330 Cocoanut Row Condo",
    "mailAddr": {
      "street1": "P.o. Box 368",
      "city": "Palm Beach",
      "state": "FL",
      "zip": "33480",
      "country": "US"
    },
    "employee_reviews": [
      {
        "additionalRatings": [
          {}
        ],
        "source": "KUNUNU"
      }
    ]
  },
  {
    "organization_name": "72 -74 Antrim Street Condo Trust",
    "mailAddr": {
      "street1": "74 Antrim Street",
      "city": "Cambridge",
      "state": "MA",
      "zip": "02139",
      "country": "US"
    },
    "employee_reviews": [
      {
        "additionalRatings": [
          {}
        ],
        "source": "KUNUNU"
      }
    ]
  },
  {
    "organization_name": "1823 ENC Corp",
    "mailAddr": {
      "street1": "573 Nesconset Highway",
      "city": "Hauppauge",
      "state": "NY",
      "zip": "11788",
      "country": "US"
    },
    "employee_reviews": [
      {
        "additionalRatings": [
          {}
        ],
        "source": "KUNUNU"
      }
    ]
  },
  {
    "organization_name": "364 West 121st Street HDFC",
    "mailAddr": {
      "street1": "P O Box 863569",
      "city": "Glendale",
      "state": "NY",
      "zip": "11385",
      "country": "US"
    },
    "employee_reviews": [
      {
        "additionalRatings": [
          {}
        ],
        "source": "KUNUNU"
      }
    ]
  },
  {
    "organization_name": "110CDCO Inc.",
    "mailAddr": {
      "street1": "802 N. Charter St.",
      "city": "Monticello",
      "state": "IL",
      "zip": "61856",
      "country": "US"
    },
    "employee_reviews": [
      {
        "additionalRatings": [
          {}
        ],
        "source": "KUNUNU"
      }
    ]
  },
  {
    "organization_name": "AE Ventures, Inc.",
    "mailAddr": {
      "street1": "14 Bristol Drive, Unit G",
      "city": "South Easton",
      "state": "MA",
      "zip": "02375",
      "country": "US"
    },
    "employee_reviews": [
      {
        "additionalRatings": [
          {}
        ],
        "source": "KUNUNU"
      }
    ]
  }
]
