[
  {
    "organization_name": "7X24 Exchange- Rocky Mountain",
    "mailAddr": {
      "street1": "12600 West Colfax Ave., A-400",
      "city": "Denver",
      "state": "CO",
      "zip": "80215",
      "country": "US"
    },
    "employee_reviews": [
      {
        "additionalRatings": [
          {}
        ],
        "source": "KUNUNU"
      }
    ]
  },
  {
    "organization_name": "Binda Concrete, Inc.",
    "mailAddr": {
      "street1": "1732 N. 6th Street",
      "city": "Orlando",
      "state": "FL",
      "zip": "32820",
      "country": "US"
    },
    "employee_reviews": [
      {
        "additionalRatings": [
          {}
        ],
        "source": "KUNUNU"
      }
    ]
  },
  {
    "organization_name": "200 Robbins Lane LLC",
    "mailAddr": {
      "street1": "200 Robbins Lane",
      "city": "Jericho",
      "state": "NY",
      "zip": "11753",
      "country": "US"
    },
    "employee_reviews": [
      {
        "additionalRatings": [
          {}
        ],
        "source": "KUNUNU"
      }
    ]
  },
  {
    "organization_name": "805 Madison Ave Owner LLC",
    "mailAddr": {
      "street1": "29 Locust Avenue",
      "city": "Rye",
      "state": "NY",
      "zip": "10580",
      "country": "US"
    },
    "employee_reviews": [
      {
        "additionalRatings": [
          {}
        ],
        "source": "KUNUNU"
      }
    ]
  },
  {
    "organization_name": "906 EAST BROADWAY CONDO ASSOC.",
    "mailAddr": {
      "street1": "906 EAST BROADWAY #3",
      "city": "South Boston",
      "state": "MA",
      "zip": "02127",
      "country": "US"
    },
    "employee_reviews": [
      {
        "additionalRatings": [
          {}
        ],
        "source": "KUNUNU"
      }
    ]
  },
  {
    "organization_name": "413 Old Wharf Road LLC",
    "mailAddr": {
      "street1": "PO Box 545",
      "city": "Dennisport",
      "state": "MA",
      "zip": "02639",
      "country": "US"
    },
    "employee_reviews": [
      {
        "additionalRatings": [
          {}
        ],
        "source": "KUNUNU"
      }
    ]
  },
  {
    "organization_name": "240 West 23rd Owners Corp.",
    "mailAddr": {
      "street1": "666 Broadway, 12th Floor",
      "city": "New York",
      "state": "NY",
      "zip": "10012",
      "country": "US"
    },
    "employee_reviews": [
      {
        "additionalRatings": [
          {}
        ],
        "source": "KUNUNU"
      }
    ]
  },
  {
    "organization_name": "4700 North Bay Road Llc",
    "mailAddr": {
      "street1": "41 S High Street, Suite 3750 S",
      "city": "Columbus",
      "state": "OH",
      "zip": "43215",
      "country": "US"
    },
    "employee_reviews": [
      {
        "additionalRatings": [
          {}
        ],
        "source": "KUNUNU"
      }
    ]
  },
  {
    "organization_name": "950 Harrison Street HOA",
    "mailAddr": {
      "street1": "1720 S Amphlett Blvd Ste 130",
      "city": "San Mateo",
      "state": "CA",
      "zip": "94402",
      "country": "US"
    },
    "employee_reviews": [
      {
        "additionalRatings": [
          {}
        ],
        "source": "KUNUNU"
      }
    ]
  },
  {
    "organization_name": "2505 Noriega, LLC",
    "mailAddr": {
      "street1": "140 San Fernando Way",
      "city": "San Francisco",
      "state": "CA",
      "zip": "94127",
      "country": "US"
    },
    "employee_reviews": [
      {
        "additionalRatings": [
          {}
        ],
        "source": "KUNUNU"
      }
    ]
  },
  {
    "organization_name": "14 Thirty Partners, LLC",
    "mailAddr": {
      "street1": "111 John Street Suite 1806",
      "city": "New York",
      "state": "NY",
      "zip": "10038",
      "country": "US"
    },
    "employee_reviews": [
      {
        "additionalRatings": [
          {}
        ],
        "source": "KUNUNU"
      }
    ]
  },
  {
    "organization_name": "16 Holbrook St. Condo Trust",
    "mailAddr": {
      "street1": "16 Holbrook Street",
      "city": "Jamaica Plain",
      "state": "MA",
      "zip": "02130",
      "country": "US"
    },
    "employee_reviews": [
      {
        "additionalRatings": [
          {}
        ],
        "source": "KUNUNU"
      }
    ]
  },
  {
    "organization_name": "1990 Ne 163rd St Llc",
    "mailAddr": {
      "street1": "10295 Collins Ave #907",
      "city": "Bal Harbour",
      "state": "FL",
      "zip": "33154",
      "country": "US"
    },
    "employee_reviews": [
      {
        "additionalRatings": [
          {}
        ],
        "source": "KUNUNU"
      }
    ]
  },
  {
    "organization_name": "39 East 19 Owners Corp.",
    "mailAddr": {
      "street1": "666 Broadway",
      "city": "New York",
      "state": "NY",
      "zip": "10012",
      "country": "US"
    },
    "employee_reviews": [
      {
        "additionalRatings": [
          {}
        ],
        "source": "KUNUNU"
      }
    ]
  },
  {
    "organization_name": "20/20 Vision Center",
    "mailAddr": {
      "street1": "1425 Hand Avenue, Suite A",
      "city": "Ormond Beach",
      "state": "FL",
      "zip": "32174",
      "country": "US"
    },
    "employee_reviews": [
      {
        "additionalRatings": [
          {}
        ],
        "source": "KUNUNU"
      }
    ]
  },
  {
    "organization_name": "210 Arlington Street LLC",
    "mailAddr": {
      "street1": "Po Box 100402",
      "city": "Newton",
      "state": "MA",
      "zip": "02460",
      "country": "US"
    },
    "employee_reviews": [
      {
        "additionalRatings": [
          {}
        ],
        "source": "KUNUNU"
      }
    ]
  },
  {
    "organization_name": "900 College Ave, LLC",
    "mailAddr": {
      "street1": "2501 Mission Street",
      "city": "San Francisco,",
      "state": "CA",
      "zip": "94110",
      "country": "US"
    },
    "employee_reviews": [
      {
        "additionalRatings": [
          {}
        ],
        "source": "KUNUNU"
      }
    ]
  },
  {
    "organization_name": "4108 K & D Food Corp",
    "mailAddr": {
      "street1": "4108 West Vine Street",
      "city": "Kissimmee",
      "state": "FL",
      "zip": "34741",
      "country": "US"
    },
    "employee_reviews": [
      {
        "additionalRatings": [
          {}
        ],
        "source": "KUNUNU"
      }
    ]
  },
  {
    "organization_name": "224-226 Avenue Corp.",
    "mailAddr": {
      "street1": "666 Broadway, 12th Floor",
      "city": "New York",
      "state": "NY",
      "zip": "10012",
      "country": "US"
    },
    "employee_reviews": [
      {
        "additionalRatings": [
          {}
        ],
        "source": "KUNUNU"
      }
    ]
  },
  {
    "organization_name": "124 - 140 Columbus LLC",
    "mailAddr": {
      "street1": "212 Ritch Street",
      "city": "San Francisco",
      "state": "CA",
      "zip": "94107",
      "country": "US"
    },
    "employee_reviews": [
      {
        "additionalRatings": [
          {}
        ],
        "source": "KUNUNU"
      }
    ]
  },
  {
    "organization_name": "227 West 17th Street Corp.",
    "mailAddr": {
      "street1": "666 Broadway, 12th Floor",
      "city": "New York",
      "state": "NY",
      "zip": "10012",
      "country": "US"
    },
    "employee_reviews": [
      {
        "additionalRatings": [
          {}
        ],
        "source": "KUNUNU"
      }
    ]
  },
  {
    "organization_name": "28 East 4th Street Housing Corp.",
    "mailAddr": {
      "street1": "666 Broadway, 12th Floor",
      "city": "New York",
      "state": "NY",
      "zip": "10012",
      "country": "US"
    },
    "employee_reviews": [
      {
        "additionalRatings": [
          {}
        ],
        "source": "KUNUNU"
      }
    ]
  },
  {
    "organization_name": "1492 Acquisition LLC",
    "mailAddr": {
      "street1": "676 N. Michigan Avenue, Suite 3400",
      "city": "Chicago",
      "state": "IL",
      "zip": "60611",
      "country": "US"
    },
    "employee_reviews": [
      {
        "additionalRatings": [
          {}
        ],
        "source": "KUNUNU"
      }
    ]
  },
  {
    "organization_name": "Acanthus International, Inc.",
    "mailAddr": {
      "street1": "811 27th Street",
      "city": "West Palm Beach",
      "state": "FL",
      "zip": "33407",
      "country": "US"
    },
    "employee_reviews": [
      {
        "additionalRatings": [
          {}
        ],
        "source": "KUNUNU"
      }
    ]
  },
  {
    "organization_name": "801 Austin RL LLC",
    "mailAddr": {
      "street1": "4601 Ponce de Leon Blvd #300",
      "city": "Coral Gables",
      "state": "FL",
      "zip": "33146",
      "country": "US"
    },
    "employee_reviews": [
      {
        "additionalRatings": [
          {}
        ],
        "source": "KUNUNU"
      }
    ]
  },
  {
    "organization_name": "801 Red Lobster LLC",
    "mailAddr": {
      "street1": "4601 Ponce de Leon Blvd #300",
      "city": "Coral Gables",
      "state": "FL",
      "zip": "33146",
      "country": "US"
    },
    "employee_reviews": [
      {
        "additionalRatings": [
          {}
        ],
        "source": "KUNUNU"
      }
    ]
  },
  {
    "organization_name": "111 East 10th Street, Inc.",
    "mailAddr": {
      "street1": "666 Broadway, 12th Floor",
      "city": "New York",
      "state": "NY",
      "zip": "10012",
      "country": "US"
    },
    "employee_reviews": [
      {
        "additionalRatings": [
          {}
        ],
        "source": "KUNUNU"
      }
    ]
  },
  {
    "organization_name": "1159 Hillsboro Mile, Llc",
    "mailAddr": {
      "street1": "21500 Biscayne Blvd, Suite 302",
      "city": "Aventura",
      "state": "FL",
      "zip": "33180",
      "country": "US"
    },
    "employee_reviews": [
      {
        "additionalRatings": [
          {}
        ],
        "source": "KUNUNU"
      }
    ]
  },
  {
    "organization_name": "3D Delivery Service Inc",
    "mailAddr": {
      "street1": "19046 Bruce B. Downs BLVD #129",
      "city": "Tampa",
      "state": "FL",
      "zip": "33647",
      "country": "US"
    },
    "employee_reviews": [
      {
        "additionalRatings": [
          {}
        ],
        "source": "KUNUNU"
      }
    ]
  },
  {
    "organization_name": "3550 Market Street HOA",
    "mailAddr": {
      "street1": "P. O. Box 642671",
      "city": "San Francisco",
      "state": "CA",
      "zip": "94164-2671",
      "country": "US"
    },
    "employee_reviews": [
      {
        "additionalRatings": [
          {}
        ],
        "source": "KUNUNU"
      }
    ]
  },
  {
    "organization_name": "118 Suffolk Corp.",
    "mailAddr": {
      "street1": "666 Broadway, 12th Floor",
      "city": "New York",
      "state": "NY",
      "zip": "10012",
      "country": "US"
    },
    "employee_reviews": [
      {
        "additionalRatings": [
          {}
        ],
        "source": "KUNUNU"
      }
    ]
  },
  {
    "organization_name": "3714-3716 Fillmore Street HOA",
    "mailAddr": {
      "street1": "3714 Fillmore Street",
      "city": "San Francisco",
      "state": "CA",
      "zip": "94123",
      "country": "US"
    },
    "employee_reviews": [
      {
        "additionalRatings": [
          {}
        ],
        "source": "KUNUNU"
      }
    ]
  },
  {
    "organization_name": "401 Brevard. LLC",
    "mailAddr": {
      "street1": "401 Brevard Ave",
      "city": "Cocoa",
      "state": "FL",
      "zip": "32922",
      "country": "US"
    },
    "employee_reviews": [
      {
        "additionalRatings": [
          {}
        ],
        "source": "KUNUNU"
      }
    ]
  },
  {
    "organization_name": "216 N Dixie LLC",
    "mailAddr": {
      "street1": "619 Palisade Ave",
      "city": "Englewood Cliffs",
      "state": "NJ",
      "zip": "07632",
      "country": "US"
    },
    "employee_reviews": [
      {
        "additionalRatings": [
          {}
        ],
        "source": "KUNUNU"
      }
    ]
  },
  {
    "organization_name": "222 East 24 Owners Corp",
    "mailAddr": {
      "street1": "666 Broadway, 12th Floor",
      "city": "New York",
      "state": "NY",
      "zip": "10012",
      "country": "US"
    },
    "employee_reviews": [
      {
        "additionalRatings": [
          {}
        ],
        "source": "KUNUNU"
      }
    ]
  },
  {
    "organization_name": "420 West Broadway Corporation",
    "mailAddr": {
      "street1": "666 Broadway, 12th Floor",
      "city": "New York",
      "state": "NY",
      "zip": "10012",
      "country": "US"
    },
    "employee_reviews": [
      {
        "additionalRatings": [
          {}
        ],
        "source": "KUNUNU"
      }
    ]
  },
  {
    "organization_name": "425 Realty Co LLC",
    "mailAddr": {
      "street1": "29 Locust Avenue",
      "city": "Rye",
      "state": "NY",
      "zip": "10580",
      "country": "US"
    },
    "employee_reviews": [
      {
        "additionalRatings": [
          {}
        ],
        "source": "KUNUNU"
      }
    ]
  },
  {
    "organization_name": "13201 S 88th Ave, LLC",
    "mailAddr": {
      "street1": "411 N Lombard",
      "city": "Oak Park",
      "state": "IL",
      "zip": "60302",
      "country": "US"
    },
    "employee_reviews": [
      {
        "additionalRatings": [
          {}
        ],
        "source": "KUNUNU"
      }
    ]
  },
  {
    "organization_name": "890 Broadway Condominium",
    "mailAddr": {
      "street1": "890 Broadway, 8th Floor",
      "city": "New York",
      "state": "NY",
      "zip": "10003",
      "country": "US"
    },
    "employee_reviews": [
      {
        "additionalRatings": [
          {}
        ],
        "source": "KUNUNU"
      }
    ]
  },
  {
    "organization_name": "14040 Tenants Corp.",
    "mailAddr": {
      "street1": "666 Broadway, 12th Floor",
      "city": "New York",
      "state": "NY",
      "zip": "10012",
      "country": "US"
    },
    "employee_reviews": [
      {
        "additionalRatings": [
          {}
        ],
        "source": "KUNUNU"
      }
    ]
  },
  {
    "organization_name": "149 Ludlow Tenant's, Inc.",
    "mailAddr": {
      "street1": "666 Broadway, 12th Floor",
      "city": "New York",
      "state": "NY",
      "zip": "10012",
      "country": "US"
    },
    "employee_reviews": [
      {
        "additionalRatings": [
          {}
        ],
        "source": "KUNUNU"
      }
    ]
  },
  {
    "organization_name": "Accelerated Automotive Inc",
    "mailAddr": {
      "street1": "52 W. Hills Rd",
      "city": "Huntington Station",
      "state": "NY",
      "zip": "11746-2304",
      "country": "US"
    },
    "employee_reviews": [
      {
        "additionalRatings": [
          {}
        ],
        "source": "KUNUNU"
      }
    ]
  },
  {
    "organization_name": "111 South Llc",
    "mailAddr": {
      "street1": "96 Team Usa Way",
      "city": "Port Jervis",
      "state": "NY",
      "zip": "12771",
      "country": "US"
    },
    "employee_reviews": [
      {
        "additionalRatings": [
          {}
        ],
        "source": "KUNUNU"
      }
    ]
  },
  {
    "organization_name": "Agruso Enterprises LLC",
    "mailAddr": {
      "street1": "207 N. Westgate Dr.",
      "city": "Greensboro",
      "state": "NC",
      "zip": "27407",
      "country": "US"
    },
    "employee_reviews": [
      {
        "additionalRatings": [
          {}
        ],
        "source": "KUNUNU"
      }
    ]
  },
  {
    "organization_name": "223-225 East 4th Street Hdfc- #k3",
    "mailAddr": {
      "street1": "666 Broadway, 12th Floor",
      "city": "New York",
      "state": "NY",
      "zip": "10012",
      "country": "US"
    },
    "employee_reviews": [
      {
        "additionalRatings": [
          {}
        ],
        "source": "KUNUNU"
      }
    ]
  },
  {
    "organization_name": "225-25 Housing Corp",
    "mailAddr": {
      "street1": "11 New Street 2nd Floor",
      "city": "Englewood Cliffs",
      "state": "NJ",
      "zip": "07632",
      "country": "US"
    },
    "employee_reviews": [
      {
        "additionalRatings": [
          {}
        ],
        "source": "KUNUNU"
      }
    ]
  },
  {
    "organization_name": "132 Crossroads Business Center",
    "mailAddr": {
      "street1": "13200 SW 128 Street, Suite E-1",
      "city": "Miami",
      "state": "FL",
      "zip": "33186",
      "country": "US"
    },
    "employee_reviews": [
      {
        "additionalRatings": [
          {}
        ],
        "source": "KUNUNU"
      }
    ]
  },
  {
    "organization_name": "4573 Exchange Naples, LLC",
    "mailAddr": {
      "street1": "148 Hickory Road",
      "city": "Naples",
      "state": "FL",
      "zip": "34108",
      "country": "US"
    },
    "employee_reviews": [
      {
        "additionalRatings": [
          {}
        ],
        "source": "KUNUNU"
      }
    ]
  },
  {
    "organization_name": "2500 Steiner Street, Inc.",
    "mailAddr": {
      "street1": "1808 Wedemeyer St. Ste. B50",
      "city": "San Francisco",
      "state": "CA",
      "zip": "94129",
      "country": "US"
    },
    "employee_reviews": [
      {
        "additionalRatings": [
          {}
        ],
        "source": "KUNUNU"
      }
    ]
  },
  {
    "organization_name": "250-254 West 82nd Street Owners Inc.",
    "mailAddr": {
      "street1": "666 Broadway, 12th Floor",
      "city": "New York",
      "state": "NY",
      "zip": "10012",
      "country": "US"
    },
    "employee_reviews": [
      {
        "additionalRatings": [
          {}
        ],
        "source": "KUNUNU"
      }
    ]
  },
  {
    "organization_name": "1455 Michigan Avenue Owners Association, Inc.",
    "mailAddr": {
      "street1": "1234 Washington Avenue, Ste 300",
      "city": "Miami Beach",
      "state": "FL",
      "zip": "33139",
      "country": "US"
    },
    "employee_reviews": [
      {
        "additionalRatings": [
          {}
        ],
        "source": "KUNUNU"
      }
    ]
  },
  {
    "organization_name": "150 Greene Street Corp.",
    "mailAddr": {
      "street1": "666 Broadway",
      "city": "New York",
      "state": "NY",
      "zip": "10012",
      "country": "US"
    },
    "employee_reviews": [
      {
        "additionalRatings": [
          {}
        ],
        "source": "KUNUNU"
      }
    ]
  },
  {
    "organization_name": "8000, LLC",
    "mailAddr": {
      "street1": "12900 SW 89 Court",
      "city": "Miami",
      "state": "FL",
      "zip": "33176",
      "country": "US"
    },
    "employee_reviews": [
      {
        "additionalRatings": [
          {}
        ],
        "source": "KUNUNU"
      }
    ]
  },
  {
    "organization_name": "1121 Madruga Avenue Condominium Association, Inc.",
    "mailAddr": {
      "street1": "P.O. Box 41-4331",
      "city": "Miami Beach",
      "state": "FL",
      "zip": "33141",
      "country": "US"
    },
    "employee_reviews": [
      {
        "additionalRatings": [
          {}
        ],
        "source": "KUNUNU"
      }
    ]
  },
  {
    "organization_name": "23 Midblock Tenants Corp.",
    "mailAddr": {
      "street1": "23 W. 83rd St.,",
      "city": "New York",
      "state": "NY",
      "zip": "10024",
      "country": "US"
    },
    "employee_reviews": [
      {
        "additionalRatings": [
          {}
        ],
        "source": "KUNUNU"
      }
    ]
  },
  {
    "organization_name": "24 Greystone, LLC",
    "mailAddr": {
      "street1": "P.O. Box 6430",
      "city": "Avon",
      "state": "CO",
      "zip": "81620",
      "country": "US"
    },
    "employee_reviews": [
      {
        "additionalRatings": [
          {}
        ],
        "source": "KUNUNU"
      }
    ]
  },
  {
    "organization_name": "24/7 Truck Brokerage , Inc.",
    "mailAddr": {
      "street1": "P.O. Box 937",
      "city": "Nogales",
      "state": "AZ",
      "zip": "85678",
      "country": "US"
    },
    "employee_reviews": [
      {
        "additionalRatings": [
          {}
        ],
        "source": "KUNUNU"
      }
    ]
  },
  {
    "organization_name": "2426 East Las Olas, Llc",
    "mailAddr": {
      "street1": "2426 E Las Olas Blvd",
      "city": "Fort Lauderdale",
      "state": "FL",
      "zip": "33301",
      "country": "US"
    },
    "employee_reviews": [
      {
        "additionalRatings": [
          {}
        ],
        "source": "KUNUNU"
      }
    ]
  },
  {
    "organization_name": "134-136 West 82nd Street Owners Corp.",
    "mailAddr": {
      "street1": "666 Broadway, 12th Floor",
      "city": "New York",
      "state": "NY",
      "zip": "10012",
      "country": "US"
    },
    "employee_reviews": [
      {
        "additionalRatings": [
          {}
        ],
        "source": "KUNUNU"
      }
    ]
  },
  {
    "organization_name": "149 Franklin Street Owners, Inc.",
    "mailAddr": {
      "street1": "149 Franklin Street",
      "city": "New York",
      "state": "NY",
      "zip": "10013",
      "country": "US"
    },
    "employee_reviews": [
      {
        "additionalRatings": [
          {}
        ],
        "source": "KUNUNU"
      }
    ]
  },
  {
    "organization_name": "1559 Associates LLC",
    "mailAddr": {
      "street1": "27 Killian Rd",
      "city": "Johnston",
      "state": "RI",
      "zip": "02919",
      "country": "US"
    },
    "employee_reviews": [
      {
        "additionalRatings": [
          {}
        ],
        "source": "KUNUNU"
      }
    ]
  },
  {
    "organization_name": "Mebane Shrubbery Market",
    "mailAddr": {
      "street1": "1750 nc-49",
      "city": "burlington",
      "state": "NC",
      "zip": "27217",
      "country": "US"
    },
    "employee_reviews": [
      {
        "additionalRatings": [
          {}
        ],
        "source": "KUNUNU"
      }
    ]
  },
  {
    "organization_name": "202 Barnstable Road LLC",
    "mailAddr": {
      "street1": "80 Neponset Ave",
      "city": "Dorchester",
      "state": "MA",
      "zip": "02122",
      "country": "US"
    },
    "employee_reviews": [
      {
        "additionalRatings": [
          {}
        ],
        "source": "KUNUNU"
      }
    ]
  },
  {
    "organization_name": "3D Design Studio, LLC",
    "mailAddr": {
      "street1": "529 Barron Blvd.",
      "city": "Grayslake",
      "state": "IL",
      "zip": "60030",
      "country": "US"
    },
    "employee_reviews": [
      {
        "additionalRatings": [
          {}
        ],
        "source": "KUNUNU"
      }
    ]
  },
  {
    "organization_name": "3g Studios, PLLC",
    "mailAddr": {
      "street1": "8000 Bennington Drive",
      "city": "Knoxville",
      "state": "TN",
      "zip": "37909",
      "country": "US"
    },
    "employee_reviews": [
      {
        "additionalRatings": [
          {}
        ],
        "source": "KUNUNU"
      }
    ]
  },
  {
    "organization_name": "85-87 Prospect St LLC",
    "mailAddr": {
      "street1": "9 Lee St",
      "city": "Marblehead",
      "state": "MA",
      "zip": "01945",
      "country": "US"
    },
    "employee_reviews": [
      {
        "additionalRatings": [
          {}
        ],
        "source": "KUNUNU"
      }
    ]
  },
  {
    "organization_name": "900 Hillsboro Mile, Inc.",
    "mailAddr": {
      "street1": "110 N. Federal Hwy, #810",
      "city": "Fort Lauderdale",
      "state": "FL",
      "zip": "33301",
      "country": "US"
    },
    "employee_reviews": [
      {
        "additionalRatings": [
          {}
        ],
        "source": "KUNUNU"
      }
    ]
  },
  {
    "organization_name": "918 Star, LLC",
    "mailAddr": {
      "street1": "590 Madison Avenue, 21st Floor",
      "city": "New York",
      "state": "NY",
      "zip": "10022",
      "country": "US"
    },
    "employee_reviews": [
      {
        "additionalRatings": [
          {}
        ],
        "source": "KUNUNU"
      }
    ]
  },
  {
    "organization_name": "124 East 91 Street Corp.",
    "mailAddr": {
      "street1": "666 Broadway, 12th Floor",
      "city": "New York",
      "state": "NY",
      "zip": "10012",
      "country": "US"
    },
    "employee_reviews": [
      {
        "additionalRatings": [
          {}
        ],
        "source": "KUNUNU"
      }
    ]
  },
  {
    "organization_name": "1261 Bass River Realty LLC",
    "mailAddr": {
      "street1": "7 Central Street",
      "city": "South Easton",
      "state": "MA",
      "zip": "02375",
      "country": "US"
    },
    "employee_reviews": [
      {
        "additionalRatings": [
          {}
        ],
        "source": "KUNUNU"
      }
    ]
  },
  {
    "organization_name": "1327 Pine Island Road Llc",
    "mailAddr": {
      "street1": "5051 Castello Drive, Suite 222",
      "city": "Naples",
      "state": "FL",
      "zip": "34103",
      "country": "US"
    },
    "employee_reviews": [
      {
        "additionalRatings": [
          {}
        ],
        "source": "KUNUNU"
      }
    ]
  },
  {
    "organization_name": "451 Broome Street Corp.",
    "mailAddr": {
      "street1": "666 Broadway, 12th Floor",
      "city": "New York",
      "state": "NY",
      "zip": "10012",
      "country": "US"
    },
    "employee_reviews": [
      {
        "additionalRatings": [
          {}
        ],
        "source": "KUNUNU"
      }
    ]
  },
  {
    "organization_name": "Abstract Edge Web Solutions,",
    "mailAddr": {
      "street1": "12209 Faulkner Dr.",
      "city": "Owings Mills",
      "state": "MD",
      "zip": "21117",
      "country": "US"
    },
    "employee_reviews": [
      {
        "additionalRatings": [
          {}
        ],
        "source": "KUNUNU"
      }
    ]
  },
  {
    "organization_name": "20-22 Suffolk Street Realty",
    "mailAddr": {
      "street1": "110 Woodland Street",
      "city": "Natick",
      "state": "MA",
      "zip": "01760",
      "country": "US"
    },
    "employee_reviews": [
      {
        "additionalRatings": [
          {}
        ],
        "source": "KUNUNU"
      }
    ]
  },
  {
    "organization_name": "124 Hendricks Isle LLC",
    "mailAddr": {
      "street1": "1522 SW 13th Court",
      "city": "Piompano Beach",
      "state": "FL",
      "zip": "33069",
      "country": "US"
    },
    "employee_reviews": [
      {
        "additionalRatings": [
          {}
        ],
        "source": "KUNUNU"
      }
    ]
  },
  {
    "organization_name": "4627-4629 18th Street HOA",
    "mailAddr": {
      "street1": "4629 18TH ST",
      "city": "San Francisco",
      "state": "CA",
      "zip": "94114",
      "country": "US"
    },
    "employee_reviews": [
      {
        "additionalRatings": [
          {}
        ],
        "source": "KUNUNU"
      }
    ]
  },
  {
    "organization_name": "1609 SFH LLC",
    "mailAddr": {
      "street1": "1205 N Lakeside Dr",
      "city": "Lake Worth",
      "state": "FL",
      "zip": "33460",
      "country": "US"
    },
    "employee_reviews": [
      {
        "additionalRatings": [
          {}
        ],
        "source": "KUNUNU"
      }
    ]
  },
  {
    "organization_name": "Black Walnut Cafe",
    "mailAddr": {
      "street1": "955 w stacy rd",
      "city": "allen",
      "state": "TX",
      "zip": "75013",
      "country": "US"
    },
    "employee_reviews": [
      {
        "review_rating": "4.0",
        "reviewer_designation": "Waitress/Barista in training (Former Employee) –  ",
        "job_location": "Texas",
        "review_date": "2019-01-03T00:00:00.000Z",
        "review_title": "great place",
        "review_desc": "fast paced, but great place to work , good management, nice employees,and everyone was given even hours and it was a clean environment as well as stable",
        "pros": "free food, tips",
        "cons": "short breaks, fast paced",
        "source": "INDEED"
      },
      {
        "review_rating": "2.0",
        "reviewer_designation": "Operations Manager (Former Employee) –  ",
        "job_location": "Colleyville, TX",
        "review_date": "2019-02-03T00:00:00.000Z",
        "review_title": "work day",
        "review_desc": "you would work 12-15 hours a day usually in a hourly position. the company could not retain staff the upper management did not have a clue with how a syore was really running. If we lost 70000.00 a month that was considered a good month",
        "pros": "good food",
        "cons": "long hours, hourly people not showing up",
        "source": "INDEED"
      },
      {
        "review_rating": "3.0",
        "reviewer_designation": "Kitchen Manager (Former Employee) –  ",
        "job_location": "Texas",
        "review_date": "2018-09-27T00:00:00.000Z",
        "review_title": "bad place",
        "review_desc": "inventory is done overnight, regional manager keeps you there until 3-4 pm sometimes and that counts as your day off. shifts can be anywhere from open to 7pm and if you employees decide to take a day off you will be closing.",
        "pros": "none",
        "cons": "too many to list",
        "source": "INDEED"
      },
      {
        "review_rating": "3.0",
        "reviewer_designation": "Cashier,trainer,barista,expodite (Current Employee) –  ",
        "job_location": "Cinco Ranch, TX",
        "review_date": "2018-09-03T00:00:00.000Z",
        "review_title": "Could use some changes",
        "review_desc": "I personally Love my job because i love customer service and helping where i can and certain days making over $100 plus hourly as cashier. What i dont love is positions are not guaranteed. Working 4 - 9 hours straight with no breaks EVER. Making us work double positions for half pay.Managers Do not lead by example. Late nite inconvenient meeningless meetings. No annual reviews or raises and weekly pay is never the same.",
        "pros": "$2 partner meals, compliments from managers",
        "cons": "Never allowed breaks and managers dont lead by example",
        "source": "INDEED"
      },
      {
        "review_rating": "3.0",
        "reviewer_designation": "GENERAL MANAGER (Former Employee) –  ",
        "job_location": "Frisco, TX",
        "review_date": "2018-07-30T00:00:00.000Z",
        "review_title": "Good Concept",
        "review_desc": "Interesting concept. I . They are growing in the Dallas Fort Worth. The management is always changing stores to cover shortages in other stores. Overall satisfied.",
        "pros": "Good concpt",
        "cons": "early and long hours",
        "source": "INDEED"
      },
      {
        "review_rating": "5.0",
        "reviewer_designation": "Waiter/Bartender/Cashier (Former Employee) –  ",
        "job_location": "Houston, TX",
        "review_date": "2018-07-11T00:00:00.000Z",
        "review_title": "Nice temporary job",
        "review_desc": "I enjoyed my time there. The manager was great and the money was pretty good. Just memorize the menu, help the guests with whatever they need and smile and you're going to make decent money.",
        "source": "INDEED"
      },
      {
        "review_rating": "1.0",
        "reviewer_designation": "Front of House (Former Employee) –  ",
        "job_location": "Colleyville, TX",
        "review_date": "2018-07-02T00:00:00.000Z",
        "review_title": "An unprofessional and degrading environment",
        "review_desc": "Worked here for about two weeks and It was a complete joke. They lie about pay and hours as well as how many customers come in as it is very little. Do not expect much from management either as they are rude and degrading to employees. Lastly, be expecting horrible traffic as there is lots of construction that has been going on in this area for two years now. Its probably why not many people show up to the cafe. Also if you work front don't expect much from tips its not like you serve food or anything so many customers don't expect/ know to tip.",
        "pros": "none",
        "cons": "no breaks, no free food, horrid hours, rude management",
        "source": "INDEED"
      },
      {
        "review_rating": "4.0",
        "reviewer_designation": "Bartender/Server (Former Employee) –  ",
        "job_location": "Austin, TX",
        "review_date": "2018-06-04T00:00:00.000Z",
        "review_title": "Average",
        "review_desc": "Barista, bartender, waitress and host. Typical restaurant job, nothing amazing. The managers had some communication issues. I wouldn't work there again.",
        "source": "INDEED"
      },
      {
        "review_rating": "4.0",
        "reviewer_designation": "Busser-Host-Waiter (Former Employee) –  ",
        "job_location": "Allen, TX",
        "review_date": "2018-03-07T00:00:00.000Z",
        "review_title": "Very fast paced job",
        "review_desc": "This place is great! We showed up for the dinner and m wife had the chicken tenders while I enjoyed the American Breakfast. The chicken tenders were so light and crunchy and the American Breakfast couldn't be better balanced with an entree of scrambled eggs, turkey sausage, country potatoes, and texas toast. Although we enjoyed the dinner, it is an absolute must that we go back for the breakfast that we've heard some many rave about. We absolutely couldn't escape without fulfilling our gluttonous desires for the gelato. To add, the service is absolutely astounding. We were greeted with smiles and the cashier attendant was extremely patient showing with us newbies to the restaurant system of ordering and seating. The lady who served us gelato was so laid back and down to earth. She really made us feel welcomed! We will definitely be back more than a handful of times.",
        "source": "INDEED"
      },
      {
        "review_rating": "4.0",
        "reviewer_designation": "Guest Service Partner (Current Employee) –  ",
        "job_location": "The Woodlands, TX",
        "review_date": "2018-02-15T00:00:00.000Z",
        "review_title": "Easy, good money.",
        "review_desc": "There is room for growth here, but there's also a cap on \"how much can be made\" there's not really a \"typical\" day, every day is different and that definitely helps keep you interested in the job itself. The guests are nice and it's easy to build relationships with others there.",
        "source": "INDEED"
      },
      {
        "review_rating": "1.0",
        "reviewer_designation": "Line Cook (Former Employee) –  ",
        "job_location": "Peachtree City, GA",
        "review_date": "2018-02-13T00:00:00.000Z",
        "review_title": "Think twice before taking the job",
        "review_desc": "This is not what you would expect from a job,first they try to be your friend but later on you get to see what kind of people they really are,they have their favorites and while you work your butt off others are just slacking,and they are the ones getting hours and raises,managers know who they are,but they don't say nothing to them because they are friends,it lacks managment eveybody do whatever they wanna do,everybody act like they are the managers,they wanna give orders even though they are just employees.",
        "pros": "Money",
        "cons": "Lack of managment, not allowed to eat, coworkers",
        "source": "INDEED"
      },
      {
        "review_rating": "4.0",
        "reviewer_designation": "Busser (Current Employee) –  ",
        "job_location": "Frisco, TX",
        "review_date": "2017-11-14T00:00:00.000Z",
        "review_title": "Quick-paced workplace which fit my work ethic well.",
        "review_desc": "As a busser, there's a lot of things one has to do as a closer, some things seem a little unnecessary, but not worth complaining about. I enjoy working hard and long so it was a good job for me, however I was tired of working in the food industry.",
        "source": "INDEED"
      },
      {
        "review_rating": "4.0",
        "reviewer_designation": "District Manager (Current Employee) –  ",
        "job_location": "Atlanta, GA",
        "review_date": "2017-08-15T00:00:00.000Z",
        "review_title": "Great Place",
        "review_desc": "Operating a restaurant with a very strict, guest focused culture is a great challenge. I have learned how to effectively balance a multitude of different responsibilities including kitchen operations, management development, partner development. Hardest part of the job is working along side some people who are not as dedicated in the traditional sense of the word. The most enjoyable part of my job is working with dedicated employees to win a shift.",
        "source": "INDEED"
      },
      {
        "review_rating": "5.0",
        "reviewer_designation": "Cashier (Former Employee) –  ",
        "job_location": "Houston, TX",
        "review_date": "2017-08-09T00:00:00.000Z",
        "review_title": "great place",
        "review_desc": "Would not have changed a thing really. I enjoyed my time there for sure. Great place to work and to sit and eat at any time. would recommend this place to anyone.",
        "source": "INDEED"
      },
      {
        "review_rating": "2.0",
        "reviewer_designation": "Cashier (Former Employee) –  ",
        "job_location": "The Woodlands, TX",
        "review_date": "2017-08-01T00:00:00.000Z",
        "review_title": "work to hard for less than 7.25",
        "review_desc": "to much work not enough pay, you never get a break. all; good shifts are always given to certain people. managers verbally abuse you constantly. I think they are racist",
        "source": "INDEED"
      },
      {
        "review_rating": "5.0",
        "reviewer_designation": "Cashier (Former Employee) –  ",
        "job_location": "Katy, TX",
        "review_date": "2017-07-06T00:00:00.000Z",
        "review_title": "Fun place to work, great people",
        "review_desc": "I was usually the main opener, i would be there at 5:30am to do juicing, gelatos, and other various opening duties. I would also run the front register and the bar until the bartender came in at 7:30. Management for the most part was good. It was a very upbeat restaurant, fast paced, and employees worked hard to help support eachother. The thing I enjoyed most was getting to interact with the guests and help them in any way I could.",
        "pros": "25% discount, Healthcare for full-time employees",
        "cons": "short breaks, if any",
        "source": "INDEED"
      },
      {
        "review_rating": "2.0",
        "reviewer_designation": "Line Cook (Former Employee) –  ",
        "job_location": "Four Points, TX",
        "review_date": "2017-06-20T00:00:00.000Z",
        "review_title": "Not really a solid company",
        "review_desc": "My three weeks spent at black walnut was confusing because there was no management. Everyone spoke Spanish so really hard for a white guy to work or be accepted in the kitchen. FOH \"mangers\" were also the BOH. No employee meal allowed when working so you worked with a empty stomach. The food consistency was bland and cheap. Couldn't get a hang of the menu and the recipes were hard to follow. Very unorganized. Lot of the food is copied from other well know restaurant chains.",
        "pros": "Going home",
        "cons": "No breaks, sketchy employees, no management, no free meal, English in America?",
        "source": "INDEED"
      },
      {
        "review_rating": "3.0",
        "reviewer_designation": "Expeditor/Food Runner (Current Employee) –  ",
        "job_location": "Allen, TX",
        "review_date": "2017-06-09T00:00:00.000Z",
        "review_title": "A great place with amazing potential to grow",
        "review_desc": "This is a very fast paced establishment that never will have a fear of shutting down, but that is just on the outside. As an employee you do have many opportunities to learn from experiences, but not very many trainers, or even managers, step out of their way to ensure that you not only know the ropes but ways to help you accelerate and succeed in the long term. The one thing that makes it a little bearable is on occasion they will hire someone that thinks of other people and not just themselves, and with those people you can have great relationships.",
        "source": "INDEED"
      },
      {
        "review_rating": "5.0",
        "reviewer_designation": "Head Dishwasher (Former Employee) –  ",
        "job_location": "Flower Mound",
        "review_date": "2017-06-08T00:00:00.000Z",
        "review_title": "Was fun",
        "review_desc": "I worked for black walnut it was cool being the head dishwasher but it was a lot dishes it's okay though I learned a lot and it was kind of cool being a chef",
        "source": "INDEED"
      },
      {
        "review_rating": "3.0",
        "reviewer_designation": "General Manager (Former Employee) –  ",
        "job_location": "Austin, TX",
        "review_date": "2017-06-04T00:00:00.000Z",
        "review_title": "Don't expect a life outside the workplace",
        "review_desc": "This restaurant has tremendous growth potential and a unique concept that makes it attractive. The owners have endless resources to expand and demand your soul in return. A typical work week would regularly exceed 70 hours a week and peak around 90. The demand is great and there is never a chance to catch your breath. A from scratch kitchen that serves breakfast, lunch and dinner and includes a full bar, this restaurant is an incredible challenge. The turnover rate is huge due to the demands and creates stress both in the workplace and at home!",
        "pros": "Growing concept and great finishes in the restaurant",
        "cons": "Workplace/Life Balance, Turnover, Unrealistic Expectations",
        "source": "INDEED"
      },
      {
        "review_rating": "3.0",
        "reviewer_designation": "Front of House Staff (Current Employee) –  ",
        "job_location": "Houston, TX",
        "review_date": "2017-05-25T00:00:00.000Z",
        "review_title": "Decent job for what it's worth",
        "review_desc": "The managers can be very flexible with scheduling, depending on who the given manager is. However, at times, selective treatment has been an issue. Again, it's all circumstantial.",
        "source": "INDEED"
      }
    ]
  },
  {
    "organization_name": "Intellect Design Arena Ltd.",
    "mailAddr": {
      "street1": "3/G3 SIPCOT IT Part, Siruseri",
      "city": "Chennai",
      "state": "TN",
      "zip": "600130",
      "country": "IN"
    },
    "employee_reviews": [
      {
        "additionalRatings": [
          {}
        ],
        "source": "KUNUNU"
      }
    ]
  },
  {
    "organization_name": "Movado Group, Inc",
    "mailAddr": {
      "street1": "650 FROM RD STE 375",
      "city": "Paramus",
      "state": "NJ",
      "zip": "07652",
      "country": "US"
    },
    "employee_reviews": [
      {
        "reviewer_designation": "Former Employee - Keyholder",
        "review_description": "I worked at Movado Group full-time (Less than a year)",
        "review_title": "\"Great Job and Benefits\"",
        "pros": "- Great benefits for a low cost - Amazing supervisors - Wonderful job experience",
        "cons": "- No employee discounts - Nothing else",
        "source": "GLASSDOOR"
      }
    ]
  },
  {
    "organization_name": "115 S 20 Avenue LLC",
    "mailAddr": {
      "street1": "619 Palisade Avenue",
      "city": "Englewood Cliffs",
      "state": "NJ",
      "zip": "07632",
      "country": "US"
    },
    "employee_reviews": [
      {
        "additionalRatings": [
          {}
        ],
        "source": "KUNUNU"
      }
    ]
  },
  {
    "organization_name": "3860 Commercial Associates, Llc",
    "mailAddr": {
      "street1": "3860 W Commercial Blvd",
      "city": "Tamarac",
      "state": "FL",
      "zip": "33309",
      "country": "US"
    },
    "employee_reviews": [
      {
        "additionalRatings": [
          {}
        ],
        "source": "KUNUNU"
      }
    ]
  },
  {
    "organization_name": "315 Franklin Street Condominium, Inc.",
    "mailAddr": {
      "street1": "315 Franklin Street #2",
      "city": "Hollywood",
      "state": "FL",
      "zip": "33019",
      "country": "US"
    },
    "employee_reviews": [
      {
        "additionalRatings": [
          {}
        ],
        "source": "KUNUNU"
      }
    ]
  },
  {
    "organization_name": "80-81 Sts. Park, Inc.",
    "mailAddr": {
      "street1": "675 Third Ave.",
      "city": "New York",
      "state": "NY",
      "zip": "10017",
      "country": "US"
    },
    "employee_reviews": [
      {
        "additionalRatings": [
          {}
        ],
        "source": "KUNUNU"
      }
    ]
  },
  {
    "organization_name": "118 West 79th Street Management Co.",
    "mailAddr": {
      "street1": "140 Norma Road",
      "city": "Teaneck",
      "state": "NJ",
      "zip": "07666",
      "country": "US"
    },
    "employee_reviews": [
      {
        "additionalRatings": [
          {}
        ],
        "source": "KUNUNU"
      }
    ]
  },
  {
    "organization_name": "1219 Euclid Avenue LLC",
    "mailAddr": {
      "street1": "Po Box 398930",
      "city": "Miami Beach",
      "state": "FL",
      "zip": "33239",
      "country": "US"
    },
    "employee_reviews": [
      {
        "additionalRatings": [
          {}
        ],
        "source": "KUNUNU"
      }
    ]
  },
  {
    "organization_name": "876 Broadway Realty Corp.",
    "mailAddr": {
      "street1": "666 Broadway, 12th Floor",
      "city": "New York",
      "state": "NY",
      "zip": "10012",
      "country": "US"
    },
    "employee_reviews": [
      {
        "additionalRatings": [
          {}
        ],
        "source": "KUNUNU"
      }
    ]
  },
  {
    "organization_name": "216 East 12th Street Owners Corp.",
    "mailAddr": {
      "street1": "10 Shurs Lane, Suite 102",
      "city": "Philadelphia",
      "state": "PA",
      "zip": "19127",
      "country": "US"
    },
    "employee_reviews": [
      {
        "additionalRatings": [
          {}
        ],
        "source": "KUNUNU"
      }
    ]
  },
  {
    "organization_name": "52 Alpine Terrace HOA",
    "mailAddr": {
      "street1": "52 Alpine Terrace #3",
      "city": "San Francisco",
      "state": "CA",
      "zip": "94117",
      "country": "US"
    },
    "employee_reviews": [
      {
        "additionalRatings": [
          {}
        ],
        "source": "KUNUNU"
      }
    ]
  },
  {
    "organization_name": "130 West 17th Street Condo",
    "mailAddr": {
      "street1": "666 Broadway, 12th Floor",
      "city": "New York",
      "state": "NY",
      "zip": "10012",
      "country": "US"
    },
    "employee_reviews": [
      {
        "additionalRatings": [
          {}
        ],
        "source": "KUNUNU"
      }
    ]
  },
  {
    "organization_name": "2701 Shattuck Berkeley LLC",
    "mailAddr": {
      "street1": "7917 Festival Court",
      "city": "Cupertino",
      "state": "CA",
      "zip": "95014",
      "country": "US"
    },
    "employee_reviews": [
      {
        "additionalRatings": [
          {}
        ],
        "source": "KUNUNU"
      }
    ]
  },
  {
    "organization_name": "136 Tamiami, Llc",
    "mailAddr": {
      "street1": "Po Box 566269",
      "city": "Miami",
      "state": "FL",
      "zip": "33256",
      "country": "US"
    },
    "employee_reviews": [
      {
        "additionalRatings": [
          {}
        ],
        "source": "KUNUNU"
      }
    ]
  },
  {
    "organization_name": "28 Dwight St Condo Trust",
    "mailAddr": {
      "street1": "28 Dwight St #G",
      "city": "Boston",
      "state": "MA",
      "zip": "02118",
      "country": "US"
    },
    "employee_reviews": [
      {
        "additionalRatings": [
          {}
        ],
        "source": "KUNUNU"
      }
    ]
  },
  {
    "organization_name": "2800 Holding Company LLC",
    "mailAddr": {
      "street1": "8651 NW 70th Street",
      "city": "Miami",
      "state": "FL",
      "zip": "33166",
      "country": "US"
    },
    "employee_reviews": [
      {
        "additionalRatings": [
          {}
        ],
        "source": "KUNUNU"
      }
    ]
  },
  {
    "organization_name": "15 Bleecker Llc",
    "mailAddr": {
      "street1": "666 Broadway, 12th Floor",
      "city": "New York",
      "state": "NY",
      "zip": "10012",
      "country": "US"
    },
    "employee_reviews": [
      {
        "additionalRatings": [
          {}
        ],
        "source": "KUNUNU"
      }
    ]
  },
  {
    "organization_name": "39 Spring Street Owners Corp.",
    "mailAddr": {
      "street1": "325 Broadway, 3rd Floor",
      "city": "New York",
      "state": "NY",
      "zip": "10007",
      "country": "US"
    },
    "employee_reviews": [
      {
        "additionalRatings": [
          {}
        ],
        "source": "KUNUNU"
      }
    ]
  },
  {
    "organization_name": "394 Riverway Condo Trust",
    "mailAddr": {
      "street1": "125 Jersey Street",
      "city": "Boston",
      "state": "MA",
      "zip": "02215",
      "country": "US"
    },
    "employee_reviews": [
      {
        "additionalRatings": [
          {}
        ],
        "source": "KUNUNU"
      }
    ]
  },
  {
    "organization_name": "1125 Ocean Ave LLC",
    "mailAddr": {
      "street1": "572 Ruger Ave. Ste. A",
      "city": "San Francisco",
      "state": "CA",
      "zip": "94129",
      "country": "US"
    },
    "employee_reviews": [
      {
        "additionalRatings": [
          {}
        ],
        "source": "KUNUNU"
      }
    ]
  },
  {
    "organization_name": "145 Americas Condominium Association",
    "mailAddr": {
      "street1": "666 Broadway, 12th Floor",
      "city": "New York",
      "state": "NY",
      "zip": "10012",
      "country": "US"
    },
    "employee_reviews": [
      {
        "additionalRatings": [
          {}
        ],
        "source": "KUNUNU"
      }
    ]
  },
  {
    "organization_name": "12 West 17th Street Tenants Corp.",
    "mailAddr": {
      "street1": "666 Broadway, 12th Floor",
      "city": "New York",
      "state": "NY",
      "zip": "10012",
      "country": "US"
    },
    "employee_reviews": [
      {
        "additionalRatings": [
          {}
        ],
        "source": "KUNUNU"
      }
    ]
  }
]
