[
  {
    "organization_name": "Salt Bay Corp",
    "mailAddr": {
      "street1": "114-118 West Main Street",
      "city": "Smithtown",
      "state": "NY",
      "zip": "11787",
      "country": "US"
    },
    "employee_reviews": [
      {
        "additionalRatings": [
          {}
        ],
        "source": "KUNUNU"
      }
    ]
  },
  {
    "organization_name": "Joseph Tosini Trust",
    "mailAddr": {
      "street1": "140 Adams Avenue",
      "city": "Hauppauge",
      "state": "NY",
      "zip": "11788",
      "country": "US"
    },
    "employee_reviews": [
      {
        "additionalRatings": [
          {}
        ],
        "source": "KUNUNU"
      }
    ]
  },
  {
    "organization_name": "UT RGV Apartments LLC",
    "mailAddr": {
      "street1": "1607 West Schunior Street (Bldgs 100-1100)",
      "city": "Edinburg",
      "state": "TX",
      "zip": "78541",
      "country": "US"
    },
    "employee_reviews": [
      {
        "additionalRatings": [
          {}
        ],
        "source": "KUNUNU"
      }
    ]
  },
  {
    "organization_name": "Brynn Marr Apartments LLC",
    "mailAddr": {
      "street1": "301 Village Drive",
      "city": "Jacksonville",
      "state": "NC",
      "zip": "28546",
      "country": "US"
    },
    "employee_reviews": [
      {
        "additionalRatings": [
          {}
        ],
        "source": "KUNUNU"
      }
    ]
  },
  {
    "organization_name": "Shangcheng Development, LLC",
    "mailAddr": {
      "street1": "1509, 1521 & 1609 Emerald Ridge Road",
      "city": "Watford City",
      "state": "ND",
      "zip": "58854",
      "country": "US"
    },
    "employee_reviews": [
      {
        "additionalRatings": [
          {}
        ],
        "source": "KUNUNU"
      }
    ]
  },
  {
    "organization_name": "Premiere Pointe, LLC",
    "mailAddr": {
      "street1": "4205 Montreal Street",
      "city": "Bismarck",
      "state": "ND",
      "zip": "58503",
      "country": "US"
    },
    "employee_reviews": [
      {
        "additionalRatings": [
          {}
        ],
        "source": "KUNUNU"
      }
    ]
  },
  {
    "organization_name": "3220 North Street, LLC",
    "mailAddr": {
      "street1": "3220 North Street",
      "city": "Nacogdoches",
      "state": "TX",
      "zip": "75965",
      "country": "US"
    },
    "employee_reviews": [
      {
        "additionalRatings": [
          {}
        ],
        "source": "KUNUNU"
      }
    ]
  },
  {
    "organization_name": "Manatee Raintree Association Inc.",
    "mailAddr": {
      "street1": "2901 26th Street West",
      "city": "Bradenton",
      "state": "FL",
      "zip": "34205",
      "country": "US"
    },
    "employee_reviews": [
      {
        "additionalRatings": [
          {}
        ],
        "source": "KUNUNU"
      }
    ]
  },
  {
    "organization_name": "Lane Star Management Co Inc",
    "mailAddr": {
      "street1": "5631 Spring Valey Road",
      "city": "Dallas",
      "state": "TX",
      "zip": "75254",
      "country": "US"
    },
    "employee_reviews": [
      {
        "additionalRatings": [
          {}
        ],
        "source": "KUNUNU"
      }
    ]
  },
  {
    "organization_name": "Overlook at Twin Lakes",
    "mailAddr": {
      "street1": "510 Guthridge Court",
      "city": "Peachtree Corners",
      "state": "GA",
      "zip": "30092",
      "country": "US"
    },
    "employee_reviews": [
      {
        "additionalRatings": [
          {}
        ],
        "source": "KUNUNU"
      }
    ]
  },
  {
    "organization_name": "The Allen Morris Company",
    "mailAddr": {
      "street1": "190 Independence Ln",
      "city": "Maitland",
      "state": "FL",
      "zip": "32751",
      "country": "US"
    },
    "employee_reviews": [
      {
        "additionalRatings": [
          {}
        ],
        "source": "KUNUNU"
      }
    ]
  },
  {
    "organization_name": "6 Mile Outparcel, LLC",
    "mailAddr": {
      "street1": "2170 Snyder Circle",
      "city": "Mount Pleasant",
      "state": "SC",
      "zip": "29466",
      "country": "US"
    },
    "employee_reviews": [
      {
        "additionalRatings": [
          {}
        ],
        "source": "KUNUNU"
      }
    ]
  },
  {
    "organization_name": "Synermark Properties, Inc.",
    "mailAddr": {
      "street1": "1601 Holleman Drive",
      "city": "College Station",
      "state": "TX",
      "zip": "77840",
      "country": "US"
    },
    "employee_reviews": [
      {
        "additionalRatings": [
          {}
        ],
        "source": "KUNUNU"
      }
    ]
  },
  {
    "organization_name": "Equivest Realty, Inc.",
    "mailAddr": {
      "street1": "2101 Fountain Blvd",
      "city": "Kissimmee",
      "state": "FL",
      "zip": "34741",
      "country": "US"
    },
    "employee_reviews": [
      {
        "additionalRatings": [
          {}
        ],
        "source": "KUNUNU"
      }
    ]
  },
  {
    "organization_name": "GVS of Georgia, LLC",
    "mailAddr": {
      "street1": "146 Gateway Center Boulevard",
      "city": "Brunswick",
      "state": "GA",
      "zip": "31525",
      "country": "US"
    },
    "employee_reviews": [
      {
        "additionalRatings": [
          {}
        ],
        "source": "KUNUNU"
      }
    ]
  },
  {
    "organization_name": "Timberlock Partners, LP",
    "mailAddr": {
      "street1": "8208, 8216, 8232, 8240, 8256, 8200, 8268, 8276 & 8260 Jayme Drive",
      "city": "Winter Garden",
      "state": "FL",
      "zip": "34787",
      "country": "US"
    },
    "employee_reviews": [
      {
        "additionalRatings": [
          {}
        ],
        "source": "KUNUNU"
      }
    ]
  },
  {
    "organization_name": "McDonnell Square Condominium Owners Association Inc",
    "mailAddr": {
      "street1": "245 McDonnell Avenue",
      "city": "Biloxi",
      "state": "MS",
      "zip": "39531",
      "country": "US"
    },
    "employee_reviews": [
      {
        "additionalRatings": [
          {}
        ],
        "source": "KUNUNU"
      }
    ]
  },
  {
    "organization_name": "Schrader Properties Management, LLC",
    "mailAddr": {
      "street1": "7101 Sandy Forks Road",
      "city": "Raleigh",
      "state": "NC",
      "zip": "27615",
      "country": "US"
    },
    "employee_reviews": [
      {
        "additionalRatings": [
          {}
        ],
        "source": "KUNUNU"
      }
    ]
  },
  {
    "organization_name": "Rockville Centre Housing Authority",
    "mailAddr": {
      "street1": "579 Merrick Road",
      "city": "Rockville Centre",
      "state": "NY",
      "zip": "11570",
      "country": "US"
    },
    "employee_reviews": [
      {
        "additionalRatings": [
          {}
        ],
        "source": "KUNUNU"
      }
    ]
  },
  {
    "organization_name": "Republic First LLC",
    "mailAddr": {
      "street1": "2239 McLaren Circle",
      "city": "Kissimmee",
      "state": "FL",
      "zip": "34744",
      "country": "US"
    },
    "employee_reviews": [
      {
        "additionalRatings": [
          {}
        ],
        "source": "KUNUNU"
      }
    ]
  },
  {
    "organization_name": "The Conerly Group, LLC",
    "mailAddr": {
      "street1": "3800 West Baker Road",
      "city": "Baytown",
      "state": "TX",
      "zip": "77521",
      "country": "US"
    },
    "employee_reviews": [
      {
        "additionalRatings": [
          {}
        ],
        "source": "KUNUNU"
      }
    ]
  },
  {
    "organization_name": "AK Hotels, LLC",
    "mailAddr": {
      "street1": "5 Kingswood Drive",
      "city": "Palm Coast",
      "state": "FL",
      "zip": "32137",
      "country": "US"
    },
    "employee_reviews": [
      {
        "additionalRatings": [
          {}
        ],
        "source": "KUNUNU"
      }
    ]
  },
  {
    "organization_name": "IMMachine, LLC",
    "mailAddr": {
      "street1": "5706 & 5910 Benjamin Center Drive",
      "city": "Tampa",
      "state": "FL",
      "zip": "33634",
      "country": "US"
    },
    "employee_reviews": [
      {
        "additionalRatings": [
          {}
        ],
        "source": "KUNUNU"
      }
    ]
  },
  {
    "organization_name": "Crescent at Millstone LLC",
    "mailAddr": {
      "street1": "1431 West Nine Mile Road",
      "city": "Pensacola",
      "state": "FL",
      "zip": "32534",
      "country": "US"
    },
    "employee_reviews": [
      {
        "additionalRatings": [
          {}
        ],
        "source": "KUNUNU"
      }
    ]
  },
  {
    "organization_name": "Crosby Choice Group Inc.",
    "mailAddr": {
      "street1": "6500 North FM 2100 (6500 North Main Street)",
      "city": "Crosby",
      "state": "TX",
      "zip": "77532",
      "country": "US"
    },
    "employee_reviews": [
      {
        "additionalRatings": [
          {}
        ],
        "source": "KUNUNU"
      }
    ]
  },
  {
    "organization_name": "Key Colony Homeowners Association, Inc.",
    "mailAddr": {
      "street1": "235 Crandon Boulevard",
      "city": "Key Biscayne",
      "state": "FL",
      "zip": "33149",
      "country": "US"
    },
    "employee_reviews": [
      {
        "additionalRatings": [
          {}
        ],
        "source": "KUNUNU"
      }
    ]
  },
  {
    "organization_name": "Southtown Shopping Center",
    "mailAddr": {
      "street1": "3001-3047 South Freeway",
      "city": "Fort Worth",
      "state": "TX",
      "zip": "76104",
      "country": "US"
    },
    "employee_reviews": [
      {
        "additionalRatings": [
          {}
        ],
        "source": "KUNUNU"
      }
    ]
  },
  {
    "organization_name": "75 Easton Avenue, LLC",
    "mailAddr": {
      "street1": "75 Easton Avenue",
      "city": "New Brunswick",
      "state": "NJ",
      "zip": "08901",
      "country": "US"
    },
    "employee_reviews": [
      {
        "additionalRatings": [
          {}
        ],
        "source": "KUNUNU"
      }
    ]
  },
  {
    "organization_name": "9499 Holdings LLC",
    "mailAddr": {
      "street1": "2200 North Belt Line Road",
      "city": "Mesquite",
      "state": "TX",
      "zip": "75150",
      "country": "US"
    },
    "employee_reviews": [
      {
        "additionalRatings": [
          {}
        ],
        "source": "KUNUNU"
      }
    ]
  },
  {
    "organization_name": "Antelope Exclusive Management, LLC",
    "mailAddr": {
      "street1": "934 East 14th Street",
      "city": "Littlefield",
      "state": "TX",
      "zip": "79339",
      "country": "US"
    },
    "employee_reviews": [
      {
        "additionalRatings": [
          {}
        ],
        "source": "KUNUNU"
      }
    ]
  },
  {
    "organization_name": "MacArthur Marketplace LLC",
    "mailAddr": {
      "street1": "8100, 8150, and 8170 Walton Boulevard",
      "city": "Irving",
      "state": "TX",
      "zip": "75063",
      "country": "US"
    },
    "employee_reviews": [
      {
        "additionalRatings": [
          {}
        ],
        "source": "KUNUNU"
      }
    ]
  },
  {
    "organization_name": "JBL Lake Walden LLC",
    "mailAddr": {
      "street1": "105-240 W Alexander Street",
      "city": "Plant City",
      "state": "FL",
      "zip": "33566",
      "country": "US"
    },
    "employee_reviews": [
      {
        "additionalRatings": [
          {}
        ],
        "source": "KUNUNU"
      }
    ]
  },
  {
    "organization_name": "Cato Companies",
    "mailAddr": {
      "street1": "1301 Cato Lane",
      "city": "Sturgis",
      "state": "MI",
      "zip": "49091",
      "country": "US"
    },
    "employee_reviews": [
      {
        "additionalRatings": [
          {}
        ],
        "source": "KUNUNU"
      }
    ]
  },
  {
    "organization_name": "Greenhaven Apartments of Jasper Ltd",
    "mailAddr": {
      "street1": "300 North Chan Bridge Drive",
      "city": "Jasper",
      "state": "FL",
      "zip": "32052",
      "country": "US"
    },
    "employee_reviews": [
      {
        "additionalRatings": [
          {}
        ],
        "source": "KUNUNU"
      }
    ]
  },
  {
    "organization_name": "Hamlin Retail Partners, LLC",
    "mailAddr": {
      "street1": "5400 Hamlin Groves Trail",
      "city": "Winter Garden",
      "state": "FL",
      "zip": "34787",
      "country": "US"
    },
    "employee_reviews": [
      {
        "additionalRatings": [
          {}
        ],
        "source": "KUNUNU"
      }
    ]
  },
  {
    "organization_name": "O?Higgins Properties, Inc.",
    "mailAddr": {
      "street1": "2725 West Britton Road",
      "city": "Oklahoma City",
      "state": "OK",
      "zip": "73102",
      "country": "US"
    },
    "employee_reviews": [
      {
        "additionalRatings": [
          {}
        ],
        "source": "KUNUNU"
      }
    ]
  },
  {
    "organization_name": "Property Owner's Association of Pointe West, Inc.",
    "mailAddr": {
      "street1": "4161 Pointe West Drive",
      "city": "Galveston",
      "state": "TX",
      "zip": "77554",
      "country": "US"
    },
    "employee_reviews": [
      {
        "reviewer_designation": "Former Employee - Maintenance Supervisor",
        "review_description": "I worked at Property Owners Association of Ono Island full-time (More than 5 years)",
        "review_title": "\"Good experience overall.\"",
        "pros": "the people, being outside, teamwork at least in the beginning",
        "cons": "boss was not constant, changed things seemingly on a whim, split up team,",
        "source": "GLASSDOOR"
      },
      {
        "additionalRatings": [
          {}
        ],
        "source": "KUNUNU"
      }
    ]
  },
  {
    "organization_name": "Greenbriar Apartments, Ltd",
    "mailAddr": {
      "street1": "945 Southwest 6th Street",
      "city": "Jasper",
      "state": "FL",
      "zip": "32052",
      "country": "US"
    },
    "employee_reviews": [
      {
        "additionalRatings": [
          {}
        ],
        "source": "KUNUNU"
      }
    ]
  },
  {
    "organization_name": "Oaktree Apartments Ltd",
    "mailAddr": {
      "street1": "10467 Northwest 36th Drive",
      "city": "Jasper",
      "state": "FL",
      "zip": "32052",
      "country": "US"
    },
    "employee_reviews": [
      {
        "additionalRatings": [
          {}
        ],
        "source": "KUNUNU"
      }
    ]
  },
  {
    "organization_name": "Hamilton Village LTD",
    "mailAddr": {
      "street1": "1203 Plum Street",
      "city": "Jennings",
      "state": "FL",
      "zip": "32053",
      "country": "US"
    },
    "employee_reviews": [
      {
        "additionalRatings": [
          {}
        ],
        "source": "KUNUNU"
      }
    ]
  },
  {
    "organization_name": "WMC Fund, LLC",
    "mailAddr": {
      "street1": "5950, 5932, 5968 Fairmont Parkway",
      "city": "Pasadena",
      "state": "TX",
      "zip": "77505",
      "country": "US"
    },
    "employee_reviews": [
      {
        "additionalRatings": [
          {}
        ],
        "source": "KUNUNU"
      }
    ]
  },
  {
    "organization_name": "Jackson Construction",
    "mailAddr": {
      "street1": "3410 Wildewood Drive",
      "city": "San Angelo",
      "state": "TX",
      "zip": "76904",
      "country": "US"
    },
    "employee_reviews": [
      {
        "review_rating": "5.0",
        "reviewer_designation": "Carpenter (Former Employee) –  ",
        "job_location": "Columbia, SC",
        "review_date": "2019-01-31T00:00:00.000Z",
        "review_title": "worked a lot of over time hours on daily basic",
        "review_desc": "Very good company to work for had a great time working and learned a whole lot of things about the trade which was used thru/out my career. Often worked late night to finish a job.",
        "pros": "The boss brought lunch often",
        "cons": "Always had time to take a break",
        "source": "INDEED"
      },
      {
        "review_rating": "2.0",
        "reviewer_designation": "Labor/operator/rodbuster (Current Employee) –  ",
        "job_location": "Fort Worth, TX",
        "review_date": "2018-12-01T00:00:00.000Z",
        "review_title": "Prison rules",
        "review_desc": "Constantly watching your back not a friendly enviorment to work in several bosses abuse their power to get people to quit when you try to work your way up to another position they denie you",
        "pros": "None",
        "cons": "No breaks almost no holiday pay",
        "source": "INDEED"
      },
      {
        "review_rating": "4.0",
        "reviewer_designation": "Contruction Laborer (Former Employee) –  ",
        "job_location": "Marshall, TX",
        "review_date": "2018-11-23T00:00:00.000Z",
        "review_title": "The posiiton was a learning experience , stepping stone to teach me how to operate and manage.",
        "review_desc": "I loved everything about this position , when my wife was offered a better position it was simply an offer we could not refuse or turn down. We have never lived in the DFW area but i'm open to new opportunities and change.",
        "source": "INDEED"
      },
      {
        "review_rating": "5.0",
        "reviewer_designation": "Construction Worker (Current Employee) –  ",
        "job_location": "Alexandria, LA",
        "review_date": "2018-11-13T00:00:00.000Z",
        "review_title": "N/a",
        "review_desc": "I work for the construction company on an as needed basis. I have worked doing construction work including carpentry, masonry and plumbing, The company has been a great opportunity for learning construction and interpreting blueprints.",
        "source": "INDEED"
      },
      {
        "review_rating": "3.0",
        "reviewer_designation": "Self Contractor (Current Employee) –  ",
        "job_location": "Norman, OK",
        "review_date": "2018-07-17T00:00:00.000Z",
        "review_title": "Productive, Fast pace, well organized",
        "review_desc": "This is a very good fast pace job but we also make sure everything gets done right we work long hours some days and it's a very good learning experience you get to learn how to do so many different things every day",
        "cons": "Healthcare, pay",
        "source": "INDEED"
      },
      {
        "review_rating": "5.0",
        "reviewer_designation": "Administrative Assistant (Former Employee) –  ",
        "job_location": "Quitman, TX",
        "review_date": "2018-06-20T00:00:00.000Z",
        "review_title": "Great",
        "review_desc": "Great company to work for. Great environment. Loved this job. Very competitive in the field they arw in which is a general contractor field. Couldnt of been happy with this job",
        "pros": "Environment",
        "cons": "No smoking",
        "source": "INDEED"
      },
      {
        "review_rating": "5.0",
        "reviewer_designation": "Laborer/Construction Helper (Current Employee) –  ",
        "job_location": "Valdosta, GA",
        "review_date": "2018-06-10T00:00:00.000Z",
        "review_title": "Productive",
        "review_desc": "Overall a good company to work for. Most of the time it was a outside job, so you had to adjust to the climate. Paid good and i couldn't complain about management.",
        "source": "INDEED"
      },
      {
        "review_rating": "5.0",
        "reviewer_designation": "Construction Worker (Former Employee) –  ",
        "job_location": "Missoula, MT",
        "review_date": "2018-03-22T00:00:00.000Z",
        "review_title": "Great place to work",
        "review_desc": "Loved working for them Great company being in montana it probably the best place to be if I was to move back I would go back to that company they respect your input",
        "pros": "They paid for my harness",
        "cons": "None",
        "source": "INDEED"
      },
      {
        "review_rating": "1.0",
        "reviewer_designation": "Equipment Operator (Former Employee) –  ",
        "job_location": "TX",
        "review_date": "2018-01-26T00:00:00.000Z",
        "review_title": "Jackson is a stand around look busy company.",
        "review_desc": "Not knowing from day to day were or what you are doing or were the job site is the boss does not know how to manage the workers. No communication with what is expected to be done. On a one lane closer the flagged not trained property a very unsafe environment. No safety meeting ever. In the 4.5 weeks I was there was a learning experience of what not to do with the unsafe rigging. To putting crews in danger. By not communicating.",
        "source": "INDEED"
      },
      {
        "review_rating": "3.0",
        "reviewer_designation": "Director of Sales (Current Employee) –  ",
        "job_location": "Norman, OK",
        "review_date": "2018-01-02T00:00:00.000Z",
        "review_title": "Average experience",
        "review_desc": "This was a commission based company. I wasn't 'extremely excited to work for this company. They do have a good work ethic and great employees. The continue to work hard on becoming the best company they can be",
        "source": "INDEED"
      },
      {
        "review_rating": "1.0",
        "reviewer_designation": "Self Employed Contractor (Former Employee) –  ",
        "job_location": "Newport, AR",
        "review_date": "2017-12-27T00:00:00.000Z",
        "review_title": "I was my own boss",
        "review_desc": "I needed to find a different job that was full time and has benefits. I would like to work for Wal-Mart I hear ,there a wonderful company to work for.",
        "pros": "My own boss",
        "cons": "Worked in all weather",
        "source": "INDEED"
      },
      {
        "review_rating": "3.0",
        "reviewer_designation": "framer (Current Employee) –  ",
        "job_location": "Utah Lake, UT",
        "review_date": "2017-11-23T00:00:00.000Z",
        "review_title": "great job",
        "review_desc": "framing is fun and my manager is a nice guy,I would like to pursue a career in law enforcement . I need the bennifits and steady income. Also would love to work indoors",
        "source": "INDEED"
      },
      {
        "review_rating": "2.0",
        "reviewer_designation": "Foreman/Supervisor (Current Employee) –  ",
        "job_location": "Fort Worth, TX",
        "review_date": "2017-06-05T00:00:00.000Z",
        "review_title": "Very unprofessional company",
        "review_desc": "Very unorganized and unprofessional workplace I have been in. They do pay well but have a couple of managers that have made many racist comments about others to my face",
        "pros": "Pay",
        "cons": "Poor management",
        "source": "INDEED"
      },
      {
        "review_rating": "5.0",
        "reviewer_designation": "Secretary (Former Employee) –  ",
        "job_location": "Tuscaloosa, AL",
        "review_date": "2017-05-18T00:00:00.000Z",
        "review_title": "work my own hours",
        "review_desc": "typing and printing job quotes payroll for employees like having my own hours got alone with all employees and co owner worked out of my own home firing people",
        "pros": "make my own hours",
        "cons": "selling the business",
        "source": "INDEED"
      },
      {
        "review_rating": "4.0",
        "reviewer_designation": "Independent Contractor (Former Employee) –  ",
        "job_location": "Breckenridge, TX",
        "review_date": "2017-04-22T00:00:00.000Z",
        "review_title": "Good people",
        "review_desc": "Good people to work for if you don't mind traveling. If you enjoy traveling these are some of the people you would like to work for in the construction business",
        "source": "INDEED"
      },
      {
        "review_rating": "4.0",
        "reviewer_designation": "Laborer (Former Employee) –  ",
        "job_location": "Texas",
        "review_date": "2017-02-14T00:00:00.000Z",
        "review_title": "It's a nice place to work there's nice people and a good environment",
        "review_desc": "Job safety it's not to good it need's to improve but still it's a good companny i had an injury in my eye thats why i stop working for them my eye its fine now, another reason why i stop work for them its that the weather affects to much to go to work",
        "pros": "Long brakes",
        "cons": "The weather afects to much",
        "source": "INDEED"
      },
      {
        "review_rating": "5.0",
        "reviewer_designation": "Concrete Finisher (Former Employee) –  ",
        "job_location": "Cotton Valley, LA",
        "review_date": "2017-01-03T00:00:00.000Z",
        "review_title": "First job",
        "review_desc": "This was my first job with my papa he took me with him starting early I think I was 7 or 8 the first time I went into the field and made my first 50 bones . We finished the concrete and made sure it was done leveled and shaped right .",
        "pros": "Money",
        "cons": "Getting concrete in my hair",
        "source": "INDEED"
      },
      {
        "review_rating": "5.0",
        "reviewer_designation": "Owner (Former Employee) –  ",
        "job_location": "Montgomery, TX",
        "review_date": "2016-11-07T00:00:00.000Z",
        "review_title": "I worked with homeowners to ensure they were satisfied with the product produced.",
        "review_desc": "Customer service and a complete scope of the project was worked out between the homeowners and myself to ensure a quality and profitable endeavor between each of us.",
        "pros": "Quality construction projects at reasonable costs.",
        "cons": "inclement weather",
        "source": "INDEED"
      },
      {
        "review_rating": "4.0",
        "reviewer_designation": "Receptionist (Former Employee) –  ",
        "job_location": "Daphne, AL",
        "review_date": "2016-01-24T00:00:00.000Z",
        "review_title": "Highly productive work environment.",
        "review_desc": "work was great, management was enforced. job was very easy i really enjoyed working there i loved setting up appointments",
        "source": "INDEED"
      },
      {
        "review_rating": "5.0",
        "reviewer_designation": "Worksite Supervisor (Former Employee) –  ",
        "job_location": "Atlanta, GA",
        "review_date": "2015-12-13T00:00:00.000Z",
        "review_title": "hard work excellent boss",
        "review_desc": "from 5am to 4pm with an hour lunch anything from carpeting, painting, pressure washing, moving equipment, drywall, etc. We mostly rebuilt and fixed up trailers for the public school system I learned how to use a paint sprayer, how to work hard even when uncomfortable, use power tools, carpet floors, install drywall.. etc. My co-workers were from rough backgrounds, but I was able eventually gain their respect as their supervisor Hardest part was trying to get older workers with more experience to respect me as their leader most enjoyable part was survey a job well done and knowing that we had made something better",
        "pros": "the pay was good",
        "cons": "very hard work often in very hot, humid weather",
        "source": "INDEED"
      },
      {
        "review_rating": "4.0",
        "reviewer_designation": "Construction Superintendent (Current Employee) –  ",
        "job_location": "Quitman, TX",
        "review_date": "2015-11-10T00:00:00.000Z",
        "review_title": "great place to work",
        "review_desc": "great place to work . do not pay very well.no per periderm.no fuel charge.no benefits. thats all I have to say.they do have lots of",
        "source": "INDEED"
      },
      {
        "additionalRatings": [
          {}
        ],
        "source": "KUNUNU"
      }
    ]
  },
  {
    "organization_name": "King Cattle, LLC",
    "mailAddr": {
      "street1": "100 Avenue T",
      "city": "Del Rio",
      "state": "TX",
      "zip": "78840",
      "country": "US"
    },
    "employee_reviews": [
      {
        "additionalRatings": [
          {}
        ],
        "source": "KUNUNU"
      }
    ]
  },
  {
    "organization_name": "Jajolo Limited Partnership",
    "mailAddr": {
      "street1": "3993-4105 North Lecanto Highway",
      "city": "Beverly Hills",
      "state": "FL",
      "zip": "34465",
      "country": "US"
    },
    "employee_reviews": [
      {
        "additionalRatings": [
          {}
        ],
        "source": "KUNUNU"
      }
    ]
  },
  {
    "organization_name": "Watson Realty Associates, LLC",
    "mailAddr": {
      "street1": "140 Hollie Drive",
      "city": "Martinsville",
      "state": "VA",
      "zip": "24112",
      "country": "US"
    },
    "employee_reviews": [
      {
        "additionalRatings": [
          {}
        ],
        "source": "KUNUNU"
      }
    ]
  },
  {
    "organization_name": "Point O View, LLC",
    "mailAddr": {
      "street1": "1130 Jack Warner Parkway Northeast",
      "city": "Tuscaloosa",
      "state": "AL",
      "zip": "35404",
      "country": "US"
    },
    "employee_reviews": [
      {
        "additionalRatings": [
          {}
        ],
        "source": "KUNUNU"
      }
    ]
  },
  {
    "organization_name": "Quinn L Corp Baton Rouge PTNSP",
    "mailAddr": {
      "street1": "8026 Jefferson Hwy",
      "city": "Baton Rouge",
      "state": "LA",
      "zip": "70809",
      "country": "US"
    },
    "employee_reviews": [
      {
        "additionalRatings": [
          {}
        ],
        "source": "KUNUNU"
      }
    ]
  },
  {
    "organization_name": "SMB Park Place, LLC",
    "mailAddr": {
      "street1": "2001 Park Place Boulevard",
      "city": "Bedford",
      "state": "TX",
      "zip": "76021",
      "country": "US"
    },
    "employee_reviews": [
      {
        "additionalRatings": [
          {}
        ],
        "source": "KUNUNU"
      }
    ]
  },
  {
    "organization_name": "Bluff Partners, LLC and Woodland Villas Partners, LLC",
    "mailAddr": {
      "street1": "118 Woodland Villa Drive",
      "city": "Jasper",
      "state": "AL",
      "zip": "35504",
      "country": "US"
    },
    "employee_reviews": [
      {
        "additionalRatings": [
          {}
        ],
        "source": "KUNUNU"
      }
    ]
  },
  {
    "organization_name": "NH Aerospace Holdings, LLC",
    "mailAddr": {
      "street1": "13 Industrial Park Drive",
      "city": "Hooksett",
      "state": "NH",
      "zip": "03106",
      "country": "US"
    },
    "employee_reviews": [
      {
        "additionalRatings": [
          {}
        ],
        "source": "KUNUNU"
      }
    ]
  },
  {
    "organization_name": "Council of Unit Owners Windmill Square",
    "mailAddr": {
      "street1": "1752 Dutch Village Drive",
      "city": "Landover",
      "state": "MD",
      "zip": "20785",
      "country": "US"
    },
    "employee_reviews": [
      {
        "additionalRatings": [
          {}
        ],
        "source": "KUNUNU"
      }
    ]
  },
  {
    "organization_name": "2410 San Gabriel L.P.",
    "mailAddr": {
      "street1": "2414 San Gabriel Street",
      "city": "Austin",
      "state": "TX",
      "zip": "78705",
      "country": "US"
    },
    "employee_reviews": [
      {
        "additionalRatings": [
          {}
        ],
        "source": "KUNUNU"
      }
    ]
  },
  {
    "organization_name": "Uptown at Liberty Park LLC",
    "mailAddr": {
      "street1": "2525 Liberty Park Drive (Buildings 2 & 8)",
      "city": "Cape Coral",
      "state": "FL",
      "zip": "33909",
      "country": "US"
    },
    "employee_reviews": [
      {
        "additionalRatings": [
          {}
        ],
        "source": "KUNUNU"
      }
    ]
  },
  {
    "organization_name": "Jacques Janot",
    "mailAddr": {
      "street1": "1909 Sacramento Street",
      "city": "San Francisco",
      "state": "CA",
      "zip": "94109",
      "country": "US"
    },
    "employee_reviews": [
      {
        "additionalRatings": [
          {}
        ],
        "source": "KUNUNU"
      }
    ]
  },
  {
    "organization_name": "HON Capital, LLC",
    "mailAddr": {
      "street1": "3985, 3995, 4005, 4015, 4025, 4035, 4045, 4055 West McNab Road",
      "city": "Pompano Beach",
      "state": "FL",
      "zip": "33069",
      "country": "US"
    },
    "employee_reviews": [
      {
        "additionalRatings": [
          {}
        ],
        "source": "KUNUNU"
      }
    ]
  },
  {
    "organization_name": "PEM Real Estate Group, LLC",
    "mailAddr": {
      "street1": "800 Spring Creek Boulevard",
      "city": "Crestview",
      "state": "FL",
      "zip": "32536",
      "country": "US"
    },
    "employee_reviews": [
      {
        "reviewer_designation": "Current Employee - Anonymous Employee",
        "review_description": "I have been working at PEM Real Estate Group full-time (More than 8 years)",
        "review_title": "\"Wake up wanting to work!\"",
        "pros": "I have worked for this company for a long time and while things do change, one thing remains to same; PEM loves their employees. They show this daily with verbal praise and even send random \"great job\" awards! I think this positive reinforcement really helps with employee morale.",
        "cons": "It really is just a wonderful company!",
        "advice_to_management": "Offer more company time as a whole together and get to know all members of all teams better.",
        "source": "GLASSDOOR"
      },
      {
        "review_rating": "4.0",
        "reviewer_designation": "Business Manager (Current Employee) –  ",
        "job_location": "AZ",
        "review_date": "2018-08-10T00:00:00.000Z",
        "review_title": "Wonderful work environment! Team members work so well together and have the same goals to improve our community each day.",
        "review_desc": "I have worked with PEM for many years. I started with no experience and slowly worked my way up. One thing I love about my job is that you never stop learning. There is always something new and exciting going on. I love my job and enjoy going to work. Great company to work for.",
        "pros": "My co-workers are amazing people..",
        "cons": "None that I can think of.",
        "source": "INDEED"
      },
      {
        "review_rating": "5.0",
        "reviewer_designation": "Business Manager (Former Employee) –  ",
        "job_location": "Tempe, AZ",
        "review_date": "2018-12-06T00:00:00.000Z",
        "review_title": "Great Time with company",
        "review_desc": "I loved working with PEM, they have family values that keep employees. They help you grow within the company and ensure you are learning every chance.",
        "source": "INDEED"
      },
      {
        "review_rating": "5.0",
        "reviewer_designation": "Property Manager (Current Employee) –  ",
        "job_location": "Glendale, AZ",
        "review_date": "2018-08-10T00:00:00.000Z",
        "review_title": "You are not alone in the PEM family",
        "review_desc": "My experience with PEM is wholly positive. When I was hired, the company had associates that I knew and worked with from a previous management company. So for me, the feeling was a return to a culture and environment I knew would be productive, supportive and fulfilling...a return to a family environment. Even with this advantage, I also knew that I had to make my experience a positive one. I embraced the company's well defined Core Values of Respect, Urgency, Growth, Stewardship and Integrity and applied them to my daily work tasks. Combined with a fully supportive team of supervisors, peers and team members, I was able to learn, grow, succeed AND feel recognized and valued. Thank you, PEM, for helping me to become a successful and valued associate.",
        "pros": "Core Values, recognition, supportive leadership, opportunities to learn and grow",
        "cons": "More choices in health insurance.",
        "source": "INDEED"
      },
      {
        "review_rating": "5.0",
        "reviewer_designation": "Property Manager (Current Employee) –  ",
        "job_location": "Arizona",
        "review_date": "2018-08-09T00:00:00.000Z",
        "review_title": "Great coworker support with in the company and upper management",
        "review_desc": "Typical day at work are super interesting and very busy, which makes the day go by so fast. I have learned so many different things in this company, and still learn something new every day. Upper management is a great help to team members on-site and enjoy working together with all as a team. Sometimes some residents may be difficult, but at the end of day I like to turn negative in to positive and have them leave happy out of my office. I enjoy every part of my job with PEM. I would recommend to anyone looking for a good company to work for.",
        "pros": "Great support",
        "source": "INDEED"
      },
      {
        "review_rating": "5.0",
        "reviewer_designation": "Executive Assistant to CEO (Current Employee) –  ",
        "job_location": "Scottsdale, AZ",
        "review_date": "2018-07-30T00:00:00.000Z",
        "review_title": "Exceptionally Brilliant Minds",
        "review_desc": "Everybody works hard, truly some brilliant minds that incorporate laughter, fun, and a family oriented environment with a HR team that sure does know how to value their employees.",
        "pros": "Team oriented, you really feel appreciated.",
        "cons": "A little intimidating at first, these folks are at the top of their game!",
        "source": "INDEED"
      },
      {
        "review_rating": "5.0",
        "reviewer_designation": "Maintenance Technician (Current Employee) –  ",
        "job_location": "Scottsdale, AZ",
        "review_date": "2018-07-27T00:00:00.000Z",
        "review_title": "Good company to work for",
        "review_desc": "Company atmosphere is very good and the upper management team is very helpful and willing to teach. The work pace is ok. Company offers 401K, dental, eye, and life insurance.",
        "source": "INDEED"
      },
      {
        "review_rating": "3.0",
        "reviewer_designation": "Community / Business Manager (Former Employee) –  ",
        "job_location": "Buford, GA",
        "review_date": "2018-07-13T00:00:00.000Z",
        "review_title": "Small Company out of AZ poorly managed in the region",
        "review_desc": "The Properties that were managed in the Atlanta region were poorly operated. The company lost several of its properties to other management companies due to not making the owners happy. Their were a lot of politics involved in promotion. The regionals did not follow through with what they said they would do. Their was a revolving door of upper management. It was overall poorly managed.",
        "pros": "Leasing and Renewal bonuses",
        "cons": "Poorly managed and no room for growth.",
        "source": "INDEED"
      },
      {
        "review_rating": "4.0",
        "reviewer_designation": "Maintenance Supervisor/Technician (Former Employee) –  ",
        "job_location": "Goodyear, AZ",
        "review_date": "2018-07-10T00:00:00.000Z",
        "review_title": "nice swimming pool & Club house gym",
        "review_desc": "I enjoyed working for PEM every one I worked with are like family still to this day. the hardest part of job was the 24 hour on call emergency, because I lived so far I would have to tell resident I couldn't be there for an hour and they would have to wait.",
        "pros": "Good people co workers & lots of good and intresting resident",
        "cons": "only the 24 hour on call",
        "source": "INDEED"
      },
      {
        "review_rating": "3.0",
        "reviewer_designation": "Maintenance Supervisor (Former Employee) –  ",
        "job_location": "Tempe, AZ",
        "review_date": "2018-06-23T00:00:00.000Z",
        "review_title": "All amenities at apartment complexes were available for employee use, pools, spas,weight rooms, game rooms, computers.",
        "review_desc": "Assign work orders, check inventory and order supplies. Check apartment vacancies and get units ready for occupancy, painting, cleaning, plumbing, clean carpet, check pool areas and water chemicals.",
        "pros": "Use of all complex facilities",
        "cons": "Stressful, lots of work to accomplish in a short time. Proper materials not always available.",
        "source": "INDEED"
      },
      {
        "review_rating": "1.0",
        "reviewer_designation": "Manager (Current Employee) –  ",
        "job_location": "Arizona",
        "review_date": "2018-06-21T00:00:00.000Z",
        "review_title": "Valuable Lessons Learned",
        "review_desc": "Upper management doesn’t support onsite management. Core values and urgency are stressed to onsite staff but doesn’t seem to be practiced at the upper management levels.",
        "source": "INDEED"
      },
      {
        "review_rating": "3.0",
        "reviewer_designation": "Community / Business Manager (Former Employee) –  ",
        "job_location": "Buford, GA",
        "review_date": "2018-02-18T00:00:00.000Z",
        "review_title": "Initial Growth then Company was dimantled",
        "review_desc": "Initial the company was growing in the Atlanta Market but ending up loosing the largest account that made up 70% of its management properties. The owner ending up selling the remaining properties in Atlanta.",
        "pros": "Salary",
        "cons": "Poor Upper Managment",
        "source": "INDEED"
      },
      {
        "review_rating": "5.0",
        "reviewer_designation": "Business Manager (Former Employee) –  ",
        "job_location": "Goodyear, AZ",
        "review_date": "2018-01-15T00:00:00.000Z",
        "review_title": "Loved it",
        "review_desc": "If I wasn't asked to relocate I would still be with the company. It was a great company to work with. Even at the times where the regional manager and I didn't have the same vision.",
        "source": "INDEED"
      },
      {
        "review_rating": "2.0",
        "reviewer_designation": "Accounting Manager (Current Employee) –  ",
        "job_location": "Scottsdale, AZ",
        "review_date": "2017-08-18T00:00:00.000Z",
        "review_title": "Good",
        "review_desc": "Good company to work for. Pay is descent, Management Ok, Benefits ok, minimal paid holidays, minimal PTO days. Not flexible when it comes to time off..",
        "pros": "people",
        "cons": "mgmt",
        "source": "INDEED"
      },
      {
        "review_rating": "4.0",
        "reviewer_designation": "Maintenance Technician (Former Employee) –  ",
        "job_location": "Phoenix, AZ",
        "review_date": "2016-12-21T00:00:00.000Z",
        "review_title": "Apt. Maintenance Technician",
        "review_desc": "Rehabbed Apt and controlled /serviced all apartments as needed. Controlling service orders and related parts on case to case basis. worked 365 days a year.",
        "source": "INDEED"
      },
      {
        "review_rating": "3.0",
        "reviewer_designation": "Leasing Consultant (Former Employee) –  ",
        "job_location": "Las Vegas, NV",
        "review_date": "2016-09-26T00:00:00.000Z",
        "review_title": "Great Employees",
        "review_desc": "Opportunity to grow in the business and lots of team work was shown within this company! Daily, weekly, and monthly goals is what this company always demanded for employees to meet.",
        "source": "INDEED"
      },
      {
        "review_rating": "1.0",
        "reviewer_designation": "Leasing Manager (Former Employee) –  ",
        "job_location": "Arizona State University, AZ",
        "review_date": "2016-09-17T00:00:00.000Z",
        "review_title": "Don't work here!!",
        "review_desc": "No bonuses, low pay, horrible management, false accusations just to fire people. High turn over for a reason. Find somewhere that treats their employees with respect and cares about something, other than the \"numbers\"",
        "pros": "None",
        "cons": "Listed above",
        "source": "INDEED"
      },
      {
        "review_rating": "5.0",
        "reviewer_designation": "Senior Property Manager (Current Employee) –  ",
        "job_location": "Las Vegas",
        "review_date": "2016-03-05T00:00:00.000Z",
        "review_title": "Love pem",
        "review_desc": "One of the best companies I've worked for. Upper management is very supportive and very accessible. They give managers all the tools and training to be a good manager.",
        "pros": "Just about everything",
        "cons": "Bonus plan not as good as other companies.",
        "source": "INDEED"
      },
      {
        "review_rating": "5.0",
        "reviewer_designation": "Property Manager 336 Units Avondale (Former Employee) –  ",
        "job_location": "Scottsdale, AZ",
        "review_date": "2016-03-02T00:00:00.000Z",
        "review_title": "Great place to work.",
        "review_desc": "Property I worked at sold otherwise I'd still be with PEM. Everyone at the corporate office was a pleasure to work with. I had 2 Asset Managers during my time at PEM. Both were amazing and willing to teach me everything I know.",
        "pros": "The team i had was the best.",
        "cons": "Property sold.",
        "source": "INDEED"
      },
      {
        "review_rating": "1.0",
        "reviewer_designation": "Leasing Consultant / Co-Business Manager (Former Employee) –  ",
        "job_location": "Clarkston, GA",
        "review_date": "2015-10-18T00:00:00.000Z",
        "review_title": "Productive and Growth",
        "review_desc": "Very busy , no help from co workers at the work site. The job allowed me to meet new people from different places. Co Workers were funny and amusing. The hardest part of the job is hearing the excuses have to tell you but some may not be excuses not being able to do anything. I learned to manage my time and fit everything in a timed portion. The management isn't organized at all. The most enjoyable of my day is seeing people come and just want to see how you are doing and speak. Lastly helping others to find a new home.",
        "pros": "Quite and nice environment",
        "cons": "short breaks, management",
        "source": "INDEED"
      },
      {
        "review_rating": "5.0",
        "reviewer_designation": "Leasing Agent (Former Employee) –  ",
        "job_location": "Scottsdale, AZ",
        "review_date": "2015-07-09T00:00:00.000Z",
        "review_title": "great place and property to work for",
        "review_desc": "daily work routine was to open the office set everything up for showings and interact with maintenance personal, run future residents credit report and work along property manager",
        "source": "INDEED"
      },
      {
        "review_rating": "4.0",
        "reviewer_designation": "Maintenance Technician (Current Employee) –  ",
        "job_location": "Las Vegas, NV",
        "review_date": "2015-05-25T00:00:00.000Z",
        "review_title": "productive and energetic work place",
        "review_desc": "Maintain work orders and doing them in a timely fashion. Pick up grounds while keeping pools and spas clean on a regular basis. learned how to trouble shoot appliances, HVAC, and clean pools.",
        "pros": "trained me to be licenced in HVAC and CPO",
        "cons": "No bonuses",
        "source": "INDEED"
      },
      {
        "additionalRatings": [
          {}
        ],
        "source": "KUNUNU"
      }
    ]
  },
  {
    "organization_name": "Shamosh 5 LLC",
    "mailAddr": {
      "street1": "90 East 5th Street",
      "city": "Bayonne",
      "state": "NJ",
      "zip": "07002",
      "country": "US"
    },
    "employee_reviews": [
      {
        "additionalRatings": [
          {}
        ],
        "source": "KUNUNU"
      }
    ]
  },
  {
    "organization_name": "The John Hicks Company, LLC",
    "mailAddr": {
      "street1": "1050 Capri Isles Boulevard",
      "city": "Venice",
      "state": "FL",
      "zip": "34292",
      "country": "US"
    },
    "employee_reviews": [
      {
        "additionalRatings": [
          {}
        ],
        "source": "KUNUNU"
      }
    ]
  },
  {
    "organization_name": "Applegate Realty LLC",
    "mailAddr": {
      "street1": "51 Applegate Lane",
      "city": "East Hartford",
      "state": "CT",
      "zip": "06118",
      "country": "US"
    },
    "employee_reviews": [
      {
        "additionalRatings": [
          {}
        ],
        "source": "KUNUNU"
      }
    ]
  },
  {
    "organization_name": "Artesia Management, LLC",
    "mailAddr": {
      "street1": "1201 Cedar Lane Road",
      "city": "Greenville",
      "state": "SC",
      "zip": "29617",
      "country": "US"
    },
    "employee_reviews": [
      {
        "additionalRatings": [
          {}
        ],
        "source": "KUNUNU"
      }
    ]
  },
  {
    "organization_name": "Chapel Ridge Stanev AR, LLC",
    "mailAddr": {
      "street1": "24800 Chenal Parkway",
      "city": "Little Rock",
      "state": "AR",
      "zip": "72223",
      "country": "US"
    },
    "employee_reviews": [
      {
        "additionalRatings": [
          {}
        ],
        "source": "KUNUNU"
      }
    ]
  },
  {
    "organization_name": "Island Way Towers Condominium Association, Inc.",
    "mailAddr": {
      "street1": "223 Island Way",
      "city": "Clearwater",
      "state": "FL",
      "zip": "33767",
      "country": "US"
    },
    "employee_reviews": [
      {
        "additionalRatings": [
          {}
        ],
        "source": "KUNUNU"
      }
    ]
  },
  {
    "organization_name": "Farrington Exchange Delaware, LLC",
    "mailAddr": {
      "street1": "5515 West Market Street",
      "city": "Greensboro",
      "state": "NC",
      "zip": "27409",
      "country": "US"
    },
    "employee_reviews": [
      {
        "additionalRatings": [
          {}
        ],
        "source": "KUNUNU"
      }
    ]
  },
  {
    "organization_name": "Nimes Capital",
    "mailAddr": {
      "street1": "12510 South Green Drive",
      "city": "Houston",
      "state": "TX",
      "zip": "77034",
      "country": "US"
    },
    "employee_reviews": [
      {
        "additionalRatings": [
          {}
        ],
        "source": "KUNUNU"
      }
    ]
  },
  {
    "organization_name": "Woodcreek NC, LLC",
    "mailAddr": {
      "street1": "2125-2133 South Great Southwest Parkway",
      "city": "Grand Prairie",
      "state": "TX",
      "zip": "75051",
      "country": "US"
    },
    "employee_reviews": [
      {
        "additionalRatings": [
          {}
        ],
        "source": "KUNUNU"
      }
    ]
  },
  {
    "organization_name": "Prasiti Investments",
    "mailAddr": {
      "street1": "5000 Sanger Avenue",
      "city": "Waco",
      "state": "TX",
      "zip": "76710",
      "country": "US"
    },
    "employee_reviews": [
      {
        "additionalRatings": [
          {}
        ],
        "source": "KUNUNU"
      }
    ]
  },
  {
    "organization_name": "Tuxedo Hudson Company",
    "mailAddr": {
      "street1": "215 Route 17",
      "city": "Tuxedo Park",
      "state": "NY",
      "zip": "10987",
      "country": "US"
    },
    "employee_reviews": [
      {
        "additionalRatings": [
          {}
        ],
        "source": "KUNUNU"
      }
    ]
  },
  {
    "organization_name": "Dominion Federal Corporation",
    "mailAddr": {
      "street1": "MacDill AFB",
      "city": "Tampa",
      "state": "FL",
      "zip": "33621",
      "country": "US"
    },
    "employee_reviews": [
      {
        "additionalRatings": [
          {}
        ],
        "source": "KUNUNU"
      }
    ]
  },
  {
    "organization_name": "601-615 McAlpin Avenue, LLC",
    "mailAddr": {
      "street1": "621 McAlpin Avenue",
      "city": "Cincinnati",
      "state": "OH",
      "zip": "45220",
      "country": "US"
    },
    "employee_reviews": [
      {
        "additionalRatings": [
          {}
        ],
        "source": "KUNUNU"
      }
    ]
  },
  {
    "organization_name": "SY Koo & Associates Inc",
    "mailAddr": {
      "street1": "5959 Bissonnet Street",
      "city": "Houston",
      "state": "TX",
      "zip": "77081",
      "country": "US"
    },
    "employee_reviews": [
      {
        "additionalRatings": [
          {}
        ],
        "source": "KUNUNU"
      }
    ]
  },
  {
    "organization_name": "Spanish Fort Realty LLC",
    "mailAddr": {
      "street1": "30000 Town Centre Avenue",
      "city": "Spanish Fort",
      "state": "AL",
      "zip": "36527",
      "country": "US"
    },
    "employee_reviews": [
      {
        "additionalRatings": [
          {}
        ],
        "source": "KUNUNU"
      }
    ]
  },
  {
    "organization_name": "Solid Goods Corporation",
    "mailAddr": {
      "street1": "11000 Gatesden Drive",
      "city": "Tomball",
      "state": "TX",
      "zip": "77377",
      "country": "US"
    },
    "employee_reviews": [
      {
        "review_rating": "3,0",
        "reviewer_designation": "machine operator (Current Employee) –  ",
        "job_location": "Ga-Rankuwa, Gauteng",
        "review_date": "",
        "review_title": "They have an impatient management and it's a low paying company and it's a good productive company",
        "review_desc": "A quality manufacturing company that makes quality doors however their management is impatient they want their employees to work fast beyond employees abilities They sometimes forces employees to work overtime They don't provide their employees with uniform",
        "pros": "They buy the most productive worker lunch",
        "cons": "Long hours",
        "source": "INDEED"
      },
      {
        "review_rating": "1,0",
        "reviewer_designation": "machine operator (Former Employee) –  ",
        "job_location": "Ga-Rankuwa, Gauteng",
        "review_date": "",
        "review_title": "Poor work environment. Hazardous.",
        "review_desc": "The management at Solid doors is not satisfactory. You put in the work, you put in the hours and when its pay day you must queue for queries for the money that is rightfully yours.",
        "pros": "Nothing to offer",
        "cons": "Long hours",
        "source": "INDEED"
      },
      {
        "review_rating": "4,0",
        "reviewer_designation": "Maintenance Fitter (Former Employee) –  ",
        "job_location": "Pretoria, Gauteng",
        "review_date": "",
        "review_title": "Great Company",
        "review_desc": "I learned a lot from everyone i worked with. The working environment was excellent and safe.The people were helpful in many times and worked well with everyone",
        "pros": "Good Money",
        "cons": "Salary Was Not enough",
        "source": "INDEED"
      },
      {
        "review_rating": "1,0",
        "reviewer_designation": "Operetor (Former Employee) –  ",
        "job_location": "Ga-Rankuwa, Gauteng",
        "review_date": "",
        "review_title": "Not good job",
        "review_desc": "It's company that don't take care of their employees and working environment is not goood.it produce my doors but still our payment is less than we worked for",
        "pros": "No free lunch",
        "cons": "Long hours",
        "source": "INDEED"
      },
      {
        "review_rating": "3,0",
        "reviewer_designation": "Supervisor (Former Employee) –  ",
        "job_location": "Ga-Rankuwa, Gauteng",
        "review_date": "",
        "review_title": "productive",
        "review_desc": "Pressure with roten raw materials give them good product. Develop a door frame. Wood doors. Hard to reach target, an get worning form. Gaining experience.",
        "pros": "No free goods",
        "cons": "Long hours",
        "source": "INDEED"
      },
      {
        "review_rating": "1,0",
        "reviewer_designation": "Wrapping assistant (Former Employee) –  ",
        "job_location": "Bronkhorstspruit,",
        "review_date": "",
        "review_title": "Productivity",
        "review_desc": "I was not happy at all because I was working with a lots chemicals an there is no safety. And I was not satisfy with my wage it was too small according to the job that I worked .",
        "pros": "No",
        "cons": "9hrs",
        "source": "INDEED"
      },
      {
        "review_rating": "3,0",
        "reviewer_designation": "operator (Former Employee) –  ",
        "job_location": "Ekandustria, Gauteng",
        "review_date": "",
        "review_title": "productive and fun work place",
        "review_desc": "This is where i learn capentry without expirience and skills or qualification , salary was bad safety was good but work environment was bad i sometimes travel long distance by foot even if is raining to work, the job was very fun to do because inside the company the was shops and changing rooms.",
        "pros": "i gain expirience in capentry",
        "cons": "i do every job like dispach offloading, operator, labour and product finisher",
        "source": "INDEED"
      },
      {
        "review_rating": "5,0",
        "reviewer_designation": "Warehouse Manager (Current Employee) –  ",
        "job_location": "Cape Town",
        "review_date": "",
        "review_title": "Doors and good and fun people to work with.l",
        "review_desc": "A typical day at work is where you don't watch the clock to home. From supervising the staff, loading of trucks as well as all admin work. Also disciplinary hearings in between as well as personal matters with staff.",
        "source": "INDEED"
      },
      {
        "review_rating": "3,0",
        "reviewer_designation": "Warehouse Manager (Former Employee) –  ",
        "job_location": "Durban, ZN",
        "review_date": "",
        "review_title": "Productive and a good learning curve.",
        "review_desc": "Get to the office, making sure that the delivery vehicles were in good all round condition, plan the delivery routes based on load feasibility. Personally double check that the correct goods were being dispatched. Learned never to fully trust staff to do the correct work so had to check for myself. Good board of directors and good relationship.",
        "pros": "Performance incentive's.",
        "cons": "Extra hours required.",
        "source": "INDEED"
      },
      {
        "review_rating": "3,0",
        "reviewer_designation": "Manufacturing (Former Employee) –  ",
        "job_location": "Bronkhorstspruit, GP",
        "review_date": "",
        "review_title": "Very productive but dangerous work place",
        "review_desc": "Working at solid doors was a very great experience because I have learned to work under a very high pressure since it is a manufacturing company that needs to provide customers with a very good service. Its management is preferably good because managers make sure that they leave each and every customer with a smile. I have learned how to work with collegues in a work place. The hardest part of the job is working with dangerous machines to manufacture the required doors for a specific day. The most enjoyable part of the job is looking at how the managers communicate with customers and the owner of the company at some periods.",
        "source": "INDEED"
      },
      {
        "review_rating": "4,0",
        "reviewer_designation": "DIESEL MECHANIC (Former Employee) –  ",
        "job_location": "Bronkhorstspruit, MP",
        "review_date": "",
        "review_title": "Productive",
        "review_desc": "Inspected vehicles on a daily basis. I did all the roadworthy on all vehicles. Management was organized , the hardest part of the job was , if there were a breakdown I had to travel long distances to did repaires , up to botswana , lesotho , durban from bronkhorstspruit. The most enjoyable part was , that we got leave every december month.",
        "source": "INDEED"
      },
      {
        "additionalRatings": [
          {}
        ],
        "source": "KUNUNU"
      }
    ]
  },
  {
    "organization_name": "Gorman Management Company",
    "mailAddr": {
      "street1": "4950 South Mingo Road",
      "city": "Tulsa",
      "state": "OK",
      "zip": "74146",
      "country": "US"
    },
    "employee_reviews": [
      {
        "source": "GLASSDOOR"
      },
      {
        "additionalRatings": [
          {}
        ],
        "source": "KUNUNU"
      }
    ]
  },
  {
    "organization_name": "Euclid Realty, LLC",
    "mailAddr": {
      "street1": "29801 Euclid Ave",
      "city": "Wickliffe",
      "state": "OH",
      "zip": "44092",
      "country": "US"
    },
    "employee_reviews": [
      {
        "additionalRatings": [
          {}
        ],
        "source": "KUNUNU"
      }
    ]
  },
  {
    "organization_name": "Doral Gardens Condominium Association Inc.",
    "mailAddr": {
      "street1": "4410-4420 Northwest 79th Avenue",
      "city": "Doral",
      "state": "FL",
      "zip": "33166",
      "country": "US"
    },
    "employee_reviews": [
      {
        "additionalRatings": [
          {}
        ],
        "source": "KUNUNU"
      }
    ]
  },
  {
    "organization_name": "W & W Holdings, LLC",
    "mailAddr": {
      "street1": "634 31st Avenue North",
      "city": "Columbus",
      "state": "MS",
      "zip": "39705",
      "country": "US"
    },
    "employee_reviews": [
      {
        "reviewer_designation": "Current Employee - Anonymous Employee",
        "review_title": "\"not happy\"",
        "pros": "The people are great. It is like a small family, but the place is very small and family owned so there is no real organization.",
        "cons": "There are no benefits but insurance and insurance is very expensive because they have downsized so much that the gropup insurance has sky rocketed.",
        "advice_to_management": "The best advice is for management to set professional guide lines that are actually followed and not changed every other week.",
        "source": "GLASSDOOR"
      },
      {
        "additionalRatings": [
          {}
        ],
        "source": "KUNUNU"
      }
    ]
  },
  {
    "organization_name": "Franklin, Vance, Warren Housing of Franklin County Inc",
    "mailAddr": {
      "street1": "360 Burnette Road",
      "city": "Louisburg",
      "state": "NC",
      "zip": "27549",
      "country": "US"
    },
    "employee_reviews": [
      {
        "review_rating": "5.0",
        "reviewer_designation": "Family Resource Center Specialist (Former Employee) –  ",
        "job_location": "Henderson, NC",
        "review_date": "2018-04-26T00:00:00.000Z",
        "review_title": "productive",
        "review_desc": "I enjoyed working with the clients and staff. I truly enjoyed the opportunity to teach clients about various jobs and watch as they learned interviews techniques and going to the interviews.",
        "pros": "helping others",
        "cons": "grant funded",
        "source": "INDEED"
      },
      {
        "review_rating": "5.0",
        "reviewer_designation": "Outreach Intake Client Eligibility Specialist (Former Employee) –  ",
        "job_location": "Henderson, NC",
        "review_date": "2018-01-19T00:00:00.000Z",
        "review_title": "I enjoyed working at Franklin Vance Warren Opportunity",
        "review_desc": "Pleasant place to work. People were very friendly. Work was always a pleasure when helping people whatever the need may have been. Working in Weatherization and HARRP gave me an opportunity to process applications and at the same time meet new people and assist them in a time of need.",
        "source": "INDEED"
      },
      {
        "review_rating": "5.0",
        "reviewer_designation": "Family Service Specialist (Current Employee) –  ",
        "job_location": "Henderson, NC",
        "review_date": "2017-06-15T00:00:00.000Z",
        "review_title": "Franklin Vance Warren is a great employer",
        "review_desc": "Being employed at Franklin Vance Warren is great however most employees are 10month employees so you need income during the summer . The job offers great benefits and wirking with the community is delightful",
        "source": "INDEED"
      },
      {
        "review_rating": "4.0",
        "reviewer_designation": "NCPK Teacher (Current Employee) –  ",
        "job_location": "Henderson, NC",
        "review_date": "2017-01-01T00:00:00.000Z",
        "review_title": "My job is rewarding",
        "review_desc": "I enjoy going to work everyday knowing that I have a chance to make a difference in someone life. The hardest part of my job is not having supplies and materials available to perform at my highest capability.",
        "source": "INDEED"
      },
      {
        "review_rating": "3.0",
        "reviewer_designation": "Head Cook (Former Employee) –  ",
        "job_location": "Franklin, Vance, Warren County",
        "review_date": "2014-07-07T00:00:00.000Z",
        "review_title": "very good teachers",
        "review_desc": "Management wasn't too good some but not all enjoyed while I was there",
        "pros": "good teachers",
        "cons": "poor director",
        "source": "INDEED"
      },
      {
        "review_rating": "4.0",
        "reviewer_designation": "Family Service Worker (Current Employee) –  ",
        "job_location": "Henderson, NC 27536",
        "review_date": "2013-07-08T00:00:00.000Z",
        "review_title": "Great place to work.",
        "review_desc": "Working at Franklin-Vance-Warren Opportunity Inc Head Start has taught me so many things through these past seven years. I have learned the importance of making a difference in children’s lives and their families. How important it is to give back to the community, especially the less fortunate and helping the families to better themselves. Head Start is a great place to work and my co-workers are very good people. The hardest part of the job is not being able to help everyone as I(we) would want to and the most enjoyable part is making a difference in the children's lives.",
        "source": "INDEED"
      },
      {
        "review_rating": "2.00",
        "reviewer_designation": "Employee",
        "job_location": "Columbus",
        "review_title": "Security",
        "review_desc": "Company Culture\nits run by the Sheriffs Dept, not a good combination .\nSuggestions for improvement\nneeds to be run by the courts, not law inforcement\n",
        "culture_and_valuesRating": "3.00",
        "work_life_balance_rating": "2.00",
        "senior_management_rating": "2.00",
        "compensation_and_benefits_rating": "3.00",
        "career_opportunities_rating": "2.00",
        "job_security_and_advancement_rating": "3.00",
        "additionalRatings": [
          {
            "rating_name": "Teamwork",
            "rating_value": "2.00"
          },
          {
            "rating_name": "Freedom to work independently",
            "rating_value": "1.00"
          },
          {
            "rating_name": "Internal Communication",
            "rating_value": "2.00"
          },
          {
            "rating_name": "Gender Equality",
            "rating_value": "2.00"
          },
          {
            "rating_name": "Attitude towards older colleagues",
            "rating_value": "1.00"
          },
          {
            "rating_name": "Office / Work Environment",
            "rating_value": "1.00"
          },
          {
            "rating_name": "Environmental Friendliness",
            "rating_value": "2.00"
          },
          {
            "rating_name": "Company Image",
            "rating_value": "2.00"
          },
          {
            "rating_name": "Handicapped Accessibility",
            "rating_value": "2.00"
          },
          {
            "rating_name": "Workplace Safety",
            "rating_value": "1.00"
          },
          {
            "rating_name": "Challenging Work",
            "rating_value": "3.00"
          },
          {
            "rating_name": "Inclusive / Diverse",
            "rating_value": "2.00"
          }
        ],
        "benefits": [
          "Paid time off is offered"
        ],
        "source": "KUNUNU"
      },
      {
        "review_rating": "4.50",
        "reviewer_designation": "Employee",
        "job_location": "Benton",
        "review_title": "Steady hours, no surprises. Great vacation and sick time. Tons of paid holidays. Insurance paid for....",
        "review_desc": "Suggestions for improvement\nI would offer a gym/health club membership since most of the jobs are sedentary.\nWhat I like about the company\nTons of days off and steady raises as well as insurance are huge positives.\nWhat I dislike about the company\nToo many paid days off hurt the budget.\n",
        "culture_and_valuesRating": "4.00",
        "work_life_balance_rating": "5.00",
        "senior_management_rating": "5.00",
        "compensation_and_benefits_rating": "4.00",
        "career_opportunities_rating": "3.00",
        "job_security_and_advancement_rating": "4.00",
        "additionalRatings": [
          {
            "rating_name": "Teamwork",
            "rating_value": "5.00"
          },
          {
            "rating_name": "Freedom to work independently",
            "rating_value": "5.00"
          },
          {
            "rating_name": "Internal Communication",
            "rating_value": "3.00"
          },
          {
            "rating_name": "Gender Equality",
            "rating_value": "5.00"
          },
          {
            "rating_name": "Attitude towards older colleagues",
            "rating_value": "5.00"
          },
          {
            "rating_name": "Office / Work Environment",
            "rating_value": "5.00"
          },
          {
            "rating_name": "Environmental Friendliness",
            "rating_value": "5.00"
          },
          {
            "rating_name": "Company Image",
            "rating_value": "5.00"
          },
          {
            "rating_name": "Handicapped Accessibility",
            "rating_value": "5.00"
          },
          {
            "rating_name": "Workplace Safety",
            "rating_value": "5.00"
          },
          {
            "rating_name": "Challenging Work",
            "rating_value": "3.00"
          },
          {
            "rating_name": "Inclusive / Diverse",
            "rating_value": "5.00"
          }
        ],
        "benefits": [
          "Parking is offered",
          "Desirable office location is offered",
          "Paid time off is offered",
          "Healthcare (including vision and dental) is offered"
        ],
        "perks": [
          "Health and wellness programs is offered",
          "Employee events is offered"
        ],
        "source": "KUNUNU"
      },
      {
        "review_rating": "4.56",
        "reviewer_designation": "Employee",
        "job_location": "Benton",
        "review_title": "Great benefits and steady if not small raises.",
        "review_desc": "Suggestions for improvement\nPerformance based raises instead of across the board raises.\nWhat I like about the company\nGreat vacation and sick time, as well as insurance and retirement benefits.\nWhat I dislike about the company\nThe hiring of politically connected people.\n",
        "culture_and_valuesRating": "4.00",
        "work_life_balance_rating": "5.00",
        "senior_management_rating": "5.00",
        "compensation_and_benefits_rating": "3.00",
        "career_opportunities_rating": "5.00",
        "job_security_and_advancement_rating": "5.00",
        "additionalRatings": [
          {
            "rating_name": "Teamwork",
            "rating_value": "5.00"
          },
          {
            "rating_name": "Freedom to work independently",
            "rating_value": "5.00"
          },
          {
            "rating_name": "Internal Communication",
            "rating_value": "3.00"
          },
          {
            "rating_name": "Gender Equality",
            "rating_value": "5.00"
          },
          {
            "rating_name": "Attitude towards older colleagues",
            "rating_value": "5.00"
          },
          {
            "rating_name": "Office / Work Environment",
            "rating_value": "5.00"
          },
          {
            "rating_name": "Environmental Friendliness",
            "rating_value": "4.00"
          },
          {
            "rating_name": "Company Image",
            "rating_value": "5.00"
          },
          {
            "rating_name": "Handicapped Accessibility",
            "rating_value": "5.00"
          },
          {
            "rating_name": "Workplace Safety",
            "rating_value": "5.00"
          },
          {
            "rating_name": "Challenging Work",
            "rating_value": "3.00"
          },
          {
            "rating_name": "Inclusive / Diverse",
            "rating_value": "5.00"
          }
        ],
        "benefits": [
          "Parking is offered",
          "Desirable office location is offered",
          "Paid time off is offered",
          "Healthcare (including vision and dental) is offered"
        ],
        "perks": [
          "Health and wellness programs is offered"
        ],
        "source": "KUNUNU"
      },
      {
        "review_rating": "3.44",
        "reviewer_designation": "Employee",
        "job_location": "Columbus",
        "review_title": "Government work. Not well paid or trained. Stable environment environment.",
        "review_desc": "Suggestions for improvement\nConsistent rules and safety. Higher wages.\nWhat I like about the company\nSome positive input form the public at times.\nWhat I dislike about the company\nManagement decisions and hypocrisy.\n",
        "culture_and_valuesRating": "4.00",
        "work_life_balance_rating": "3.00",
        "senior_management_rating": "2.00",
        "compensation_and_benefits_rating": "2.00",
        "career_opportunities_rating": "1.00",
        "job_security_and_advancement_rating": "5.00",
        "additionalRatings": [
          {
            "rating_name": "Teamwork",
            "rating_value": "3.00"
          },
          {
            "rating_name": "Freedom to work independently",
            "rating_value": "4.00"
          },
          {
            "rating_name": "Internal Communication",
            "rating_value": "2.00"
          },
          {
            "rating_name": "Gender Equality",
            "rating_value": "5.00"
          },
          {
            "rating_name": "Attitude towards older colleagues",
            "rating_value": "5.00"
          },
          {
            "rating_name": "Office / Work Environment",
            "rating_value": "2.00"
          },
          {
            "rating_name": "Environmental Friendliness",
            "rating_value": "5.00"
          },
          {
            "rating_name": "Company Image",
            "rating_value": "3.00"
          },
          {
            "rating_name": "Handicapped Accessibility",
            "rating_value": "4.00"
          },
          {
            "rating_name": "Workplace Safety",
            "rating_value": "2.00"
          },
          {
            "rating_name": "Challenging Work",
            "rating_value": "5.00"
          },
          {
            "rating_name": "Inclusive / Diverse",
            "rating_value": "5.00"
          }
        ],
        "benefits": [
          "Parking is offered",
          "Tuition assistance is offered",
          "Paid Parental Leave is offered",
          "Paid time off is offered",
          "Healthcare (including vision and dental) is offered",
          "Life insurance is offered"
        ],
        "perks": [
          "Health and wellness programs is offered",
          "Pet friendly/Pets allowed is offered"
        ],
        "source": "KUNUNU"
      },
      {
        "review_rating": "2.06",
        "reviewer_designation": "Employee",
        "job_location": "Columbus",
        "review_title": "They are terrible. The don't promote based on ability but who you are/know",
        "review_desc": "Suggestions for improvement\nFire the entire upper management\nWhat I like about the company\nNone My job is terrible. There are few perks and they don't value employee retention\nWhat I dislike about the company\nPromotion opportunities, education, lack of policies and procedure\n",
        "culture_and_valuesRating": "2.00",
        "work_life_balance_rating": "3.00",
        "senior_management_rating": "1.00",
        "compensation_and_benefits_rating": "1.00",
        "career_opportunities_rating": "1.00",
        "job_security_and_advancement_rating": "4.00",
        "additionalRatings": [
          {
            "rating_name": "Teamwork",
            "rating_value": "1.00"
          },
          {
            "rating_name": "Freedom to work independently",
            "rating_value": "1.00"
          },
          {
            "rating_name": "Internal Communication",
            "rating_value": "1.00"
          },
          {
            "rating_name": "Gender Equality",
            "rating_value": "1.00"
          },
          {
            "rating_name": "Attitude towards older colleagues",
            "rating_value": "3.00"
          },
          {
            "rating_name": "Office / Work Environment",
            "rating_value": "2.00"
          },
          {
            "rating_name": "Environmental Friendliness",
            "rating_value": "3.00"
          },
          {
            "rating_name": "Company Image",
            "rating_value": "2.00"
          },
          {
            "rating_name": "Handicapped Accessibility",
            "rating_value": "4.00"
          },
          {
            "rating_name": "Workplace Safety",
            "rating_value": "3.00"
          },
          {
            "rating_name": "Challenging Work",
            "rating_value": "2.00"
          },
          {
            "rating_name": "Inclusive / Diverse",
            "rating_value": "2.00"
          }
        ],
        "benefits": [
          "Paid time off is offered",
          "Healthcare (including vision and dental) is offered",
          "Life insurance is offered"
        ],
        "perks": [
          "On site cafeteria is offered",
          "Health and wellness programs is offered"
        ],
        "source": "KUNUNU"
      },
      {
        "review_rating": "2.89",
        "reviewer_designation": "Employee",
        "job_location": "Columbus",
        "review_title": "Good experience but minimal growth opportunities",
        "review_desc": "Suggestions for improvement\nMore opportunities for employees to grow amd earn raises throughout they're careers. Management needs improve upon their communication with staff.\nWhat I like about the company\nGood work experience to learn the necessities of probation.\nWhat I dislike about the company\nMore growth opportunities and better management communication.\n",
        "culture_and_valuesRating": "2.00",
        "work_life_balance_rating": "2.00",
        "senior_management_rating": "1.00",
        "compensation_and_benefits_rating": "2.00",
        "career_opportunities_rating": "1.00",
        "job_security_and_advancement_rating": "3.00",
        "additionalRatings": [
          {
            "rating_name": "Teamwork",
            "rating_value": "3.00"
          },
          {
            "rating_name": "Freedom to work independently",
            "rating_value": "2.00"
          },
          {
            "rating_name": "Internal Communication",
            "rating_value": "2.00"
          },
          {
            "rating_name": "Gender Equality",
            "rating_value": "4.00"
          },
          {
            "rating_name": "Attitude towards older colleagues",
            "rating_value": "4.00"
          },
          {
            "rating_name": "Office / Work Environment",
            "rating_value": "3.00"
          },
          {
            "rating_name": "Environmental Friendliness",
            "rating_value": "3.00"
          },
          {
            "rating_name": "Company Image",
            "rating_value": "4.00"
          },
          {
            "rating_name": "Handicapped Accessibility",
            "rating_value": "4.00"
          },
          {
            "rating_name": "Workplace Safety",
            "rating_value": "3.00"
          },
          {
            "rating_name": "Challenging Work",
            "rating_value": "4.00"
          },
          {
            "rating_name": "Inclusive / Diverse",
            "rating_value": "5.00"
          }
        ],
        "benefits": [
          "Easy access to public transportation is offered",
          "Flexible spending account is offered",
          "Paid time off is offered",
          "Healthcare (including vision and dental) is offered",
          "Life insurance is offered"
        ],
        "perks": [
          "On site cafeteria is offered",
          "Health and wellness programs is offered"
        ],
        "source": "KUNUNU"
      },
      {
        "review_rating": "2.00",
        "reviewer_designation": "C-Suite / Leadership",
        "job_location": "Pasco",
        "review_title": ": 2 of 5 stars",
        "review_desc": "Suggestions for improvement\nTraining managers better and hiring qualified people\nWhat I like about the company\nGood benefits and paid time off, job is never the same so it doesn't get boring, 1 manager is willing to take the time to teach me the things that I don't know\nWhat I dislike about the company\nx\n",
        "culture_and_valuesRating": "2.00",
        "work_life_balance_rating": "2.00",
        "senior_management_rating": "1.00",
        "compensation_and_benefits_rating": "1.00",
        "career_opportunities_rating": "1.00",
        "job_security_and_advancement_rating": "1.00",
        "additionalRatings": [
          {
            "rating_name": "Teamwork",
            "rating_value": "1.00"
          },
          {
            "rating_name": "Freedom to work independently",
            "rating_value": "3.00"
          },
          {
            "rating_name": "Internal Communication",
            "rating_value": "1.00"
          },
          {
            "rating_name": "Gender Equality",
            "rating_value": "3.00"
          },
          {
            "rating_name": "Attitude towards older colleagues",
            "rating_value": "4.00"
          },
          {
            "rating_name": "Office / Work Environment",
            "rating_value": "5.00"
          },
          {
            "rating_name": "Environmental Friendliness",
            "rating_value": "1.00"
          },
          {
            "rating_name": "Company Image",
            "rating_value": "1.00"
          },
          {
            "rating_name": "Handicapped Accessibility",
            "rating_value": "3.00"
          },
          {
            "rating_name": "Workplace Safety",
            "rating_value": "3.00"
          },
          {
            "rating_name": "Challenging Work",
            "rating_value": "2.00"
          },
          {
            "rating_name": "Inclusive / Diverse",
            "rating_value": "1.00"
          }
        ],
        "benefits": [
          "Flex. working hours is offered",
          "Paid time off is offered",
          "Healthcare (including vision and dental) is offered",
          "Life insurance is offered"
        ],
        "source": "KUNUNU"
      },
      {
        "review_rating": "4.39",
        "reviewer_designation": "C-Suite / Leadership",
        "job_location": "Benton",
        "review_title": ": 4.39 of 5 stars",
        "review_desc": "Suggestions for improvement\nThere should be a recycling policy in place\nWhat I like about the company\nThere are lots of paid hilidays, vacation days and sick days\nWhat I dislike about the company\nx\n",
        "culture_and_valuesRating": "4.00",
        "work_life_balance_rating": "5.00",
        "senior_management_rating": "4.00",
        "compensation_and_benefits_rating": "4.00",
        "career_opportunities_rating": "5.00",
        "job_security_and_advancement_rating": "4.00",
        "additionalRatings": [
          {
            "rating_name": "Teamwork",
            "rating_value": "5.00"
          },
          {
            "rating_name": "Freedom to work independently",
            "rating_value": "4.00"
          },
          {
            "rating_name": "Internal Communication",
            "rating_value": "3.00"
          },
          {
            "rating_name": "Gender Equality",
            "rating_value": "4.00"
          },
          {
            "rating_name": "Attitude towards older colleagues",
            "rating_value": "5.00"
          },
          {
            "rating_name": "Office / Work Environment",
            "rating_value": "5.00"
          },
          {
            "rating_name": "Environmental Friendliness",
            "rating_value": "4.00"
          },
          {
            "rating_name": "Company Image",
            "rating_value": "5.00"
          },
          {
            "rating_name": "Handicapped Accessibility",
            "rating_value": "5.00"
          },
          {
            "rating_name": "Workplace Safety",
            "rating_value": "5.00"
          },
          {
            "rating_name": "Challenging Work",
            "rating_value": "4.00"
          },
          {
            "rating_name": "Inclusive / Diverse",
            "rating_value": "4.00"
          }
        ],
        "benefits": [
          "Flex. working hours is offered",
          "Paid time off is offered",
          "Healthcare (including vision and dental) is offered",
          "Life insurance is offered"
        ],
        "perks": [
          "Health and wellness programs is offered"
        ],
        "source": "KUNUNU"
      },
      {
        "review_rating": "3.44",
        "reviewer_designation": "C-Suite / Leadership",
        "job_location": "Benton",
        "review_title": ": 3.44 of 5 stars",
        "review_desc": "Suggestions for improvement\nShop around for benefit providers such as insurance\nWhat I like about the company\nample vacation and sick time as well as paid holidays\nWhat I dislike about the company\nx\n",
        "culture_and_valuesRating": "3.00",
        "work_life_balance_rating": "5.00",
        "senior_management_rating": "2.00",
        "compensation_and_benefits_rating": "3.00",
        "career_opportunities_rating": "1.00",
        "job_security_and_advancement_rating": "3.00",
        "additionalRatings": [
          {
            "rating_name": "Teamwork",
            "rating_value": "4.00"
          },
          {
            "rating_name": "Freedom to work independently",
            "rating_value": "2.00"
          },
          {
            "rating_name": "Internal Communication",
            "rating_value": "3.00"
          },
          {
            "rating_name": "Gender Equality",
            "rating_value": "5.00"
          },
          {
            "rating_name": "Attitude towards older colleagues",
            "rating_value": "5.00"
          },
          {
            "rating_name": "Office / Work Environment",
            "rating_value": "5.00"
          },
          {
            "rating_name": "Environmental Friendliness",
            "rating_value": "2.00"
          },
          {
            "rating_name": "Company Image",
            "rating_value": "3.00"
          },
          {
            "rating_name": "Handicapped Accessibility",
            "rating_value": "5.00"
          },
          {
            "rating_name": "Workplace Safety",
            "rating_value": "5.00"
          },
          {
            "rating_name": "Challenging Work",
            "rating_value": "3.00"
          },
          {
            "rating_name": "Inclusive / Diverse",
            "rating_value": "3.00"
          }
        ],
        "benefits": [
          "Paid time off is offered",
          "Healthcare (including vision and dental) is offered"
        ],
        "source": "KUNUNU"
      }
    ]
  },
  {
    "organization_name": "Latitude at Wescott Investments, LLC",
    "mailAddr": {
      "street1": "9580 Old Glory Lane",
      "city": "Summerville",
      "state": "SC",
      "zip": "29485",
      "country": "US"
    },
    "employee_reviews": [
      {
        "additionalRatings": [
          {}
        ],
        "source": "KUNUNU"
      }
    ]
  },
  {
    "organization_name": "Twin Empire LLC",
    "mailAddr": {
      "street1": "1058 Gravel Road",
      "city": "Webster",
      "state": "NY",
      "zip": "14580",
      "country": "US"
    },
    "employee_reviews": [
      {
        "additionalRatings": [
          {}
        ],
        "source": "KUNUNU"
      }
    ]
  },
  {
    "organization_name": "Parsa Holdings, LLC",
    "mailAddr": {
      "street1": "1543 Babcock Road",
      "city": "San Antonio",
      "state": "TX",
      "zip": "78229",
      "country": "US"
    },
    "employee_reviews": [
      {
        "additionalRatings": [
          {}
        ],
        "source": "KUNUNU"
      }
    ]
  },
  {
    "organization_name": "Emerald Forest NC LLC",
    "mailAddr": {
      "street1": "4512 Emerald Forest Drive",
      "city": "Durham",
      "state": "NC",
      "zip": "27713",
      "country": "US"
    },
    "employee_reviews": [
      {
        "additionalRatings": [
          {}
        ],
        "source": "KUNUNU"
      }
    ]
  },
  {
    "organization_name": "HVV Real Estate Development LLC",
    "mailAddr": {
      "street1": "60 East Springfield St",
      "city": "Boston",
      "state": "MA",
      "zip": "02114",
      "country": "US"
    },
    "employee_reviews": [
      {
        "additionalRatings": [
          {}
        ],
        "source": "KUNUNU"
      }
    ]
  },
  {
    "organization_name": "JKY Company",
    "mailAddr": {
      "street1": "2525 West Pleasant Run Road",
      "city": "Lancaster",
      "state": "TX",
      "zip": "75146",
      "country": "US"
    },
    "employee_reviews": [
      {
        "additionalRatings": [
          {}
        ],
        "source": "KUNUNU"
      }
    ]
  },
  {
    "organization_name": "Branch@Carson Apt LLC",
    "mailAddr": {
      "street1": "1848-1912 Carson Road",
      "city": "Birmingham",
      "state": "AL",
      "zip": "35215",
      "country": "US"
    },
    "employee_reviews": [
      {
        "additionalRatings": [
          {}
        ],
        "source": "KUNUNU"
      }
    ]
  },
  {
    "organization_name": "Orange and Blue Apartments Investors LLC",
    "mailAddr": {
      "street1": "1114 SW 7th Ave.",
      "city": "Gainesville",
      "state": "FL",
      "zip": "32607",
      "country": "US"
    },
    "employee_reviews": [
      {
        "additionalRatings": [
          {}
        ],
        "source": "KUNUNU"
      }
    ]
  },
  {
    "organization_name": "Partin Real Estate Management, LLC",
    "mailAddr": {
      "street1": "9522 FM 2920",
      "city": "Tomball",
      "state": "TX",
      "zip": "77375",
      "country": "US"
    },
    "employee_reviews": [
      {
        "additionalRatings": [
          {}
        ],
        "source": "KUNUNU"
      }
    ]
  },
  {
    "organization_name": "AZFD Fairfield, LLC",
    "mailAddr": {
      "street1": "12750 Citrus Park Lane",
      "city": "Tampa",
      "state": "FL",
      "zip": "33625",
      "country": "US"
    },
    "employee_reviews": [
      {
        "additionalRatings": [
          {}
        ],
        "source": "KUNUNU"
      }
    ]
  },
  {
    "organization_name": "Tabernacle Investments LLC",
    "mailAddr": {
      "street1": "852 East Tabernacle Street",
      "city": "Saint George",
      "state": "UT",
      "zip": "84770",
      "country": "US"
    },
    "employee_reviews": [
      {
        "additionalRatings": [
          {}
        ],
        "source": "KUNUNU"
      }
    ]
  },
  {
    "organization_name": "JJR Bella Vista Apartments LLC",
    "mailAddr": {
      "street1": "4305 East Ruben Torres Sr. Blvd",
      "city": "Brownsville",
      "state": "TX",
      "zip": "78526",
      "country": "US"
    },
    "employee_reviews": [
      {
        "additionalRatings": [
          {}
        ],
        "source": "KUNUNU"
      }
    ]
  },
  {
    "organization_name": "Walnut Street Management, LLC",
    "mailAddr": {
      "street1": "4340 Vance Street",
      "city": "Wheat Ridge",
      "state": "CO",
      "zip": "80033",
      "country": "US"
    },
    "employee_reviews": [
      {
        "additionalRatings": [
          {}
        ],
        "source": "KUNUNU"
      }
    ]
  },
  {
    "organization_name": "American Heritage Apartments",
    "mailAddr": {
      "street1": "101 Redwater Road",
      "city": "Wake Village",
      "state": "TX",
      "zip": "75501",
      "country": "US"
    },
    "employee_reviews": [
      {
        "additionalRatings": [
          {}
        ],
        "source": "KUNUNU"
      }
    ]
  },
  {
    "organization_name": "ED Markwardt",
    "mailAddr": {
      "street1": "1102 North Cherry Street",
      "city": "San Antonio",
      "state": "TX",
      "zip": "78202",
      "country": "US"
    },
    "employee_reviews": [
      {
        "additionalRatings": [
          {}
        ],
        "source": "KUNUNU"
      }
    ]
  },
  {
    "organization_name": "Bradenton Associates LLC",
    "mailAddr": {
      "street1": "621-845 Cortez Road West",
      "city": "Bradenton",
      "state": "FL",
      "zip": "34207",
      "country": "US"
    },
    "employee_reviews": [
      {
        "review_rating": "4.0",
        "reviewer_designation": "Administrative Assistant (Former Employee) –  ",
        "job_location": "Miami, FL",
        "review_date": "2018-10-10T00:00:00.000Z",
        "review_title": "Caution",
        "review_desc": "Can never get a supervisor or a manager when you need one. Payroll is a scam, always a miscalculation when it comes to payroll. Never did a home in home expectation.",
        "source": "INDEED"
      },
      {
        "review_rating": "4.0",
        "reviewer_designation": "Administrative Assistant (Former Employee) –  ",
        "job_location": "Miami, FL",
        "review_date": "2018-08-06T00:00:00.000Z",
        "review_title": "Stand out Company",
        "review_desc": "It was a great place to start off your administration assistance career path. You were able to move up in the company rapidly. Over all it was a good company while it lasted.",
        "source": "INDEED"
      },
      {
        "additionalRatings": [
          {}
        ],
        "source": "KUNUNU"
      }
    ]
  },
  {
    "organization_name": "Waco Brothers Management, Ltd.",
    "mailAddr": {
      "street1": "1824 South 9th Street #A, B, C, & D",
      "city": "Waco",
      "state": "TX",
      "zip": "76706",
      "country": "US"
    },
    "employee_reviews": [
      {
        "additionalRatings": [
          {}
        ],
        "source": "KUNUNU"
      }
    ]
  },
  {
    "organization_name": "Picone Acquisition Corp.",
    "mailAddr": {
      "street1": "93 Old Long Eddy Road",
      "city": "Hankins",
      "state": "NY",
      "zip": "12741",
      "country": "US"
    },
    "employee_reviews": [
      {
        "additionalRatings": [
          {}
        ],
        "source": "KUNUNU"
      }
    ]
  },
  {
    "organization_name": "S.K. Condominium Association, Inc.",
    "mailAddr": {
      "street1": "915 Seaside Drive",
      "city": "Siesta Key",
      "state": "FL",
      "zip": "34242",
      "country": "US"
    },
    "employee_reviews": [
      {
        "additionalRatings": [
          {}
        ],
        "source": "KUNUNU"
      }
    ]
  },
  {
    "organization_name": "EJE Investments LLC",
    "mailAddr": {
      "street1": "1106-1116 26th Avenue South",
      "city": "Grand Forks",
      "state": "ND",
      "zip": "58201",
      "country": "US"
    },
    "employee_reviews": [
      {
        "additionalRatings": [
          {}
        ],
        "source": "KUNUNU"
      }
    ]
  },
  {
    "organization_name": "Stanmore Partners, LLC",
    "mailAddr": {
      "street1": "2311 Westheimer Road & 2631,2635,2639 Revere Street",
      "city": "Houston",
      "state": "TX",
      "zip": "77098",
      "country": "US"
    },
    "employee_reviews": [
      {
        "additionalRatings": [
          {}
        ],
        "source": "KUNUNU"
      }
    ]
  },
  {
    "organization_name": "THP PM Group, LLC",
    "mailAddr": {
      "street1": "24444 Richards Road",
      "city": "Hempstead",
      "state": "TX",
      "zip": "77445",
      "country": "US"
    },
    "employee_reviews": [
      {
        "additionalRatings": [
          {}
        ],
        "source": "KUNUNU"
      }
    ]
  },
  {
    "organization_name": "Gulf Beach Owners Association, Inc.",
    "mailAddr": {
      "street1": "930 Benjamin Franklin Drive",
      "city": "Sarasota",
      "state": "FL",
      "zip": "34236",
      "country": "US"
    },
    "employee_reviews": [
      {
        "additionalRatings": [
          {}
        ],
        "source": "KUNUNU"
      }
    ]
  }
]
