[
  {
    "organization_name": "Calypso Towers Resort Community Assoc Inc",
    "mailAddr": {
      "street1": "15900 & 15817 Front Beach Road",
      "city": "Panama City Beach",
      "state": "FL",
      "zip": "32413",
      "country": "US"
    },
    "employee_reviews": [
      {
        "additionalRatings": [
          {}
        ],
        "source": "KUNUNU"
      }
    ]
  },
  {
    "organization_name": "Zingenuity Larose Place LLC",
    "mailAddr": {
      "street1": "1992 Seymour Avenue",
      "city": "Cincinnati",
      "state": "OH",
      "zip": "45237",
      "country": "US"
    },
    "employee_reviews": [
      {
        "additionalRatings": [
          {}
        ],
        "source": "KUNUNU"
      }
    ]
  },
  {
    "organization_name": "Pennybacker IV, LP",
    "mailAddr": {
      "street1": "9505 Royal Lane",
      "city": "Dallas",
      "state": "TX",
      "zip": "75231",
      "country": "US"
    },
    "employee_reviews": [
      {
        "additionalRatings": [
          {}
        ],
        "source": "KUNUNU"
      }
    ]
  },
  {
    "organization_name": "Rose Hill Largo LLC",
    "mailAddr": {
      "street1": "1229 North Missouri Avenue",
      "city": "Largo",
      "state": "FL",
      "zip": "33770",
      "country": "US"
    },
    "employee_reviews": [
      {
        "additionalRatings": [
          {}
        ],
        "source": "KUNUNU"
      }
    ]
  },
  {
    "organization_name": "Lake Vista Apartments, LLC",
    "mailAddr": {
      "street1": "206 Northlake Drive",
      "city": "Warner Robins",
      "state": "GA",
      "zip": "31093",
      "country": "US"
    },
    "employee_reviews": [
      {
        "additionalRatings": [
          {}
        ],
        "source": "KUNUNU"
      }
    ]
  },
  {
    "organization_name": "J. Hester Properties",
    "mailAddr": {
      "street1": "2955 Alouette Drive",
      "city": "Grand Prairie",
      "state": "TX",
      "zip": "75052",
      "country": "US"
    },
    "employee_reviews": [
      {
        "additionalRatings": [
          {}
        ],
        "source": "KUNUNU"
      }
    ]
  },
  {
    "organization_name": "Vie Management, LLC",
    "mailAddr": {
      "street1": "6515 Belcrest Road",
      "city": "Hyattsville",
      "state": "MD",
      "zip": "20782",
      "country": "US"
    },
    "employee_reviews": [
      {
        "reviewer_designation": "Current Employee - Brand Educator",
        "review_description": "I have been working at Vie Management full-time (Less than a year)",
        "review_title": "\"Brand Educator\"",
        "pros": "This company is inspiring and has so much growth potential ahead of them. They have a true open door policy and is willing to listen to what everyone has to say, even if it cannot be done in that very moment.",
        "cons": "I have not encountered any cons in my role. It is always hard when someone new comes in and things change but that is at no fault of the company. We have to try new things to see what works and what does not.",
        "advice_to_management": "None at this time. I have really enjoyed my start with the company and look forward to many more years.",
        "source": "GLASSDOOR"
      },
      {
        "review_rating": "3.0",
        "reviewer_designation": "Leasing Agent and Lead Leasing Agent (Former Employee) –  ",
        "job_location": "Miami, FL",
        "review_date": "2018-06-03T00:00:00.000Z",
        "review_title": "It was okay",
        "review_desc": "The job itself, was not hard at all. However, the management team is based from FL, which brings hardships quickly. There is a lack of communication and they will withhold your money if they feel like it.",
        "source": "INDEED"
      },
      {
        "review_rating": "5.0",
        "reviewer_designation": "Lead Leasing Agent (Former Employee) –  ",
        "job_location": "Greenville, NC",
        "review_date": "2018-10-05T00:00:00.000Z",
        "review_title": "Vie was top notch",
        "review_desc": "Working at the Vie was first class from the management to the accommodations they have it all. If you are looking to a step in right direction for property management experience this is the company for you.",
        "source": "INDEED"
      },
      {
        "review_rating": "1.0",
        "reviewer_designation": "Leasing Consultant (Former Employee) –  ",
        "job_location": "NY",
        "review_date": "2018-08-02T00:00:00.000Z",
        "review_title": "So much favoritism. Unprofessional, incompetent company.",
        "review_desc": "No communication from upper management. Your questions go unanswered which makes it impossible to get through the day. You work day-to-day wondering if you’ll have your job tomorrow. Vendors are never paid which makes it impossible for maintenance to perform daily tasks and staff feels the need to spend their own money on supplies in hopes to be paid back. Almost every roof has been leaking for years but Corporate refuses to repair/replace them making it difficult for staff to rent the units. Bats are in every attic and nothing has been done to remove them. Mold in every basement. Too many Skype calls that never amount to anything and put on by people who love to listen to themselves blab on & on. This company cares NOTHING about their residents nor staff. So happy to be finished with Vie.",
        "pros": "Nothing",
        "cons": "Everything",
        "source": "INDEED"
      },
      {
        "review_rating": "5.0",
        "reviewer_designation": "Assistant Manager (Current Employee) –  ",
        "job_location": "Hattiesburg, MS",
        "review_date": "2018-07-28T00:00:00.000Z",
        "review_title": "One of the best companies i have worked for.",
        "review_desc": "During my time at Vie at Hattiesburg I have learned so much about the industry. Great advancement opportunities, great benefits. Managers are always willing to help if it is needed. This company is perfect for a fun out going person who loves a challenge!",
        "pros": "Benifits, coworkers are like family.",
        "cons": "If you dont like to work hard this company is most likely not for you.",
        "source": "INDEED"
      },
      {
        "review_rating": "1.0",
        "reviewer_designation": "Maintenance Technician (Former Employee) –  ",
        "job_location": "Hattiesburg, MS",
        "review_date": "2018-07-17T00:00:00.000Z",
        "review_title": "Unorganized! Incompetent! Favoritism!",
        "review_desc": "RUN, don't walk! The MOST disorganized workplace I've ever seen! Can't keep good employees. Four maintenance guys quit within one week! Favoritism! Promoted grounds-keeper to maintenance even though he admitted he didn't know first thing about maintenance! Fired manager and promoted assistant who doesn't know how to run business. Apartments in terrible condition. Black-looking mold in breezeway closets.",
        "pros": "Absolutely none",
        "cons": "Everything",
        "source": "INDEED"
      },
      {
        "review_rating": "5.0",
        "reviewer_designation": "Active Member (Current Employee) –  ",
        "job_location": "Hyattsville, MD",
        "review_date": "2018-05-29T00:00:00.000Z",
        "review_title": "Productive",
        "review_desc": "Amazing environment to grow within the company. I earned a promotion in 3 months. Managers are always going above and beyond to help in our residents and staff.",
        "source": "INDEED"
      },
      {
        "review_rating": "1.0",
        "reviewer_designation": "Maintenance Supervisor (Former Employee) –  ",
        "job_location": "Muncie, IN",
        "review_date": "2018-05-12T00:00:00.000Z",
        "review_title": "not fun bad place to work",
        "review_desc": "the worst company to work for, they care more about money than there residents. any options or advice given is dismissed ignored. they care nothing about there employees and are willing to let them go at minutes notice to move in new players",
        "pros": "nothing company wide",
        "cons": "lousy corporation",
        "source": "INDEED"
      },
      {
        "review_rating": "1.0",
        "reviewer_designation": "Leasing & Marketing Consultant (Former Employee) –  ",
        "job_location": "Buffalo, NY",
        "review_date": "2018-03-18T00:00:00.000Z",
        "review_title": "Not Nice",
        "review_desc": "A sad company to work for. Even when you're educated, have relevant job experience, and a surplus of good ideas to improve the work flow...you are not valued. The consistent turnover & review from residents will tell all that.",
        "source": "INDEED"
      },
      {
        "review_rating": "2.0",
        "reviewer_designation": "Business Analyst (Former Employee) –  ",
        "job_location": "Miami, FL",
        "review_date": "2017-12-13T00:00:00.000Z",
        "review_title": "Wasn't Bad",
        "review_desc": "Worked mostly in accounts receivable/ payable for the companies properties. I was put in tough spots because in many situations there was not enough money to pay out to our vendors so had to deal with angry calls.",
        "source": "INDEED"
      },
      {
        "review_rating": "4.0",
        "reviewer_designation": "Leasing Director (Current Employee) –  ",
        "job_location": "Raleigh, NC",
        "review_date": "2017-01-21T00:00:00.000Z",
        "review_title": "Tough Company, but Cool Culture",
        "review_desc": "Cool company to work for. Great for those who enjoy a challenge. Proper resources are not provided and expectations are high, but if you can afford to suppl your own resources you will enjoy it.",
        "pros": "Great Culture",
        "cons": "No Support, No Life/Work Balance",
        "source": "INDEED"
      },
      {
        "additionalRatings": [
          {}
        ],
        "source": "KUNUNU"
      }
    ]
  },
  {
    "organization_name": "AGP Wildwood Owner, LLC",
    "mailAddr": {
      "street1": "5959 Burbank Drive",
      "city": "Baton Rouge",
      "state": "LA",
      "zip": "70820",
      "country": "US"
    },
    "employee_reviews": [
      {
        "additionalRatings": [
          {}
        ],
        "source": "KUNUNU"
      }
    ]
  },
  {
    "organization_name": "Townhouses of Highland Beach Condominium Association Inc",
    "mailAddr": {
      "street1": "2575 South Ocean Boulevard",
      "city": "Highland Beach",
      "state": "FL",
      "zip": "33487",
      "country": "US"
    },
    "employee_reviews": [
      {
        "additionalRatings": [
          {}
        ],
        "source": "KUNUNU"
      }
    ]
  },
  {
    "organization_name": "Shadybrook Village Owners Association, Inc.",
    "mailAddr": {
      "street1": "955 Byron Place",
      "city": "Sarasota",
      "state": "FL",
      "zip": "34243",
      "country": "US"
    },
    "employee_reviews": [
      {
        "additionalRatings": [
          {}
        ],
        "source": "KUNUNU"
      }
    ]
  },
  {
    "organization_name": "The Terrace Owners Association, Inc.",
    "mailAddr": {
      "street1": "10555 Turtlewood Court",
      "city": "Houston",
      "state": "TX",
      "zip": "77072",
      "country": "US"
    },
    "employee_reviews": [
      {
        "additionalRatings": [
          {}
        ],
        "source": "KUNUNU"
      }
    ]
  },
  {
    "organization_name": "Sunbird of Panama City Beach Owners Association, Inc.",
    "mailAddr": {
      "street1": "9850 South Thomas Drive",
      "city": "Panama City",
      "state": "FL",
      "zip": "32408",
      "country": "US"
    },
    "employee_reviews": [
      {
        "additionalRatings": [
          {}
        ],
        "source": "KUNUNU"
      }
    ]
  },
  {
    "organization_name": "Carlsbad Management Group, LLC",
    "mailAddr": {
      "street1": "10300 South Western Avenue",
      "city": "Oklahoma City",
      "state": "OK",
      "zip": "73139",
      "country": "US"
    },
    "employee_reviews": [
      {
        "review_rating": "4.0",
        "reviewer_designation": "Assistant Sales Manager/Leasing Agent (Current Employee) –  ",
        "job_location": "Norman, OK",
        "review_date": "2018-09-20T00:00:00.000Z",
        "review_title": "Favoritism",
        "review_desc": "None. I felt you never knew what to expect. Most people always felt \"we were about to get fired\":. i did learn more than expected at my second Property.",
        "pros": "Benefits",
        "cons": "Favoritism",
        "source": "INDEED"
      },
      {
        "review_rating": "5.0",
        "reviewer_designation": "Maintenance Technician (Former Employee) –  ",
        "job_location": "Norman, OK",
        "review_date": "2018-08-16T00:00:00.000Z",
        "review_title": "Good job no good benefits.",
        "review_desc": "Great place to work for. Not enough long term benefits Carlsbad was great to work for. I loved the tenants and could take numerous work orders and have them done by the end of the day. I really enjoyed the tenants telling me that i did a good job and i would fix and repair things that needed to be fixed for a long time.",
        "pros": "Bonuses",
        "cons": "Not good benifits",
        "source": "INDEED"
      },
      {
        "review_rating": "5.0",
        "reviewer_designation": "Propeerty Manager (Former Employee) –  ",
        "job_location": "Oklahoma City, OK",
        "review_date": "2018-04-23T00:00:00.000Z",
        "review_title": "Excellent place to work",
        "review_desc": "The people was wonderful to work with and for. I would love to go back if the situation arises. There was always some to answer any questions or to come help when and where needed. were treated like family",
        "pros": "Always there when you need them",
        "cons": "healtcare could be a little better",
        "source": "INDEED"
      },
      {
        "review_rating": "5.0",
        "reviewer_designation": "Sales Assistant (Former Employee) –  ",
        "job_location": "New York",
        "review_date": "2017-12-12T00:00:00.000Z",
        "review_title": "good company with good perspectives on employees",
        "review_desc": "This is a letter of recommendation for Carlsbad management. It has been my personal great pleasure to work with Carlsbad and it's Management team for many years. The leadership at Carlsbad is top notch. They are always willing to meet and discuss options to learn and grow their business. They are very involved with its employees and their continued education in many ways. It has always impressed me how involved they are from the top down. I feel like this can be a rare thing within this industry.",
        "source": "INDEED"
      },
      {
        "review_rating": "2.0",
        "reviewer_designation": "Leasing Consultant (Former Employee) –  ",
        "job_location": "Norman, OK 73072",
        "review_date": "2016-12-11T00:00:00.000Z",
        "review_title": "Would not recommend",
        "review_desc": "Unprofessionally managed, lots of favoritism, and no work/life balance. Travel expenses during work hours became pretty costly (once at work, I was asked to drive back to the opposite side of town for various errands-several times a day sometimes). Absolutely no recognition for work achievements. Unfair advantages and prizes given to certain employees. I was talked down to more than once by several employees within the company, but there was nobody I could go to about these issues because the company lacks a proper HR department and corporate structure. While working for Carlsbad, I did gain several sales and customer service skills I will continue to take with me throughout my professional life.",
        "pros": "Decent bonuses",
        "source": "INDEED"
      },
      {
        "review_rating": "1.0",
        "reviewer_designation": "Leasing Consultant (Former Employee) –  ",
        "job_location": "Oklahoma City, OK",
        "review_date": "2016-06-23T00:00:00.000Z",
        "review_title": "This company is a joke",
        "review_desc": "Everyone in management are friends and it is family owned, so family too.They pick and choose who gets to go by the rules. They don't train you, so if you do not have experience as a leasing agent then I suggest you start somewhere else as one because they will make you feel like an idiot for asking something that you do not know. Also, the calling system that they use is a joke, they will make you bug and bug and bug people and once the person tells you to stop calling, they tell you to put them on the wait list and call them back in 6 months. I am serious, do NOT work for them, I work for a new property management and it is no where near as stressful as working for Carlsbad Mgmt and we work as a team and I love my manager and corporate, unlike this company.",
        "pros": "Hour lunch and co-workers",
        "cons": "Management, pay",
        "source": "INDEED"
      },
      {
        "additionalRatings": [
          {}
        ],
        "source": "KUNUNU"
      }
    ]
  },
  {
    "organization_name": "Huff Jones Management Company, LLC",
    "mailAddr": {
      "street1": "14201 Kanis Road",
      "city": "Little Rock",
      "state": "AR",
      "zip": "72223",
      "country": "US"
    },
    "employee_reviews": [
      {
        "additionalRatings": [
          {}
        ],
        "source": "KUNUNU"
      }
    ]
  },
  {
    "organization_name": "KLMN Properties, Inc.",
    "mailAddr": {
      "street1": "3507 North Service Road",
      "city": "Moore",
      "state": "OK",
      "zip": "73160",
      "country": "US"
    },
    "employee_reviews": [
      {
        "additionalRatings": [
          {}
        ],
        "source": "KUNUNU"
      }
    ]
  },
  {
    "organization_name": "Downtown 420, LLC a Delaware Limited Liability Company",
    "mailAddr": {
      "street1": "420 East Hyman Avenue",
      "city": "Aspen",
      "state": "CO",
      "zip": "81611",
      "country": "US"
    },
    "employee_reviews": [
      {
        "additionalRatings": [
          {}
        ],
        "source": "KUNUNU"
      }
    ]
  },
  {
    "organization_name": "Cypress Creek Partnership",
    "mailAddr": {
      "street1": "4709 Cypress Creek Avenue East",
      "city": "Tuscaloosa",
      "state": "AL",
      "zip": "35405",
      "country": "US"
    },
    "employee_reviews": [
      {
        "additionalRatings": [
          {}
        ],
        "source": "KUNUNU"
      }
    ]
  },
  {
    "organization_name": "IHN Management Company, LLC",
    "mailAddr": {
      "street1": "122 Sunset Drive",
      "city": "Hohenwald",
      "state": "TN",
      "zip": "38462",
      "country": "US"
    },
    "employee_reviews": [
      {
        "additionalRatings": [
          {}
        ],
        "source": "KUNUNU"
      }
    ]
  },
  {
    "organization_name": "HBSN Investment Company, LLC",
    "mailAddr": {
      "street1": "1729 Hailey Street",
      "city": "Sweetwater",
      "state": "TX",
      "zip": "79556",
      "country": "US"
    },
    "employee_reviews": [
      {
        "additionalRatings": [
          {}
        ],
        "source": "KUNUNU"
      }
    ]
  },
  {
    "organization_name": "MREF II Windhaven LLC",
    "mailAddr": {
      "street1": "4900 Windhaven Pkwy",
      "city": "Lewisville",
      "state": "TX",
      "zip": "75056",
      "country": "US"
    },
    "employee_reviews": [
      {
        "additionalRatings": [
          {}
        ],
        "source": "KUNUNU"
      }
    ]
  },
  {
    "organization_name": "Alliance for Building Communities, Inc.",
    "mailAddr": {
      "street1": "550 Main Street",
      "city": "Slatington",
      "state": "PA",
      "zip": "18080",
      "country": "US"
    },
    "employee_reviews": [
      {
        "additionalRatings": [
          {}
        ],
        "source": "KUNUNU"
      }
    ]
  },
  {
    "organization_name": "Hongeng, Ltd",
    "mailAddr": {
      "street1": "16541,16545, 16555 Loch Katrine Ln",
      "city": "Houston",
      "state": "TX",
      "zip": "77084",
      "country": "US"
    },
    "employee_reviews": [
      {
        "additionalRatings": [
          {}
        ],
        "source": "KUNUNU"
      }
    ]
  },
  {
    "organization_name": "39 Homes",
    "mailAddr": {
      "street1": "101 N Country Club Road",
      "city": "Lake Mary",
      "state": "FL",
      "zip": "32746",
      "country": "US"
    },
    "employee_reviews": [
      {
        "additionalRatings": [
          {}
        ],
        "source": "KUNUNU"
      }
    ]
  },
  {
    "organization_name": "Peachtree II Associates -Dallas L.P.",
    "mailAddr": {
      "street1": "4650 Saturn Road",
      "city": "Garland",
      "state": "TX",
      "zip": "75041",
      "country": "US"
    },
    "employee_reviews": [
      {
        "additionalRatings": [
          {}
        ],
        "source": "KUNUNU"
      }
    ]
  },
  {
    "organization_name": "The Ferndale Property Management Group, LLC",
    "mailAddr": {
      "street1": "1-12 South Arbor Trail",
      "city": "Park Forest",
      "state": "IL",
      "zip": "60466",
      "country": "US"
    },
    "employee_reviews": [
      {
        "additionalRatings": [
          {}
        ],
        "source": "KUNUNU"
      }
    ]
  },
  {
    "organization_name": "Lonac Inc.",
    "mailAddr": {
      "street1": "4400 34th Street South",
      "city": "Saint Petersburg",
      "state": "FL",
      "zip": "33711",
      "country": "US"
    },
    "employee_reviews": [
      {
        "additionalRatings": [
          {}
        ],
        "source": "KUNUNU"
      }
    ]
  },
  {
    "organization_name": "Morningside Homeowners Association, Inc.",
    "mailAddr": {
      "street1": "3930-6980 E. Girard Ave, 3450-3470 S. Poplar St., 7100 E. Hamilton Place",
      "city": "Denver",
      "state": "CO",
      "zip": "80224",
      "country": "US"
    },
    "employee_reviews": [
      {
        "additionalRatings": [
          {}
        ],
        "source": "KUNUNU"
      }
    ]
  },
  {
    "organization_name": "Frisco MV Ventures LLC",
    "mailAddr": {
      "street1": "10018 Ingram Road",
      "city": "San Antonio",
      "state": "TX",
      "zip": "78245",
      "country": "US"
    },
    "employee_reviews": [
      {
        "additionalRatings": [
          {}
        ],
        "source": "KUNUNU"
      }
    ]
  },
  {
    "organization_name": "The Edge at Norman Condominium Association, Inc.",
    "mailAddr": {
      "street1": "2200 Classen Blvd",
      "city": "Norman",
      "state": "OK",
      "zip": "73071",
      "country": "US"
    },
    "employee_reviews": [
      {
        "additionalRatings": [
          {}
        ],
        "source": "KUNUNU"
      }
    ]
  },
  {
    "organization_name": "Clear Sky Acquisitions, LLC",
    "mailAddr": {
      "street1": "90 Northpoint Dr",
      "city": "Houston",
      "state": "TX",
      "zip": "77060",
      "country": "US"
    },
    "employee_reviews": [
      {
        "additionalRatings": [
          {}
        ],
        "source": "KUNUNU"
      }
    ]
  },
  {
    "organization_name": "Atlantic Housing Foundation, Inc.",
    "mailAddr": {
      "street1": "1053 St. James Avenue",
      "city": "Summerville",
      "state": "SC",
      "zip": "29486",
      "country": "US"
    },
    "employee_reviews": [
      {
        "reviewer_designation": "Current Employee - Anonymous Employee",
        "review_description": "I have been working at Atlantic Housing Foundation full-time",
        "review_title": "\"Great Company\"",
        "pros": "Been an employee for 6 years and absolutely love it. They treat their employees and they offer great benefits.",
        "cons": "I don't have any cons at this time.",
        "source": "GLASSDOOR"
      },
      {
        "additionalRatings": [
          {}
        ],
        "source": "KUNUNU"
      }
    ]
  },
  {
    "organization_name": "River Hills Bluffs Villas Horizontal Property Regime I",
    "mailAddr": {
      "street1": "181-236 RiverviewTerrace",
      "city": "Lake Wylie",
      "state": "SC",
      "zip": "29710",
      "country": "US"
    },
    "employee_reviews": [
      {
        "additionalRatings": [
          {}
        ],
        "source": "KUNUNU"
      }
    ]
  },
  {
    "organization_name": "Lowe 3x5 Chattanooga, LLC",
    "mailAddr": {
      "street1": "730 Chestnut St",
      "city": "Chattanooga",
      "state": "TN",
      "zip": "37402",
      "country": "US"
    },
    "employee_reviews": [
      {
        "additionalRatings": [
          {}
        ],
        "source": "KUNUNU"
      }
    ]
  },
  {
    "organization_name": "Sussex Commons Condominium Association",
    "mailAddr": {
      "street1": "1822 Chandler Road",
      "city": "Statesboro",
      "state": "GA",
      "zip": "30458",
      "country": "US"
    },
    "employee_reviews": [
      {
        "additionalRatings": [
          {}
        ],
        "source": "KUNUNU"
      }
    ]
  },
  {
    "organization_name": "Vita Nuova, LLC",
    "mailAddr": {
      "street1": "1111 Studewood Street",
      "city": "Houston",
      "state": "TX",
      "zip": "77008",
      "country": "US"
    },
    "employee_reviews": [
      {
        "additionalRatings": [
          {}
        ],
        "source": "KUNUNU"
      }
    ]
  },
  {
    "organization_name": "Old Dutchtown Apartments, LLC",
    "mailAddr": {
      "street1": "13170 Dutchtown Point Avenue",
      "city": "Gonzales",
      "state": "LA",
      "zip": "70737",
      "country": "US"
    },
    "employee_reviews": [
      {
        "additionalRatings": [
          {}
        ],
        "source": "KUNUNU"
      }
    ]
  },
  {
    "organization_name": "The Sherman Agency Inc",
    "mailAddr": {
      "street1": "12858 West 26th Avenue",
      "city": "Golden",
      "state": "CO",
      "zip": "80401",
      "country": "US"
    },
    "employee_reviews": [
      {
        "additionalRatings": [
          {}
        ],
        "source": "KUNUNU"
      }
    ]
  },
  {
    "organization_name": "Berger Downing & Quain",
    "mailAddr": {
      "street1": "1838 Black Rock Turnpike",
      "city": "Fairfield",
      "state": "CT",
      "zip": "06825",
      "country": "US"
    },
    "employee_reviews": [
      {
        "additionalRatings": [
          {}
        ],
        "source": "KUNUNU"
      }
    ]
  },
  {
    "organization_name": "Gabreila Apartments Ltd.",
    "mailAddr": {
      "street1": "587 Natoma Street & 185 7th Avenue",
      "city": "San Francisco",
      "state": "CA",
      "zip": "94103",
      "country": "US"
    },
    "employee_reviews": [
      {
        "additionalRatings": [
          {}
        ],
        "source": "KUNUNU"
      }
    ]
  },
  {
    "organization_name": "DWO Enterprises Inc",
    "mailAddr": {
      "street1": "4848 South Alameda Street",
      "city": "Corpus Christi",
      "state": "TX",
      "zip": "78412",
      "country": "US"
    },
    "employee_reviews": [
      {
        "additionalRatings": [
          {}
        ],
        "source": "KUNUNU"
      }
    ]
  },
  {
    "organization_name": "George Beach",
    "mailAddr": {
      "street1": "151 Cherry Street A&B",
      "city": "Clarksdale",
      "state": "MS",
      "zip": "38614",
      "country": "US"
    },
    "employee_reviews": [
      {
        "additionalRatings": [
          {}
        ],
        "source": "KUNUNU"
      }
    ]
  },
  {
    "organization_name": "Sienna on the Coast Condominium Owners Association, Inc.",
    "mailAddr": {
      "street1": "1200 Beach Drive",
      "city": "Gulfport",
      "state": "MS",
      "zip": "39507",
      "country": "US"
    },
    "employee_reviews": [
      {
        "additionalRatings": [
          {}
        ],
        "source": "KUNUNU"
      }
    ]
  },
  {
    "organization_name": "Custer Creekside, LLC",
    "mailAddr": {
      "street1": "3650 Custer Parkway",
      "city": "Richardson",
      "state": "TX",
      "zip": "75080",
      "country": "US"
    },
    "employee_reviews": [
      {
        "additionalRatings": [
          {}
        ],
        "source": "KUNUNU"
      }
    ]
  },
  {
    "organization_name": "Summit Capital Partners - Tuscaloosa I, LP",
    "mailAddr": {
      "street1": "625 4th Street Northeast",
      "city": "Tuscaloosa",
      "state": "AL",
      "zip": "35404",
      "country": "US"
    },
    "employee_reviews": [
      {
        "additionalRatings": [
          {}
        ],
        "source": "KUNUNU"
      }
    ]
  },
  {
    "organization_name": "Riverside Apartments",
    "mailAddr": {
      "street1": "110 West 16th Avenue",
      "city": "Havana",
      "state": "FL",
      "zip": "32333",
      "country": "US"
    },
    "employee_reviews": [
      {
        "additionalRatings": [
          {}
        ],
        "source": "KUNUNU"
      }
    ]
  },
  {
    "organization_name": "M Manor Holding LP",
    "mailAddr": {
      "street1": "4775 Marshalls Creek Road",
      "city": "East Stroudsburg",
      "state": "PA",
      "zip": "18302",
      "country": "US"
    },
    "employee_reviews": [
      {
        "additionalRatings": [
          {}
        ],
        "source": "KUNUNU"
      }
    ]
  },
  {
    "organization_name": "Pavilion Partners LLC",
    "mailAddr": {
      "street1": "401 College Drive Northeast",
      "city": "Hanceville",
      "state": "AL",
      "zip": "35077",
      "country": "US"
    },
    "employee_reviews": [
      {
        "additionalRatings": [
          {}
        ],
        "source": "KUNUNU"
      }
    ]
  },
  {
    "organization_name": "College Square",
    "mailAddr": {
      "street1": "801 J Street",
      "city": "Davis",
      "state": "CA",
      "zip": "95616",
      "country": "US"
    },
    "employee_reviews": [
      {
        "additionalRatings": [
          {}
        ],
        "source": "KUNUNU"
      }
    ]
  },
  {
    "organization_name": "Glendale Trade Center, Inc.",
    "mailAddr": {
      "street1": "3200-3400 43rd Avenue",
      "city": "Vero Beach",
      "state": "FL",
      "zip": "32960",
      "country": "US"
    },
    "employee_reviews": [
      {
        "additionalRatings": [
          {}
        ],
        "source": "KUNUNU"
      }
    ]
  },
  {
    "organization_name": "Edgeware Road LLC",
    "mailAddr": {
      "street1": "602 Pin Oak Road",
      "city": "Edinburg",
      "state": "TX",
      "zip": "78539",
      "country": "US"
    },
    "employee_reviews": [
      {
        "additionalRatings": [
          {}
        ],
        "source": "KUNUNU"
      }
    ]
  },
  {
    "organization_name": "ACDH Services LLC",
    "mailAddr": {
      "street1": "322 Nevada Street",
      "city": "Hollywood",
      "state": "FL",
      "zip": "33019",
      "country": "US"
    },
    "employee_reviews": [
      {
        "additionalRatings": [
          {}
        ],
        "source": "KUNUNU"
      }
    ]
  },
  {
    "organization_name": "Family Center at Sunrise LLC",
    "mailAddr": {
      "street1": "555 SW 148th Ave",
      "city": "Sunrise",
      "state": "FL",
      "zip": "33325",
      "country": "US"
    },
    "employee_reviews": [
      {
        "additionalRatings": [
          {}
        ],
        "source": "KUNUNU"
      }
    ]
  },
  {
    "organization_name": "DJ Serenity Property LLC",
    "mailAddr": {
      "street1": "3714 Grandview Drive",
      "city": "Simpsonville",
      "state": "SC",
      "zip": "29680",
      "country": "US"
    },
    "employee_reviews": [
      {
        "additionalRatings": [
          {}
        ],
        "source": "KUNUNU"
      }
    ]
  },
  {
    "organization_name": "GSSW-REO, L.C.",
    "mailAddr": {
      "street1": "James A Reed Road Old Countryshire Partnership",
      "city": "Kansas City",
      "state": "MO",
      "zip": "64133",
      "country": "US"
    },
    "employee_reviews": [
      {
        "additionalRatings": [
          {}
        ],
        "source": "KUNUNU"
      }
    ]
  },
  {
    "organization_name": "Greenwood Apartments LLC",
    "mailAddr": {
      "street1": "1001 North Martin Luther King Jr. Avenue",
      "city": "Clearwater",
      "state": "FL",
      "zip": "33755",
      "country": "US"
    },
    "employee_reviews": [
      {
        "additionalRatings": [
          {}
        ],
        "source": "KUNUNU"
      }
    ]
  },
  {
    "organization_name": "Andmark Northlake Apartments, LLC",
    "mailAddr": {
      "street1": "310 Northlake Drive",
      "city": "Warner Robins",
      "state": "GA",
      "zip": "31093",
      "country": "US"
    },
    "employee_reviews": [
      {
        "additionalRatings": [
          {}
        ],
        "source": "KUNUNU"
      }
    ]
  },
  {
    "organization_name": "Paramount Investments",
    "mailAddr": {
      "street1": "1101 Hidden Ridge Drive",
      "city": "Irving",
      "state": "TX",
      "zip": "75038",
      "country": "US"
    },
    "employee_reviews": [
      {
        "additionalRatings": [
          {}
        ],
        "source": "KUNUNU"
      }
    ]
  },
  {
    "organization_name": "Commerce Equities, Inc",
    "mailAddr": {
      "street1": "11144 Fuqua Street",
      "city": "Houston",
      "state": "TX",
      "zip": "77089",
      "country": "US"
    },
    "employee_reviews": [
      {
        "additionalRatings": [
          {}
        ],
        "source": "KUNUNU"
      }
    ]
  },
  {
    "organization_name": "J. Jerod & Associates, Inc.",
    "mailAddr": {
      "street1": "300 South Mountain Street",
      "city": "Lagrange",
      "state": "IN",
      "zip": "46761",
      "country": "US"
    },
    "employee_reviews": [
      {
        "review_rating": "4.0",
        "reviewer_designation": "Implementation Specialist (Former Employee) –  ",
        "job_location": "Appleton, WI",
        "review_date": "2019-01-02T00:00:00.000Z",
        "review_title": "Overall great place to go to work",
        "review_desc": "Easy going staff and management. Great life-work balance. Highly detailed work, enjoyed team environment. Many JJ Keller sponsored events to attend. Flex time, flex pay, many ways for the employee to learn on his or her own.",
        "pros": "Excellent work/life balance, challenging, detailed work.",
        "cons": "Conservative work views, meetings for the sake of meetings.",
        "source": "INDEED"
      },
      {
        "review_rating": "3.0",
        "reviewer_designation": "Senior Consulting Practice Manager (Former Employee) –  ",
        "job_location": "Neenah, WI",
        "review_date": "2018-12-27T00:00:00.000Z",
        "review_title": "Overall",
        "review_desc": "The company seems to want to be a great place to work, however, not every manager has the same focus as owners. Some managers, and even VP's have zero ability to lead others. It is obvious that some of these people in leadership positions have never been trained on leadership, and others have no natural ability to do so.",
        "source": "INDEED"
      },
      {
        "review_rating": "2.0",
        "reviewer_designation": "Manager (Former Employee) –  ",
        "job_location": "Neenah, WI",
        "review_date": "2018-12-10T00:00:00.000Z",
        "review_title": "Not who they appear to be",
        "review_desc": "Overall, a family owned operation that is very internally political with regards to promotions and/or not having a way to protect your own job from a supervisor who is threatened by who you are because you are better than he/she is.",
        "pros": "Benefits",
        "cons": "Reporting structure",
        "source": "INDEED"
      },
      {
        "review_rating": "2.0",
        "reviewer_designation": "Account Manager (Former Employee) –  ",
        "job_location": "Neenah, WI",
        "review_date": "2018-10-30T00:00:00.000Z",
        "review_title": "Inside Sales, easy sales job",
        "review_desc": "Keller Online was an inside sales job. Very easy sales job. You come in, make at least 60 calls a day, saying pretty much the same thing every time. Personally It was not my ideal job. I found this way to easy, and reached my cap commissions in 30 calls. I left to find a more challenging job. But others found this a perfect place to work.",
        "source": "INDEED"
      },
      {
        "review_rating": "3.0",
        "reviewer_designation": "Graphic Design Technician (Former Employee) –  ",
        "job_location": "Neenah, WI",
        "review_date": "2018-10-21T00:00:00.000Z",
        "review_title": "A company I thought I was going to spend my entire career with",
        "review_desc": "I didn't appreciate how my time with the company ended or how it was handled, but before that I can say I enjoyed my time spent with the company. I guess these are just the times that we live in that it really doesn't matter if you conduct yourself as a model employee and produce actual deliverables, if the company wants to make a change, your position still isn't safe. It's sad that will end up being my biggest take-away from working for this company.",
        "source": "INDEED"
      },
      {
        "review_rating": "5.0",
        "reviewer_designation": "Regulatory Advisor - DOT Authority (Current Employee) –  ",
        "job_location": "Neenah, WI",
        "review_date": "2018-09-27T00:00:00.000Z",
        "review_title": "Solid place to work",
        "review_desc": "Healthy work culture, great work life balance, job security, and room for advancement, but a lot of typical corporate fluff you see with a big companies, and below average salaries. Sales are cut throat and turn & burn.",
        "pros": "Great work life balance, job security, reasonable expectations, room for advancement",
        "cons": "Corporate culture, below average salaries, cuthroat sales",
        "source": "INDEED"
      },
      {
        "review_rating": "3.0",
        "reviewer_designation": "Non-sales employee (Former Employee) –  ",
        "job_location": "Fox Valley, WI",
        "review_date": "2018-09-26T00:00:00.000Z",
        "review_title": "Office workplace where seniority is priority",
        "review_desc": "Outside of sales roles, this company values who you know and how long you've worked there over just about everything else, including performance and potential. Career advancement is very political in nature. Sales departments are put on a pedestal and can do no wrong, everyone else is there to prop up the sales team. Would have said something about stability within the company but they've been doing layoffs lately, so that doesn't apply.",
        "pros": "Flexible work schedules in some roles",
        "cons": "Limited earning potential for those outside of sales postions, office politics are very real",
        "source": "INDEED"
      },
      {
        "review_rating": "2.0",
        "reviewer_designation": "Associate (Current Employee) –  ",
        "job_location": "Neenah, WI",
        "review_date": "2018-09-15T00:00:00.000Z",
        "review_title": "Challenging",
        "review_desc": "Challenging work environment. Family-owned business on 2nd, 3rd-generation CEO. Much change and uncertainty about the company's future. Significant workplace challenges, fear, and low morale due to perpetual organizational changes made without basic understanding of roles and key business functions. Growing numbers of frustrated and insecure associates. Some key high-ranking leaders in roles without the appropriate temperament to lead and/or relevant business function experience.",
        "pros": "Benefits package",
        "cons": "Workplace culture; lack of strategic vision",
        "source": "INDEED"
      },
      {
        "review_rating": "4.0",
        "reviewer_designation": "Customer Service Representative (Current Employee) –  ",
        "job_location": "Neenah, WI",
        "review_date": "2018-09-10T00:00:00.000Z",
        "review_title": "Good place to work",
        "review_desc": "3rd generation family management is committed to growing the business. Technology center unfortunately determines priority of what gets worked on, which holds the company back.",
        "pros": "Work life balance",
        "cons": "Little bit of backstabbing culture",
        "source": "INDEED"
      },
      {
        "review_rating": "1.0",
        "reviewer_designation": "Associate Account Rep (Former Employee) –  ",
        "job_location": "Neenah, WI",
        "review_date": "2018-09-05T00:00:00.000Z",
        "review_title": "Not a Fan",
        "review_desc": "All talk no help. Threw you out to the wolves to fend for yourself. I would never recommend anyone to work for this company. Anyone who has worked their in the past would say the same.",
        "source": "INDEED"
      },
      {
        "review_rating": "3.0",
        "reviewer_designation": "CLIENT SERVICE SPECIALIST-III (Current Employee) –  ",
        "job_location": "Neenah, WI",
        "review_date": "2018-08-29T00:00:00.000Z",
        "review_title": "A good starting point.",
        "review_desc": "JJ Keller is a good starting point, but if you hope to advance and build your career, it is difficult with few opportunities. The healthcare benefits really do make a nice addition though.",
        "pros": "Great bennefits",
        "cons": "Horrible management/hiring decisions",
        "source": "INDEED"
      },
      {
        "review_rating": "4.0",
        "reviewer_designation": "Customer Service (Former Employee) –  ",
        "job_location": "Neenah, WI",
        "review_date": "2018-08-21T00:00:00.000Z",
        "review_title": "productive",
        "review_desc": "It was a nice place to work at, everyone there was very helpful and the mangers were hands on. Their hours were flexible as well which made it easy to take time off for doctors appointments and things of that nature.",
        "source": "INDEED"
      },
      {
        "review_rating": "4.0",
        "reviewer_designation": "Customer Service Representative (Former Employee) –  ",
        "job_location": "Appleton, WI",
        "review_date": "2018-08-13T00:00:00.000Z",
        "review_title": "Na",
        "review_desc": "Took incoming calls from truck drivers about their E-Logs. Troubleshoot with the drivers and assisted the administrators with Encompass which is the program that is used to store the login.",
        "source": "INDEED"
      },
      {
        "review_rating": "1.0",
        "reviewer_designation": "Key Holder/Sales Associate (Former Employee) –  ",
        "job_location": "Milwaukee",
        "review_date": "2018-08-11T00:00:00.000Z",
        "review_title": "Not a diverse environment",
        "review_desc": "The concept that is used is very antiquated. The management is not very open to ideas or opinions. The changes made often never come with a clear explanation. Once your done with training that's pretty much the end of the smiles. The one thing I didn't care for, was the LACK of diversity.",
        "source": "INDEED"
      },
      {
        "review_rating": "4.0",
        "reviewer_designation": "Customer care specialist (Current Employee) –  ",
        "job_location": "Appleton, WI",
        "review_date": "2018-08-01T00:00:00.000Z",
        "review_title": "Slow placed with abstract managment",
        "review_desc": "I think JJ Keller is a great company to work for. the jobs i have had are lead generation specialist and a customer service specialist. Each job had its perks (usually along the lines of bonuses) however the pace is slow and management expectations are all over the board. they make new objectives clear however there are few consequences when expectations are not met.",
        "source": "INDEED"
      },
      {
        "review_rating": "5.0",
        "reviewer_designation": "Services Credit Assistant (Current Employee) –  ",
        "job_location": "Neenah, WI",
        "review_date": "2018-07-20T00:00:00.000Z",
        "review_title": "I assist clients with receiving monthly service invoices",
        "review_desc": "I have had a great opportunity to learn and achieve success at JJ Keller. It is a GREAT PLACE TO WORK which is why the company earned The GREAT PLACE TO WORK AWARD!",
        "pros": "Canteen onsite with many food options",
        "source": "INDEED"
      },
      {
        "review_rating": "1.0",
        "reviewer_designation": "Sales Representative (Former Employee) –  ",
        "job_location": "Neenah, WI",
        "review_date": "2018-07-03T00:00:00.000Z",
        "review_title": "3rd Generation Company",
        "review_desc": "It's not the company it ounce was. Company now only cares about profits and not the associates. Ethics of company very poor. Outsourcing and constant restructuring leaves much to be desired for job security.",
        "pros": "Good products",
        "cons": "Poor management",
        "source": "INDEED"
      },
      {
        "review_rating": "1.0",
        "reviewer_designation": "Inside Sales Account Manager (Former Employee) –  ",
        "job_location": "Neenah, WI",
        "review_date": "2018-06-21T00:00:00.000Z",
        "review_title": "Boring",
        "review_desc": "If you area an experienced sales professional looking for compensation, steady book of business to develop, and fast paced environment DONT COME HERE. By the time you got through evaluating your book of business, it is gone. The health insurance costs to cover a family is ridiculously high, Middle Level Management to say the least my toddler could do a better job. If you want a desk job and join the good ole boys club, join this team. You will not learn ANY sales strategies or grow as a salesman with this company. The only thing they are good at is selling compliance books. This is not a sales organization.",
        "pros": "could do this job hung over",
        "cons": "everything else",
        "source": "INDEED"
      },
      {
        "review_rating": "5.0",
        "reviewer_designation": "National Account Representative (Current Employee) –  ",
        "job_location": "Neenah, WI",
        "review_date": "2018-06-18T00:00:00.000Z",
        "review_title": "Great Place to Work Mixing Work Life Balance",
        "review_desc": "You will receive some of the best training at J. J. Keller & Associates which combines strong educational opportunities throughout your career. It is truly a learning environment with a strong culture on sales. As a sales person you are selling at high margins which increases your commission and bonus opportunities.",
        "pros": "Great benefits, onsite health-clinic and great workout center.",
        "cons": "Cube environment.",
        "source": "INDEED"
      },
      {
        "review_rating": "5.0",
        "reviewer_designation": "Associate Account Representative (Current Employee) –  ",
        "job_location": "Neenah, WI",
        "review_date": "2018-06-03T00:00:00.000Z",
        "review_title": "Great place to work",
        "review_desc": "Great place to work. Company has great work/life balance. Onsite gym and cafe help cut costs. Training is extensive. Great place to work overall. I was happy",
        "source": "INDEED"
      },
      {
        "review_rating": "3.0",
        "reviewer_designation": "Sale Enablement Training Team Leader (Current Employee) –  ",
        "job_location": "Neenah, WI",
        "review_date": "2018-05-29T00:00:00.000Z",
        "review_title": "Good Company - Old Roots",
        "review_desc": "JJ Keller & Associates is a strong company. Depending on what team you are on, you will have a different experience. Long-timers in Management do not always share the necessary information for the new people. It is a \"you don't ask I won't tell\" mentality. As a new person - you don't know what to ask. The company has \"silos' and communication is very lacking between. Which results in work being duplicated across the company.",
        "pros": "The products and services of the company is very valuable",
        "cons": "Long-time associates do not communicate well with newer ones.",
        "source": "INDEED"
      },
      {
        "additionalRatings": [
          {}
        ],
        "source": "KUNUNU"
      }
    ]
  },
  {
    "organization_name": "AGP Dakota Owner, LLC",
    "mailAddr": {
      "street1": "1818 Old Ranch Road 12",
      "city": "San Marcos",
      "state": "TX",
      "zip": "78666",
      "country": "US"
    },
    "employee_reviews": [
      {
        "additionalRatings": [
          {}
        ],
        "source": "KUNUNU"
      }
    ]
  },
  {
    "organization_name": "Austin Capital Advisors LLC",
    "mailAddr": {
      "street1": "1711 Rutland Drive",
      "city": "Austin",
      "state": "TX",
      "zip": "78758",
      "country": "US"
    },
    "employee_reviews": [
      {
        "additionalRatings": [
          {}
        ],
        "source": "KUNUNU"
      }
    ]
  },
  {
    "organization_name": "Homeowners Association of Richardson & Lake Park Estates, Inc.",
    "mailAddr": {
      "street1": "1250 Jonsson Drive",
      "city": "Richardson",
      "state": "TX",
      "zip": "75080",
      "country": "US"
    },
    "employee_reviews": [
      {
        "additionalRatings": [
          {}
        ],
        "source": "KUNUNU"
      }
    ]
  },
  {
    "organization_name": "St. Thomas Properties, LLC",
    "mailAddr": {
      "street1": "12401 N. 15th Street",
      "city": "Tampa",
      "state": "FL",
      "zip": "33612",
      "country": "US"
    },
    "employee_reviews": [
      {
        "additionalRatings": [
          {}
        ],
        "source": "KUNUNU"
      }
    ]
  },
  {
    "organization_name": "Trellis 264, LLC",
    "mailAddr": {
      "street1": "8160 County Road 64",
      "city": "Daphne",
      "state": "AL",
      "zip": "36526",
      "country": "US"
    },
    "employee_reviews": [
      {
        "additionalRatings": [
          {}
        ],
        "source": "KUNUNU"
      }
    ]
  },
  {
    "organization_name": "Gulfcrest Condominium Assn Inc",
    "mailAddr": {
      "street1": "8715 Surf Drive",
      "city": "Panama City",
      "state": "FL",
      "zip": "32408",
      "country": "US"
    },
    "employee_reviews": [
      {
        "additionalRatings": [
          {}
        ],
        "source": "KUNUNU"
      }
    ]
  },
  {
    "organization_name": "North 46th Properties, LLC",
    "mailAddr": {
      "street1": "101 North 46th Street",
      "city": "Seattle",
      "state": "WA",
      "zip": "98103",
      "country": "US"
    },
    "employee_reviews": [
      {
        "additionalRatings": [
          {}
        ],
        "source": "KUNUNU"
      }
    ]
  },
  {
    "organization_name": "Hill Realty",
    "mailAddr": {
      "street1": "1129 Warm Springs Highway",
      "city": "Manchester",
      "state": "GA",
      "zip": "31816",
      "country": "US"
    },
    "employee_reviews": [
      {
        "additionalRatings": [
          {}
        ],
        "source": "KUNUNU"
      }
    ]
  },
  {
    "organization_name": "Oak Leaf Management Company, Inc",
    "mailAddr": {
      "street1": "1900 Wickchester Lane",
      "city": "Houston",
      "state": "TX",
      "zip": "77043",
      "country": "US"
    },
    "employee_reviews": [
      {
        "review_rating": "4.0",
        "reviewer_designation": "Property Manager (Current Employee) –  ",
        "job_location": "Houston, TX",
        "review_date": "2018-12-29T00:00:00.000Z",
        "review_title": "Professional Relationships",
        "review_desc": "Overall it has been a pleasure working for Oak Leaf Management. They are very much in creating professional relationships with employees and vendors. d",
        "pros": "Health Benefits, 401k, Paid Vacation",
        "cons": "no real structure on property operations, no opportunity to learn more of property management.",
        "source": "INDEED"
      },
      {
        "review_rating": "4.0",
        "reviewer_designation": "Maintenance (Current Employee) –  ",
        "job_location": "Houston, TX",
        "review_date": "2018-03-02T00:00:00.000Z",
        "review_title": "Fun and enjoyable environment",
        "review_desc": "Great place to work. Overtime is available. Management is good. it can be relaxed but it can become quick paced on certain days. All in all i would recommend.",
        "source": "INDEED"
      },
      {
        "review_rating": "5.0",
        "reviewer_designation": "Property Manager (Former Employee) –  ",
        "job_location": "Houston, TX",
        "review_date": "2017-01-30T00:00:00.000Z",
        "review_title": "Great company",
        "review_desc": "I very much enjoyed working with Oakleaf. I have worked with this company several times in my career. Unfortunately properties have sold I worked for in the pass. They have a great corporate statement and vision for their investors and care about their communities. I have had the pleasure of managing properties ftom 120 units to 500 plus units.",
        "pros": "Great people and benefits",
        "cons": "Properties sell",
        "source": "INDEED"
      },
      {
        "review_rating": "5.0",
        "reviewer_designation": "Leasing Professional (Former Employee) –  ",
        "job_location": "Kingwood, TX",
        "review_date": "2016-07-09T00:00:00.000Z",
        "review_title": "great company",
        "review_desc": "great company I answered phones. I helped out a resident or helped out someone who was looking into renting an apartment. I dealt with money when it was time to turn in all the money we got from the residence when they pay rent. I use the computer a lot different software",
        "pros": "great coworkers",
        "cons": "get a lot of rude residence",
        "source": "INDEED"
      },
      {
        "review_rating": "2.0",
        "reviewer_designation": "Senior Leasing Associate (Current Employee) –  ",
        "job_location": "Houston, TX",
        "review_date": "2014-12-17T00:00:00.000Z",
        "review_title": "Easy going laid back enviornment",
        "review_desc": "Good place overall Not enough product. Do not have enough systems in place to produce at a high level",
        "pros": "Birthday lunches",
        "cons": "healthcare expensive",
        "source": "INDEED"
      },
      {
        "review_rating": "5.0",
        "reviewer_designation": "Apartment Leasing Agent (Current Employee) –  ",
        "job_location": "Houston, Tx",
        "review_date": "2014-01-28T00:00:00.000Z",
        "review_title": "N/a",
        "review_desc": "Part of my success is because I place a high value on personal integrity and represent both my employer and myself in an ethical and respectable manner. Also, I have a diligence in paying close attention to detail; as a representative of your company I would bring focus not only to the value of your services but also to quality of customer service. Furthermore, I am a hard, smart-working, self-starter who works well in a team environment.",
        "pros": "N/a",
        "cons": "N/a",
        "source": "INDEED"
      },
      {
        "review_rating": "3.0",
        "reviewer_designation": "maintenance (Current Employee) –  ",
        "job_location": "texas",
        "review_date": "2013-12-09T00:00:00.000Z",
        "review_title": "Great staff to work with",
        "review_desc": "I work with a great staff but overall the corporation gives nothing back to the lower ranked employees",
        "cons": "no paid benefits, no raises",
        "source": "INDEED"
      },
      {
        "review_rating": "4.0",
        "reviewer_designation": "Leasing Specialist (Former Employee) –  ",
        "job_location": "Humble, TX",
        "review_date": "2012-04-10T00:00:00.000Z",
        "review_title": "Best place for me to be in school",
        "review_desc": "I loved my job at the apartments, when I was doing everything administrative. I loved doing reports and collecting rents and making sure the apartments were ready. My favorite part was my residents. I had really good residents.",
        "pros": "a lot of things to learn, good pay, able to work around school",
        "cons": "higher management",
        "source": "INDEED"
      },
      {
        "additionalRatings": [
          {}
        ],
        "source": "KUNUNU"
      }
    ]
  },
  {
    "organization_name": "Stratford Management",
    "mailAddr": {
      "street1": "3010 SW 23rd Terrace",
      "city": "Gainesville",
      "state": "FL",
      "zip": "32608",
      "country": "US"
    },
    "employee_reviews": [
      {
        "review_rating": "4.0",
        "reviewer_designation": "Assistant Manager (Former Employee) –  ",
        "job_location": "Tucson, AZ",
        "review_date": "2018-08-01T00:00:00.000Z",
        "review_title": "Productive",
        "review_desc": "Great company to work for. Good schedule and nice people. Work steady and always something to do at all times to make the day go by as smooth as possible",
        "source": "INDEED"
      },
      {
        "review_rating": "4.0",
        "reviewer_designation": "Marketing Manager (Former Employee) –  ",
        "job_location": "Tucson, AZ",
        "review_date": "2014-07-23T00:00:00.000Z",
        "review_title": "Good company to work for.",
        "review_desc": "Family friendly job culture with some flex time (depending on position). Great atmosphere. Average compensation. Not much room for adavancement.",
        "pros": "Family friendly, supportive job culture.",
        "cons": "Not much room for advancement.",
        "source": "INDEED"
      },
      {
        "additionalRatings": [
          {}
        ],
        "source": "KUNUNU"
      }
    ]
  },
  {
    "organization_name": "Motor City Rising, LLC",
    "mailAddr": {
      "street1": "16897-99 Santa Rosa Drive",
      "city": "Detroit",
      "state": "MI",
      "zip": "48221",
      "country": "US"
    },
    "employee_reviews": [
      {
        "reviewer_designation": "Current Employee - Utility",
        "review_description": "I have been working at Motor City Casino part-time (Less than a year)",
        "review_title": "\"Great place to work\"",
        "pros": "Great environment to work. Simply the best!",
        "cons": "None for me everything is going good.",
        "advice_to_management": "Keep up the good work",
        "source": "GLASSDOOR"
      },
      {
        "additionalRatings": [
          {}
        ],
        "source": "KUNUNU"
      }
    ]
  },
  {
    "organization_name": "IMS Management, LLC",
    "mailAddr": {
      "street1": "350 Rucker Lane",
      "city": "Statesboro",
      "state": "GA",
      "zip": "30458",
      "country": "US"
    },
    "employee_reviews": [
      {
        "reviewer_designation": "Former Employee - Leasing Agent",
        "review_description": "I worked at IMS Management part-time (More than 3 years)",
        "review_title": "\"First company taught me so much!\"",
        "pros": "They really care about their staff and they believe in treating them well. Even as a part-time leasing agent I always felt in the loop and appreciated.",
        "cons": "Company is small, which is a great thing really, however new companies always have to make mistakes to learn for the future.",
        "advice_to_management": "Keep up the good work and don't get too corporate.",
        "source": "GLASSDOOR"
      },
      {
        "additionalRatings": [
          {}
        ],
        "source": "KUNUNU"
      }
    ]
  },
  {
    "organization_name": "Roxborough II at the Crossings HOA Inc.",
    "mailAddr": {
      "street1": "1111-11118 Pimlico Drive",
      "city": "Charlotte",
      "state": "NC",
      "zip": "28273",
      "country": "US"
    },
    "employee_reviews": [
      {
        "additionalRatings": [
          {}
        ],
        "source": "KUNUNU"
      }
    ]
  },
  {
    "organization_name": "Bayshore Towers Condominium Owners' Association, Inc.",
    "mailAddr": {
      "street1": "28250 Canal Road",
      "city": "Orange Beach",
      "state": "AL",
      "zip": "36561",
      "country": "US"
    },
    "employee_reviews": [
      {
        "additionalRatings": [
          {}
        ],
        "source": "KUNUNU"
      }
    ]
  },
  {
    "organization_name": "Rosedale Townhouse Condominium",
    "mailAddr": {
      "street1": "258-02-10 149th Road",
      "city": "Rosedale",
      "state": "NY",
      "zip": "11422",
      "country": "US"
    },
    "employee_reviews": [
      {
        "additionalRatings": [
          {}
        ],
        "source": "KUNUNU"
      }
    ]
  },
  {
    "organization_name": "1935 W Linden DE, LLC",
    "mailAddr": {
      "street1": "3738 Harrison Street",
      "city": "Riverside",
      "state": "CA",
      "zip": "92503",
      "country": "US"
    },
    "employee_reviews": [
      {
        "additionalRatings": [
          {}
        ],
        "source": "KUNUNU"
      }
    ]
  },
  {
    "organization_name": "Columbia, L.P.",
    "mailAddr": {
      "street1": "108 Willow Street",
      "city": "Columbia",
      "state": "TN",
      "zip": "38401",
      "country": "US"
    },
    "employee_reviews": [
      {
        "additionalRatings": [
          {}
        ],
        "source": "KUNUNU"
      }
    ]
  },
  {
    "organization_name": "139 Ludlow Acquisition LLC",
    "mailAddr": {
      "street1": "139 Ludlow Street",
      "city": "New York",
      "state": "NY",
      "zip": "10002",
      "country": "US"
    },
    "employee_reviews": [
      {
        "additionalRatings": [
          {}
        ],
        "source": "KUNUNU"
      }
    ]
  },
  {
    "organization_name": "Bach Cantata, LLC",
    "mailAddr": {
      "street1": "3200 Shrine Park Road",
      "city": "Leavenworth",
      "state": "KS",
      "zip": "66048",
      "country": "US"
    },
    "employee_reviews": [
      {
        "additionalRatings": [
          {}
        ],
        "source": "KUNUNU"
      }
    ]
  },
  {
    "organization_name": "BY & EY Realty Management Corp.",
    "mailAddr": {
      "street1": "624-630 West 7th Street",
      "city": "Plainfield",
      "state": "NJ",
      "zip": "07060",
      "country": "US"
    },
    "employee_reviews": [
      {
        "additionalRatings": [
          {}
        ],
        "source": "KUNUNU"
      }
    ]
  },
  {
    "organization_name": "Citimark Realty Partners, LLC",
    "mailAddr": {
      "street1": "5025 North Royal Atlanta Drive",
      "city": "Tucker",
      "state": "GA",
      "zip": "30084",
      "country": "US"
    },
    "employee_reviews": [
      {
        "additionalRatings": [
          {}
        ],
        "source": "KUNUNU"
      }
    ]
  },
  {
    "organization_name": "Third Century Development Corp.",
    "mailAddr": {
      "street1": "411, 421, 431 Northeast 12th Avenue",
      "city": "Homestead",
      "state": "FL",
      "zip": "33030",
      "country": "US"
    },
    "employee_reviews": [
      {
        "additionalRatings": [
          {}
        ],
        "source": "KUNUNU"
      }
    ]
  },
  {
    "organization_name": "EG USA SOCO, LLC",
    "mailAddr": {
      "street1": "807 West Lynn Street",
      "city": "Austin",
      "state": "TX",
      "zip": "78703",
      "country": "US"
    },
    "employee_reviews": [
      {
        "additionalRatings": [
          {}
        ],
        "source": "KUNUNU"
      }
    ]
  },
  {
    "organization_name": "La Jolla MJ Management, LLC",
    "mailAddr": {
      "street1": "658-420-030-2",
      "city": "Murrieta",
      "state": "CA",
      "zip": "92562",
      "country": "US"
    },
    "employee_reviews": [
      {
        "source": "GLASSDOOR"
      },
      {
        "additionalRatings": [
          {}
        ],
        "source": "KUNUNU"
      }
    ]
  },
  {
    "organization_name": "Ilari Realty Inc",
    "mailAddr": {
      "street1": "498 Van Cortlandt Park Avenue",
      "city": "Yonkers",
      "state": "NY",
      "zip": "10705",
      "country": "US"
    },
    "employee_reviews": [
      {
        "additionalRatings": [
          {}
        ],
        "source": "KUNUNU"
      }
    ]
  },
  {
    "organization_name": "Kaufman Pebble Creek, LLC",
    "mailAddr": {
      "street1": "7001 E. Golf Links Road",
      "city": "Tucson",
      "state": "AZ",
      "zip": "85701",
      "country": "US"
    },
    "employee_reviews": [
      {
        "additionalRatings": [
          {}
        ],
        "source": "KUNUNU"
      }
    ]
  },
  {
    "organization_name": "Grove Affordable Housing LLC",
    "mailAddr": {
      "street1": "205 Lynn Lane",
      "city": "Starkville",
      "state": "MS",
      "zip": "39759",
      "country": "US"
    },
    "employee_reviews": [
      {
        "additionalRatings": [
          {}
        ],
        "source": "KUNUNU"
      }
    ]
  },
  {
    "organization_name": "Liberty First Holding, LLC",
    "mailAddr": {
      "street1": "1745 West Diamond Street",
      "city": "Philadelphia",
      "state": "PA",
      "zip": "19121",
      "country": "US"
    },
    "employee_reviews": [
      {
        "additionalRatings": [
          {}
        ],
        "source": "KUNUNU"
      }
    ]
  },
  {
    "organization_name": "73 Empire Development LLC",
    "mailAddr": {
      "street1": "73-97 Empire Boulevard",
      "city": "Brooklyn",
      "state": "NY",
      "zip": "11225",
      "country": "US"
    },
    "employee_reviews": [
      {
        "additionalRatings": [
          {}
        ],
        "source": "KUNUNU"
      }
    ]
  },
  {
    "organization_name": "6500 Selvitz, Inc.",
    "mailAddr": {
      "street1": "6500 Selvitz Road",
      "city": "Port Saint Lucie",
      "state": "FL",
      "zip": "34983",
      "country": "US"
    },
    "employee_reviews": [
      {
        "additionalRatings": [
          {}
        ],
        "source": "KUNUNU"
      }
    ]
  },
  {
    "organization_name": "9407 Westheimer Property, LLC",
    "mailAddr": {
      "street1": "9407 Westheimer Road",
      "city": "Houston",
      "state": "TX",
      "zip": "77063",
      "country": "US"
    },
    "employee_reviews": [
      {
        "additionalRatings": [
          {}
        ],
        "source": "KUNUNU"
      }
    ]
  },
  {
    "organization_name": "Tegeler Hotel Investors",
    "mailAddr": {
      "street1": "1908 H Street",
      "city": "Bakersfield",
      "state": "CA",
      "zip": "93301",
      "country": "US"
    },
    "employee_reviews": [
      {
        "additionalRatings": [
          {}
        ],
        "source": "KUNUNU"
      }
    ]
  },
  {
    "organization_name": "The Ford Building, LLC",
    "mailAddr": {
      "street1": "4150 Ford Street",
      "city": "Fort Myers",
      "state": "FL",
      "zip": "33916",
      "country": "US"
    },
    "employee_reviews": [
      {
        "additionalRatings": [
          {}
        ],
        "source": "KUNUNU"
      }
    ]
  },
  {
    "organization_name": "CRES Management, LLC",
    "mailAddr": {
      "street1": "6801 West 138th Terrace",
      "city": "Overland Park",
      "state": "KS",
      "zip": "66223",
      "country": "US"
    },
    "employee_reviews": [
      {
        "review_rating": "5.0",
        "reviewer_designation": "PROPERTY MANAGER (Former Employee) –  ",
        "job_location": "Katy, TX",
        "review_date": "2018-08-17T00:00:00.000Z",
        "review_title": "Awesome Company",
        "review_desc": "When you work for CRES, you are't just an employee. You are part of their family and this is why I loved working for Jim and Teresa Lippert. I highly recommend this company to anyone looking for being more than just a number.",
        "pros": "Great benefits, great leadership and great values",
        "source": "INDEED"
      },
      {
        "review_rating": "3.0",
        "reviewer_designation": "Assistant Property Manager (Current Employee) –  ",
        "job_location": "Kansas City, MO",
        "review_date": "2017-10-04T00:00:00.000Z",
        "review_title": "Assistant Manager",
        "review_desc": "Typical administrative tasks, Management depends on the property, some are better than others. The company culture is very family oriented, you can reach out to regional for help without fear. The hardest part of the job is balancing leasing with assistant duties and leasing turn over is high. Most enjoyable part of the job is the selling well maintained and beautiful apartment homes.",
        "pros": "pay, benefits, hours",
        "cons": "Poor Management, high turn over",
        "source": "INDEED"
      },
      {
        "review_rating": "5.0",
        "reviewer_designation": "Human Resources Director/Bookkeeper (Current Employee) –  ",
        "job_location": "Kansas City, MO",
        "review_date": "2017-09-22T00:00:00.000Z",
        "review_title": "Great Place",
        "review_desc": "They have outsourced my position. I would have stayed but there is a change in leadership. It's been a great run and they are giving me three months' notice.",
        "source": "INDEED"
      },
      {
        "review_rating": "5.0",
        "reviewer_designation": "Maintance Worker, Housekeeping supervisor (Current Employee) –  ",
        "job_location": "Houston, TX",
        "review_date": "2017-02-02T00:00:00.000Z",
        "review_title": "Excellent employers and staff to work for and alongside",
        "review_desc": "I thoroughly enjoyed working for CRES Management and their staff. I did not like having to work both night and day shifts and I did not get any raises in 11 years. I worked very very hard.",
        "pros": "The staff",
        "cons": "Had to work both night and day shifts with no raises",
        "source": "INDEED"
      },
      {
        "additionalRatings": [
          {}
        ],
        "source": "KUNUNU"
      }
    ]
  },
  {
    "organization_name": "EMI Lexington Holdings, LLC",
    "mailAddr": {
      "street1": "243, 260, 265 East Reynolds Rd",
      "city": "Lexington",
      "state": "KY",
      "zip": "40517",
      "country": "US"
    },
    "employee_reviews": [
      {
        "additionalRatings": [
          {}
        ],
        "source": "KUNUNU"
      }
    ]
  },
  {
    "organization_name": "Whisper Lake Condominium Association",
    "mailAddr": {
      "street1": "3804 North Lake Drive",
      "city": "Tampa",
      "state": "FL",
      "zip": "33614",
      "country": "US"
    },
    "employee_reviews": [
      {
        "additionalRatings": [
          {}
        ],
        "source": "KUNUNU"
      }
    ]
  },
  {
    "organization_name": "Central Park West LLC",
    "mailAddr": {
      "street1": "1511 Utica Ave S.",
      "city": "Saint Louis Park",
      "state": "MN",
      "zip": "55416",
      "country": "US"
    },
    "employee_reviews": [
      {
        "source": "GLASSDOOR"
      },
      {
        "reviewer_designation": "Current Employee - Anonymous Employee",
        "review_description": "I have been working at Central Park West Dentistry full-time (More than 3 years)",
        "review_title": "\"EXCELLENT PLACE TO WORK\"",
        "pros": "strong team, passionate co-workers, breaking down barriers and doing things that have never been done before.",
        "cons": "none really, every day management is trying to improve on their current policies and always envisioning ways to get better.",
        "source": "GLASSDOOR"
      },
      {
        "review_rating": "5.0",
        "reviewer_designation": "Security/Doorman (Former Employee) –  ",
        "job_location": "New York, NY",
        "review_date": "2016-09-20T00:00:00.000Z",
        "review_title": "great work place",
        "review_desc": "Worked along with clients and design team to negotiate pricing of Advertisement signs Organized orders for shipment throughout North America Maintained inventory of products in Miami warehouse Aided in the installation of signs produced",
        "source": "INDEED"
      },
      {
        "review_rating": "3.0",
        "reviewer_designation": "Doorman (Former Employee) –  ",
        "job_location": "New York, NY",
        "review_date": "2014-12-04T00:00:00.000Z",
        "review_title": "Good company",
        "review_desc": "This was a good company to work for. The pay and benefits were very good. The co workers were good people as well. If you are will to be on your feet for 8 to 9 hours then this is a good job. Would have loved to stay on as a permanent employee.",
        "source": "INDEED"
      },
      {
        "review_rating": "3.0",
        "reviewer_designation": "Designer (Former Employee) –  ",
        "job_location": "New York, NY",
        "review_date": "2012-07-14T00:00:00.000Z",
        "review_title": "Well established company",
        "review_desc": "I am happy that this was my first full-time job as I learned a lot about the contemporary market. The Senior designer was fashion forward and I loved working with her. I learned a lot from her and learned how to think \"outside of the box.\" The design team as a whole, was comprised of wonderful designers, who I really got along with. The best part of the job was working with such talented people on product that I really related to and felt passionate about. The hardest part of the job was the demanding hours.",
        "pros": "working on beautiful product that i was passionate about",
        "cons": "sometimes long hours and weekends",
        "source": "INDEED"
      },
      {
        "review_rating": "5.0",
        "reviewer_designation": "Resident (Current Employee) –  ",
        "job_location": "New York, NY",
        "review_date": "2014-06-17T00:00:00.000Z",
        "review_title": "This job gives me self fulfillment because I can give my quality care.",
        "review_desc": "Day to day work is fulfilling because I can see that the resident is Happy and satisfied with my nursing car.",
        "pros": "free meals and transportation",
        "cons": "Not a full time job",
        "source": "INDEED"
      },
      {
        "review_rating": "4.0",
        "reviewer_designation": "Resident Manager at The Ardsley (Former Employee) –  ",
        "job_location": "Ny Ny 10025",
        "review_date": "2013-10-22T00:00:00.000Z",
        "review_title": "charming building to preserve and care",
        "review_desc": "observe public spaces for cleanliness and neatness, reviewed plant operations, reviewed mail operations set maintenance work orders.",
        "source": "INDEED"
      },
      {
        "additionalRatings": [
          {}
        ],
        "source": "KUNUNU"
      }
    ]
  },
  {
    "organization_name": "Wynbrooke Homeowners Association, Inc.",
    "mailAddr": {
      "street1": "Wimbledon Way",
      "city": "Murrells Inlet",
      "state": "SC",
      "zip": "29576",
      "country": "US"
    },
    "employee_reviews": [
      {
        "additionalRatings": [
          {}
        ],
        "source": "KUNUNU"
      }
    ]
  },
  {
    "organization_name": "Country Inn Properties",
    "mailAddr": {
      "street1": "10550 Lyndal Avenue",
      "city": "Bloomington",
      "state": "MN",
      "zip": "55420",
      "country": "US"
    },
    "employee_reviews": [
      {
        "additionalRatings": [
          {}
        ],
        "source": "KUNUNU"
      }
    ]
  },
  {
    "organization_name": "Woodson Park 13922, LLC",
    "mailAddr": {
      "street1": "13922 Woodson Park Dr",
      "city": "Houston",
      "state": "TX",
      "zip": "77044",
      "country": "US"
    },
    "employee_reviews": [
      {
        "additionalRatings": [
          {}
        ],
        "source": "KUNUNU"
      }
    ]
  },
  {
    "organization_name": "BH Manchester Properties LLC",
    "mailAddr": {
      "street1": "1920 to 1934 Noe Bixby Road",
      "city": "Columbus",
      "state": "OH",
      "zip": "43232",
      "country": "US"
    },
    "employee_reviews": [
      {
        "additionalRatings": [
          {}
        ],
        "source": "KUNUNU"
      }
    ]
  }
]
