[
  {
    "organization_name": "University Management, Inc.",
    "mailAddr": {
      "street1": "200-748 Golden Harvest Circle",
      "city": "Blacksburg",
      "state": "VA",
      "zip": "24060",
      "country": "US"
    },
    "employee_reviews": [
      {
        "reviewer_designation": "Current Employee - Server",
        "review_description": "I have been working at University Management part-time (More than 5 years)",
        "review_title": "\"Awesome Company\"",
        "pros": "Great staff and a lot of support on training. Management is very close knit with employees.",
        "cons": "Sometimes people stink, but you can't help how people act.",
        "source": "GLASSDOOR"
      },
      {
        "additionalRatings": [
          {}
        ],
        "source": "KUNUNU"
      }
    ]
  },
  {
    "organization_name": "Tipton Asset Group, Inc.",
    "mailAddr": {
      "street1": "1650 Old Highway 41 Northwest",
      "city": "Kennesaw",
      "state": "GA",
      "zip": "30152",
      "country": "US"
    },
    "employee_reviews": [
      {
        "additionalRatings": [
          {}
        ],
        "source": "KUNUNU"
      }
    ]
  },
  {
    "organization_name": "The S.F. Waranch Company, Inc.",
    "mailAddr": {
      "street1": "8300 La Prada Drive",
      "city": "Dallas",
      "state": "TX",
      "zip": "75228",
      "country": "US"
    },
    "employee_reviews": [
      {
        "additionalRatings": [
          {}
        ],
        "source": "KUNUNU"
      }
    ]
  },
  {
    "organization_name": "Chandi Biswas",
    "mailAddr": {
      "street1": "1550 Helton Drive",
      "city": "Florence",
      "state": "AL",
      "zip": "35630",
      "country": "US"
    },
    "employee_reviews": [
      {
        "additionalRatings": [
          {}
        ],
        "source": "KUNUNU"
      }
    ]
  },
  {
    "organization_name": "WC 105 Main, LLC",
    "mailAddr": {
      "street1": "101 South Main Street",
      "city": "Watford City",
      "state": "ND",
      "zip": "58854",
      "country": "US"
    },
    "employee_reviews": [
      {
        "additionalRatings": [
          {}
        ],
        "source": "KUNUNU"
      }
    ]
  },
  {
    "organization_name": "Point Reyes Management, LLC",
    "mailAddr": {
      "street1": "8787 Hammerly Boulevard",
      "city": "Houston",
      "state": "TX",
      "zip": "77080",
      "country": "US"
    },
    "employee_reviews": [
      {
        "additionalRatings": [
          {}
        ],
        "source": "KUNUNU"
      }
    ]
  },
  {
    "organization_name": "GBP Santa Teresa, LLC",
    "mailAddr": {
      "street1": "150 Earhardt Way",
      "city": "Santa Teresa",
      "state": "NM",
      "zip": "88008",
      "country": "US"
    },
    "employee_reviews": [
      {
        "additionalRatings": [
          {}
        ],
        "source": "KUNUNU"
      }
    ]
  },
  {
    "organization_name": "MPC Partnership Holdings, LLC",
    "mailAddr": {
      "street1": "50 Venue Way",
      "city": "Alpharetta",
      "state": "GA",
      "zip": "30005",
      "country": "US"
    },
    "employee_reviews": [
      {
        "additionalRatings": [
          {}
        ],
        "source": "KUNUNU"
      }
    ]
  },
  {
    "organization_name": "Slidell Rentals I, LLC",
    "mailAddr": {
      "street1": "301 North Military Road",
      "city": "Slidell",
      "state": "LA",
      "zip": "70461",
      "country": "US"
    },
    "employee_reviews": [
      {
        "additionalRatings": [
          {}
        ],
        "source": "KUNUNU"
      }
    ]
  },
  {
    "organization_name": "Fonvilla Apartments Ltd",
    "mailAddr": {
      "street1": "7900 Bellaire Blvd.",
      "city": "Houston",
      "state": "TX",
      "zip": "77036",
      "country": "US"
    },
    "employee_reviews": [
      {
        "additionalRatings": [
          {}
        ],
        "source": "KUNUNU"
      }
    ]
  },
  {
    "organization_name": "Cedar Pointe Properties LLC",
    "mailAddr": {
      "street1": "710-842 South US Highway 1",
      "city": "Vero Beach",
      "state": "FL",
      "zip": "32962",
      "country": "US"
    },
    "employee_reviews": [
      {
        "additionalRatings": [
          {}
        ],
        "source": "KUNUNU"
      }
    ]
  },
  {
    "organization_name": "Slidell Rentals II, LLC",
    "mailAddr": {
      "street1": "160-168 South Military Road",
      "city": "Slidell",
      "state": "LA",
      "zip": "70461",
      "country": "US"
    },
    "employee_reviews": [
      {
        "additionalRatings": [
          {}
        ],
        "source": "KUNUNU"
      }
    ]
  },
  {
    "organization_name": "BCS Pendleton Apartments II, Ltd",
    "mailAddr": {
      "street1": "4150 Pendleton Drive",
      "city": "Bryan",
      "state": "TX",
      "zip": "77802",
      "country": "US"
    },
    "employee_reviews": [
      {
        "additionalRatings": [
          {}
        ],
        "source": "KUNUNU"
      }
    ]
  },
  {
    "organization_name": "Buena Villa Apartments, LLC",
    "mailAddr": {
      "street1": "11500 Keegan's Ridge Road",
      "city": "Houston",
      "state": "TX",
      "zip": "77031",
      "country": "US"
    },
    "employee_reviews": [
      {
        "additionalRatings": [
          {}
        ],
        "source": "KUNUNU"
      }
    ]
  },
  {
    "organization_name": "Rimmon Management, LLC",
    "mailAddr": {
      "street1": "15434 - 15512 Northwest 77th Court",
      "city": "Miami Lakes",
      "state": "FL",
      "zip": "33016",
      "country": "US"
    },
    "employee_reviews": [
      {
        "additionalRatings": [
          {}
        ],
        "source": "KUNUNU"
      }
    ]
  },
  {
    "organization_name": "Disruptive Holdings 3 LP",
    "mailAddr": {
      "street1": "5802 24th Street",
      "city": "Lubbock",
      "state": "TX",
      "zip": "79407",
      "country": "US"
    },
    "employee_reviews": [
      {
        "additionalRatings": [
          {}
        ],
        "source": "KUNUNU"
      }
    ]
  },
  {
    "organization_name": "Shirley Louie",
    "mailAddr": {
      "street1": "644 East 21st Street",
      "city": "Los Angeles",
      "state": "CA",
      "zip": "90011",
      "country": "US"
    },
    "employee_reviews": [
      {
        "additionalRatings": [
          {}
        ],
        "source": "KUNUNU"
      }
    ]
  },
  {
    "organization_name": "Fenzi Real Estate Investments, LLC",
    "mailAddr": {
      "street1": "17505-17665 Tangi Lake Drive",
      "city": "Hammond",
      "state": "LA",
      "zip": "70403",
      "country": "US"
    },
    "employee_reviews": [
      {
        "additionalRatings": [
          {}
        ],
        "source": "KUNUNU"
      }
    ]
  },
  {
    "organization_name": "Sunridge Partners, LLC",
    "mailAddr": {
      "street1": "3900 East 12th Street",
      "city": "Casper",
      "state": "WY",
      "zip": "82609",
      "country": "US"
    },
    "employee_reviews": [
      {
        "additionalRatings": [
          {}
        ],
        "source": "KUNUNU"
      }
    ]
  },
  {
    "organization_name": "Iron Bridge Constructors, Inc.",
    "mailAddr": {
      "street1": "688 Nassau Street",
      "city": "New Brunswick",
      "state": "NJ",
      "zip": "08902",
      "country": "US"
    },
    "employee_reviews": [
      {
        "source": "GLASSDOOR"
      },
      {
        "additionalRatings": [
          {}
        ],
        "source": "KUNUNU"
      }
    ]
  },
  {
    "organization_name": "MYP Southbridge LLC",
    "mailAddr": {
      "street1": "2000, 2100 Southbridge Parkway",
      "city": "Birmingham",
      "state": "AL",
      "zip": "35209",
      "country": "US"
    },
    "employee_reviews": [
      {
        "additionalRatings": [
          {}
        ],
        "source": "KUNUNU"
      }
    ]
  },
  {
    "organization_name": "East Main Street Ventures of NY LLC",
    "mailAddr": {
      "street1": "293 East Main Street",
      "city": "Patchogue",
      "state": "NY",
      "zip": "11772",
      "country": "US"
    },
    "employee_reviews": [
      {
        "review_rating": "3.0",
        "reviewer_designation": "McDonalds Crew Member (Former Employee) –  ",
        "job_location": "United states",
        "review_date": "2018-08-13T00:00:00.000Z",
        "review_title": "Its a descent place when a job is needes",
        "review_desc": "McDonalds isn't bad at all . The pay just won't get you where you need to be . When I was working there I brought so much positivity in this environment the busier they get the frustrated they get and it brings attitudes & bad vibes. I stay postivie & positivity stays with me .",
        "source": "INDEED"
      },
      {
        "review_rating": "1.0",
        "reviewer_designation": "Director of Plant Operations (Former Employee) –  ",
        "job_location": "Peekskill, NY 10566",
        "review_date": "2018-10-18T00:00:00.000Z",
        "review_title": "the most enjoyable part of the job",
        "review_desc": "I enjoy talking with the resident to keep then happy because that they home, so a warm good morning and afternoon and good night that and a little chat always put a grate big smile on they face.",
        "source": "INDEED"
      },
      {
        "review_rating": "4.0",
        "reviewer_designation": "ABM Valet Southside Hospital (Former Employee) –  ",
        "job_location": "Bay Shore, NY 11706",
        "review_date": "2018-06-30T00:00:00.000Z",
        "review_title": "fun place",
        "review_desc": "fast pace work environment and get to interact with many people. People are very friendly and for the most part the hours are very flexible. hardest part of the job is working in the sun",
        "source": "INDEED"
      },
      {
        "review_rating": "5.0",
        "reviewer_designation": "Grill Cook (Former Employee) –  ",
        "job_location": "Westfield, MA 01085",
        "review_date": "2017-04-24T00:00:00.000Z",
        "review_title": "good place",
        "review_desc": "good place to start off working people are nice minimum wage pay entry level job good fir earning experience to get you to a better job in the future",
        "source": "INDEED"
      },
      {
        "review_rating": "5.0",
        "reviewer_designation": "Pharmacy Technician (Former Employee) –  ",
        "job_location": "Galesburg, IL",
        "review_date": "2017-02-02T00:00:00.000Z",
        "review_title": "Very, productive day with many different people",
        "review_desc": "I worked as a pharmacy technician in retail off and on for 12 years. Typed in personal & medical information in the computer system. I filled medications, done inventory, ran the cash register and helped customers with any questions they had. The management was wonderful at my job. Worked with several different cultures that made life interesting to learn. The hardest part of my job at that time was working nights, life has changes this that time. I love helping people and I had so much growth from that job.",
        "pros": "Teamwork",
        "cons": "hours worked",
        "source": "INDEED"
      },
      {
        "review_rating": "5.0",
        "reviewer_designation": "Asst. Manager / Waitress (Current Employee) –  ",
        "job_location": "yorktown heights",
        "review_date": "2014-11-20T00:00:00.000Z",
        "review_title": "great place",
        "review_desc": "I loved working for this company what a great place to grow, to learn, it was my first place waitressing I learned so much.",
        "source": "INDEED"
      },
      {
        "review_rating": "3.0",
        "reviewer_designation": "SERVER / FRONT OF HOUSE MANAGER (Former Employee) –  ",
        "job_location": "TUCKERTON NJ",
        "review_date": "2014-01-14T00:00:00.000Z",
        "review_title": "Very historic building",
        "review_desc": "I was brought into this restaurant to help fix a lot of the major problems there but they where to far gone from being able to get fix. The food was some of the best I have had in my life .",
        "source": "INDEED"
      },
      {
        "review_rating": "5.0",
        "reviewer_designation": "Owner, Operator (Former Employee) –  ",
        "job_location": "Delphi, IN",
        "review_date": "2013-08-08T00:00:00.000Z",
        "review_title": "enjoyed owning and operating my own business",
        "review_desc": "Worked many hours a week and loved it. Was a full line floral and gift shop",
        "source": "INDEED"
      },
      {
        "review_rating": "5.0",
        "reviewer_designation": "Store Manager/AE Myers (Former Employee) –  ",
        "job_location": "Wilkesboro, NC",
        "review_date": "2013-08-06T00:00:00.000Z",
        "review_title": "It was so much fun a great place to work.",
        "review_desc": "I would come in say hello,clock in. I would make sure all of the employees clocked in. I would check all of my emails,make sure the owner was set up and had what he needed for the day. He was a great manager one of the best people you would ever meet. All of the employees got along wonderfully. The most enjoyable part of the job was meeting new people every day. The hardest part of the job was when the owner passed away.",
        "pros": "The owner bought our lunches every day. I had the pleasure of planning all company functions.",
        "cons": "When the owner got sick and had to stay home.",
        "source": "INDEED"
      },
      {
        "review_rating": "3.0",
        "reviewer_designation": "Substitute Teacher (Former Employee) –  ",
        "job_location": "Durham, NC",
        "review_date": "2013-02-22T00:00:00.000Z",
        "review_title": "It is an experience that requires a special type of person, as I am.",
        "review_desc": "I feel it is an experience that each person would have to be involved in for themselves to cleary understand. There is some concern for the management/administration. The co-workers are wonderful. The hardest part of the job was leaving my students. There was some unfair treatment when it came time to being permitted to take part in the training process for core curriculum. The most enjoyable part of my job was seeing my students each day. I enjoyed the success that I had with my students and would not have traded places with any other teacher.",
        "source": "INDEED"
      },
      {
        "review_rating": "3.0",
        "reviewer_designation": "Accountant (Former Employee) –  ",
        "job_location": "Mankato,MN",
        "review_date": "2012-03-01T00:00:00.000Z",
        "review_title": "Would not go back to work for them",
        "review_desc": "After 35 years of service I was asked to be laid off or to retire as they said they couldn't afford me. Not a great thing to hear after you've been a dedicated employee for 35 years. I chose layoff so as to be able to collect my unemployment. The papers were not filled out for a whole month so I had to wait for my money.Still haven't heard about Cobra Ins. and also my 401K plan wasn't processed by them for at least three weeks.",
        "pros": "the gals i worked with were just super.",
        "cons": "they weren't always on top of things.",
        "source": "INDEED"
      },
      {
        "additionalRatings": [
          {}
        ],
        "source": "KUNUNU"
      }
    ]
  },
  {
    "organization_name": "Coast Del Mar HOA",
    "mailAddr": {
      "street1": "1749, 1767 Coast Boulevard",
      "city": "Del Mar",
      "state": "CA",
      "zip": "92014",
      "country": "US"
    },
    "employee_reviews": [
      {
        "additionalRatings": [
          {}
        ],
        "source": "KUNUNU"
      }
    ]
  },
  {
    "organization_name": "Casa Grande LLC",
    "mailAddr": {
      "street1": "1008 South 2nd Street",
      "city": "Mount Vernon",
      "state": "WA",
      "zip": "98273",
      "country": "US"
    },
    "employee_reviews": [
      {
        "reviewer_designation": "Former Employee - Anonymous Employee",
        "review_title": "\"Intern\"",
        "pros": "Good environment and good pay.",
        "cons": "No cons, very good place",
        "source": "GLASSDOOR"
      }
    ]
  },
  {
    "organization_name": "Potter Investments, Ltd",
    "mailAddr": {
      "street1": "4500-02 North Central Expressway",
      "city": "Dallas",
      "state": "TX",
      "zip": "75206",
      "country": "US"
    },
    "employee_reviews": [
      {
        "additionalRatings": [
          {}
        ],
        "source": "KUNUNU"
      }
    ]
  },
  {
    "organization_name": "West Winds Village Apartments LLC",
    "mailAddr": {
      "street1": "4900 East University Boulevard",
      "city": "Odessa",
      "state": "TX",
      "zip": "79762",
      "country": "US"
    },
    "employee_reviews": [
      {
        "additionalRatings": [
          {}
        ],
        "source": "KUNUNU"
      }
    ]
  },
  {
    "organization_name": "Kerrigan Partners, Ltd.",
    "mailAddr": {
      "street1": "1306 North Plymouth Road",
      "city": "Dallas",
      "state": "TX",
      "zip": "75208",
      "country": "US"
    },
    "employee_reviews": [
      {
        "additionalRatings": [
          {}
        ],
        "source": "KUNUNU"
      }
    ]
  },
  {
    "organization_name": "DCA 1 LP",
    "mailAddr": {
      "street1": "473 Howard Avenue",
      "city": "Brooklyn",
      "state": "NY",
      "zip": "11233",
      "country": "US"
    },
    "employee_reviews": [
      {
        "additionalRatings": [
          {}
        ],
        "source": "KUNUNU"
      }
    ]
  },
  {
    "organization_name": "H-K Housing Partners, Ltd.",
    "mailAddr": {
      "street1": "3338 Holly Road",
      "city": "Corpus Christi",
      "state": "TX",
      "zip": "78415",
      "country": "US"
    },
    "employee_reviews": [
      {
        "additionalRatings": [
          {}
        ],
        "source": "KUNUNU"
      }
    ]
  },
  {
    "organization_name": "Bay Breeze Investment Properties LLC",
    "mailAddr": {
      "street1": "9007 Chesapeake Boulevard",
      "city": "Norfolk",
      "state": "VA",
      "zip": "23503",
      "country": "US"
    },
    "employee_reviews": [
      {
        "additionalRatings": [
          {}
        ],
        "source": "KUNUNU"
      }
    ]
  },
  {
    "organization_name": "River Stone I Association, Inc.",
    "mailAddr": {
      "street1": "3085 Walnut Bend Lane",
      "city": "Houston",
      "state": "TX",
      "zip": "77042",
      "country": "US"
    },
    "employee_reviews": [
      {
        "additionalRatings": [
          {}
        ],
        "source": "KUNUNU"
      }
    ]
  },
  {
    "organization_name": "Ocean Pebbles Investment Properties, LLC",
    "mailAddr": {
      "street1": "100-114 Ship Shoal Way",
      "city": "Virginia Beach",
      "state": "VA",
      "zip": "23451",
      "country": "US"
    },
    "employee_reviews": [
      {
        "additionalRatings": [
          {}
        ],
        "source": "KUNUNU"
      }
    ]
  },
  {
    "organization_name": "Oakdale Apartments Associates, LP",
    "mailAddr": {
      "street1": "120 Sterling Court",
      "city": "Norfolk",
      "state": "VA",
      "zip": "23505",
      "country": "US"
    },
    "employee_reviews": [
      {
        "additionalRatings": [
          {}
        ],
        "source": "KUNUNU"
      }
    ]
  },
  {
    "organization_name": "Oakdale Apartments Associates, LP",
    "mailAddr": {
      "street1": "6514 Chaffee Road",
      "city": "Des Moines",
      "state": "IA",
      "zip": "50315",
      "country": "US"
    },
    "employee_reviews": [
      {
        "additionalRatings": [
          {}
        ],
        "source": "KUNUNU"
      }
    ]
  },
  {
    "organization_name": "163rd Street Plaza LLC",
    "mailAddr": {
      "street1": "1630 NE 163rd Street",
      "city": "Miami",
      "state": "FL",
      "zip": "33162",
      "country": "US"
    },
    "employee_reviews": [
      {
        "additionalRatings": [
          {}
        ],
        "source": "KUNUNU"
      }
    ]
  },
  {
    "organization_name": "NE Property Management LLC",
    "mailAddr": {
      "street1": "3501 East Gore Boulevard",
      "city": "Lawton",
      "state": "OK",
      "zip": "73501",
      "country": "US"
    },
    "employee_reviews": [
      {
        "reviewer_designation": "Current Employee - Property Manager",
        "review_description": "I have been working at NE Property Management full-time (Less than a year)",
        "review_title": "\"Great company with opportunity\"",
        "pros": "Growing company with opportunity for growth. Great corporate support with family values. This company by far has been a blessing to my career and has provided me the opportunity to mentor my team differently. The expectations for community growth are high, however the corporate support continues to stay positive through each obstacle. Team environment!",
        "cons": "I honestly have nothing negative to say about this company. This company has allowed me to LOVE Property Management all over again.",
        "advice_to_management": "N/A",
        "source": "GLASSDOOR"
      },
      {
        "additionalRatings": [
          {}
        ],
        "source": "KUNUNU"
      }
    ]
  },
  {
    "organization_name": "RPCP- Missouri Investment, LLC",
    "mailAddr": {
      "street1": "1300 Sun Lake Drive",
      "city": "Saint Charles",
      "state": "MO",
      "zip": "63301",
      "country": "US"
    },
    "employee_reviews": [
      {
        "additionalRatings": [
          {}
        ],
        "source": "KUNUNU"
      }
    ]
  },
  {
    "organization_name": "Indian River RDA, LP",
    "mailAddr": {
      "street1": "4049 44th Manor",
      "city": "Vero Beach",
      "state": "FL",
      "zip": "32967",
      "country": "US"
    },
    "employee_reviews": [
      {
        "additionalRatings": [
          {}
        ],
        "source": "KUNUNU"
      }
    ]
  },
  {
    "organization_name": "Presidium Group, LLC",
    "mailAddr": {
      "street1": "401 & 505 Harvey Road and 600 University Oaks Blvd",
      "city": "College Station",
      "state": "TX",
      "zip": "77840",
      "country": "US"
    },
    "employee_reviews": [
      {
        "review_rating": "4.0",
        "reviewer_designation": "Vice President Creative Director (Former Employee) –  ",
        "job_location": "Austin, TX",
        "review_date": "2019-01-14T00:00:00.000Z",
        "review_title": "Quick growing company with opportunities.",
        "review_desc": "As Presidium moves into Real Estate Development it is seeing large scale changes that offer many opportunities to contribute to the organization. If you like a fast paces work environment in a rapidly growing company, this is the place for you.",
        "pros": "Many opportunities",
        "cons": "Less organizational structure.",
        "source": "INDEED"
      },
      {
        "review_rating": "5.0",
        "reviewer_designation": "Property Manager/Community Director (Current Employee) –  ",
        "job_location": "Dallas, TX",
        "review_date": "2018-07-25T00:00:00.000Z",
        "review_title": "My Time At Presidium",
        "review_desc": "I came aboard with Presidium in 2014 and started as a Leasing Manager, after 7 months I was placed in a Property manager position for the Property that was 135 unit C- Property, I was then Promoted to Asst. Manager of a 404 unit C property and then in 9 months promoted to a Property manager for a 217 Unit B+ Property. I have grown with the Company and this company is like family. I am very sad to leave Presidium, but am needing to relocate to South Florida. I hope to someday be a part of the Presidium Family again. The level of support and dedication to make sure every position has what they need to be successful. The incentive to continue your education in the field is very supportive. The best company I have ever worked for to date and it really breaks my heart to leave them.",
        "pros": "Everything",
        "cons": "None to mention",
        "source": "INDEED"
      },
      {
        "review_rating": "2.0",
        "reviewer_designation": "Property Manager (Former Employee) –  ",
        "job_location": "San Antonio, TX",
        "review_date": "2018-03-29T00:00:00.000Z",
        "review_title": "Upper Mgmt not very approachable",
        "review_desc": "Enjoyed the on-site team. Hard-working. The changing of regional made it difficult to progress. Clear goals and direction were not given. Not enough training was provided.",
        "source": "INDEED"
      },
      {
        "review_rating": "4.0",
        "reviewer_designation": "Property Manager (Current Employee) –  ",
        "job_location": "San Antonio, TX",
        "review_date": "2018-03-08T00:00:00.000Z",
        "review_title": "Family Oriented Company",
        "review_desc": "Presidium is a great company. They provide many resources/trainings needed for overall knowledge and improvement in any and all areas. Their values are based on top notch customer service. Health insurance coverage is very expensive.",
        "pros": "fun traveling",
        "cons": "Not many opportunities of advancement",
        "source": "INDEED"
      },
      {
        "review_rating": "2.0",
        "reviewer_designation": "Community Director (Former Employee) –  ",
        "job_location": "San Antonio, TX",
        "review_date": "2018-02-14T00:00:00.000Z",
        "review_title": "Stressful environment with poor upper management",
        "review_desc": "Very disorganized Property Management company, that specializes in \"flipping\" apartment communities. They renovate and rehab properties after purchase. They do not hold onto the asset. This causes issues for staff turnover, unrealistic rehab turn times, and bloated/inaccurate numbers.",
        "source": "INDEED"
      },
      {
        "review_rating": "5.0",
        "reviewer_designation": "Community Manager (Former Employee) –  ",
        "job_location": "Austin, TX",
        "review_date": "2017-11-17T00:00:00.000Z",
        "review_title": "Fun work enviornment",
        "review_desc": "Great place to work, fun enviornment. No micro-managing. I was able make decisions as needed for the property with out any red tape. Small enough company that you get to meet other co-workers and create a long term friendships.",
        "source": "INDEED"
      },
      {
        "review_rating": "4.0",
        "reviewer_designation": "Interim Manager/Asst. Mgr. Mentor Austin Region (Current Employee) –  ",
        "job_location": "Austin, TX",
        "review_date": "2017-01-05T00:00:00.000Z",
        "review_title": "Company that takes care of thier employees",
        "review_desc": "The best thing that I can say about this company is how I felt like a family member. They are willing to work with each individuals situation and care for the people they employ.",
        "source": "INDEED"
      },
      {
        "review_rating": "5.0",
        "reviewer_designation": "Property Accountant (Current Employee) –  ",
        "job_location": "Dallas, TX",
        "review_date": "2014-11-12T00:00:00.000Z",
        "review_title": "Cool Place with Fun People",
        "review_desc": "You get to learn many things from people around you and we have a strong management team.",
        "source": "INDEED"
      },
      {
        "additionalRatings": [
          {}
        ],
        "source": "KUNUNU"
      }
    ]
  },
  {
    "organization_name": "American 5 Trading LLC",
    "mailAddr": {
      "street1": "2600 Avenue K",
      "city": "Plano",
      "state": "TX",
      "zip": "75074",
      "country": "US"
    },
    "employee_reviews": [
      {
        "additionalRatings": [
          {}
        ],
        "source": "KUNUNU"
      }
    ]
  },
  {
    "organization_name": "Nostandard 02 Mosaic LLC",
    "mailAddr": {
      "street1": "300 East Camellia Avenue",
      "city": "McAllen",
      "state": "TX",
      "zip": "78501",
      "country": "US"
    },
    "employee_reviews": [
      {
        "additionalRatings": [
          {}
        ],
        "source": "KUNUNU"
      }
    ]
  },
  {
    "organization_name": "College Glen Condominiums, Inc.",
    "mailAddr": {
      "street1": "285 Scandia Circle",
      "city": "Athens",
      "state": "GA",
      "zip": "30605",
      "country": "US"
    },
    "employee_reviews": [
      {
        "additionalRatings": [
          {}
        ],
        "source": "KUNUNU"
      }
    ]
  },
  {
    "organization_name": "Icon San Antonio LLC",
    "mailAddr": {
      "street1": "1300 Patricia Dr",
      "city": "San Antonio",
      "state": "TX",
      "zip": "78213",
      "country": "US"
    },
    "employee_reviews": [
      {
        "additionalRatings": [
          {}
        ],
        "source": "KUNUNU"
      }
    ]
  },
  {
    "organization_name": "The Princess Owners' Association, Inc",
    "mailAddr": {
      "street1": "6415 Thomas Drive",
      "city": "Panama City Beach",
      "state": "FL",
      "zip": "32408",
      "country": "US"
    },
    "employee_reviews": [
      {
        "additionalRatings": [
          {}
        ],
        "source": "KUNUNU"
      }
    ]
  },
  {
    "organization_name": "Ramash Realty LLC",
    "mailAddr": {
      "street1": "20401 Northwest 2nd Avenue",
      "city": "Miami",
      "state": "FL",
      "zip": "33169",
      "country": "US"
    },
    "employee_reviews": [
      {
        "additionalRatings": [
          {}
        ],
        "source": "KUNUNU"
      }
    ]
  },
  {
    "organization_name": "Novus 4501 Ford LLC",
    "mailAddr": {
      "street1": "1380 Piccard Drive",
      "city": "Rockville",
      "state": "MD",
      "zip": "20850",
      "country": "US"
    },
    "employee_reviews": [
      {
        "additionalRatings": [
          {}
        ],
        "source": "KUNUNU"
      }
    ]
  },
  {
    "organization_name": "Joseph Companies, LLC",
    "mailAddr": {
      "street1": "5623 Woodrow",
      "city": "Austin",
      "state": "TX",
      "zip": "78756",
      "country": "US"
    },
    "employee_reviews": [
      {
        "reviewer_designation": "Current Employee - Training Coordinator",
        "review_description": "I have been working at Joseph Companies full-time (More than a year)",
        "review_title": "\"International Quality Homecare\"",
        "pros": "I thoroughly enjoy the diversity of the workplace. The company and it's Managers recognize employee strengths and build on that. The company is expanding by leaps and bounds. Pay is as competitive as possible. I honestly look forward to going to work every day. Employee benefits and incentives are increasing. Plenty opportunity for growth and advancement.",
        "cons": "Cons... As with any employ there are Cons. Fortunately here, they are petty and are overshadowed greatly by the Pros.",
        "advice_to_management": "Thank you for making this a career for me and not just a job.",
        "source": "GLASSDOOR"
      },
      {
        "additionalRatings": [
          {}
        ],
        "source": "KUNUNU"
      }
    ]
  },
  {
    "organization_name": "JBL Clear Lake, LLC",
    "mailAddr": {
      "street1": "1000-1008 Bay Area Blvd.",
      "city": "Houston",
      "state": "TX",
      "zip": "77058",
      "country": "US"
    },
    "employee_reviews": [
      {
        "additionalRatings": [
          {}
        ],
        "source": "KUNUNU"
      }
    ]
  },
  {
    "organization_name": "Hartounian, LLC",
    "mailAddr": {
      "street1": "1501-1503 Rausch Avenue",
      "city": "Dayton",
      "state": "OH",
      "zip": "45432",
      "country": "US"
    },
    "employee_reviews": [
      {
        "additionalRatings": [
          {}
        ],
        "source": "KUNUNU"
      }
    ]
  },
  {
    "organization_name": "Crescent Moon Group LLC",
    "mailAddr": {
      "street1": "8075 W 3rd St",
      "city": "Los Angeles",
      "state": "CA",
      "zip": "90048",
      "country": "US"
    },
    "employee_reviews": [
      {
        "additionalRatings": [
          {}
        ],
        "source": "KUNUNU"
      }
    ]
  },
  {
    "organization_name": "Lakewood Property Management LLC",
    "mailAddr": {
      "street1": "1612 Amy Drive",
      "city": "Mount Pleasant",
      "state": "TX",
      "zip": "75455",
      "country": "US"
    },
    "employee_reviews": [
      {
        "additionalRatings": [
          {}
        ],
        "source": "KUNUNU"
      }
    ]
  },
  {
    "organization_name": "Lexin Spa Cove Owners LLC",
    "mailAddr": {
      "street1": "1000-1113 Primrose Road",
      "city": "Annapolis",
      "state": "MD",
      "zip": "21403",
      "country": "US"
    },
    "employee_reviews": [
      {
        "additionalRatings": [
          {}
        ],
        "source": "KUNUNU"
      }
    ]
  },
  {
    "organization_name": "Mills & Moulton, LLC",
    "mailAddr": {
      "street1": "2507 Nottingham Way",
      "city": "Albany",
      "state": "GA",
      "zip": "31707",
      "country": "US"
    },
    "employee_reviews": [
      {
        "additionalRatings": [
          {}
        ],
        "source": "KUNUNU"
      }
    ]
  },
  {
    "organization_name": "321 Ocean Condominium Association, Inc.",
    "mailAddr": {
      "street1": "321 Ocean Drive",
      "city": "Miami Beach",
      "state": "FL",
      "zip": "33139",
      "country": "US"
    },
    "employee_reviews": [
      {
        "additionalRatings": [
          {}
        ],
        "source": "KUNUNU"
      }
    ]
  },
  {
    "organization_name": "Morrison Place Apartments, LLC",
    "mailAddr": {
      "street1": "3800 Morrison Drive",
      "city": "Monroe",
      "state": "LA",
      "zip": "71201",
      "country": "US"
    },
    "employee_reviews": [
      {
        "additionalRatings": [
          {}
        ],
        "source": "KUNUNU"
      }
    ]
  },
  {
    "organization_name": "AK Apartments, LLC",
    "mailAddr": {
      "street1": "1737 Graham Road",
      "city": "Macon",
      "state": "GA",
      "zip": "31211",
      "country": "US"
    },
    "employee_reviews": [
      {
        "additionalRatings": [
          {}
        ],
        "source": "KUNUNU"
      }
    ]
  },
  {
    "organization_name": "Alexander Place Apartments, LP",
    "mailAddr": {
      "street1": "2401 North Alexander Drive",
      "city": "Baytown",
      "state": "TX",
      "zip": "77520",
      "country": "US"
    },
    "employee_reviews": [
      {
        "additionalRatings": [
          {}
        ],
        "source": "KUNUNU"
      }
    ]
  },
  {
    "organization_name": "Ashville, LTD",
    "mailAddr": {
      "street1": "100 Laurel Lane",
      "city": "Ashville",
      "state": "AL",
      "zip": "35953",
      "country": "US"
    },
    "employee_reviews": [
      {
        "additionalRatings": [
          {}
        ],
        "source": "KUNUNU"
      }
    ]
  },
  {
    "organization_name": "Back Bay Condominium Association",
    "mailAddr": {
      "street1": "4610 White Avenue",
      "city": "Orange Beach",
      "state": "AL",
      "zip": "36561",
      "country": "US"
    },
    "employee_reviews": [
      {
        "additionalRatings": [
          {}
        ],
        "source": "KUNUNU"
      }
    ]
  },
  {
    "organization_name": "Bella Luna Owner's Association, Inc.",
    "mailAddr": {
      "street1": "29531 Perdido Beach Boulevard",
      "city": "Orange Beach",
      "state": "AL",
      "zip": "36561",
      "country": "US"
    },
    "employee_reviews": [
      {
        "additionalRatings": [
          {}
        ],
        "source": "KUNUNU"
      }
    ]
  },
  {
    "organization_name": "Bells Bay LP",
    "mailAddr": {
      "street1": "1801 Ernest Finney Avenue",
      "city": "Conway",
      "state": "SC",
      "zip": "29527",
      "country": "US"
    },
    "employee_reviews": [
      {
        "additionalRatings": [
          {}
        ],
        "source": "KUNUNU"
      }
    ]
  },
  {
    "organization_name": "Benton Holdings LLC",
    "mailAddr": {
      "street1": "59 Leicester Street",
      "city": "Perry",
      "state": "NY",
      "zip": "14530",
      "country": "US"
    },
    "employee_reviews": [
      {
        "additionalRatings": [
          {}
        ],
        "source": "KUNUNU"
      }
    ]
  },
  {
    "organization_name": "RHL Inc. G.P.",
    "mailAddr": {
      "street1": "644 Gibson Road",
      "city": "Trenton",
      "state": "TN",
      "zip": "38382",
      "country": "US"
    },
    "employee_reviews": [
      {
        "additionalRatings": [
          {}
        ],
        "source": "KUNUNU"
      }
    ]
  },
  {
    "organization_name": "Braxton Development",
    "mailAddr": {
      "street1": "1 Hilltop Place",
      "city": "Farmington",
      "state": "MO",
      "zip": "63640",
      "country": "US"
    },
    "employee_reviews": [
      {
        "additionalRatings": [
          {}
        ],
        "source": "KUNUNU"
      }
    ]
  },
  {
    "organization_name": "Buckhead Investments Partners, Inc.",
    "mailAddr": {
      "street1": "Robert E Handy Survey, Abstract No. 187",
      "city": "Sugar Land",
      "state": "TX",
      "zip": "77479",
      "country": "US"
    },
    "employee_reviews": [
      {
        "additionalRatings": [
          {}
        ],
        "source": "KUNUNU"
      }
    ]
  },
  {
    "organization_name": "Sala & Sala, Inc.",
    "mailAddr": {
      "street1": "827 & 829 Leavenworth Street",
      "city": "San Francisco",
      "state": "CA",
      "zip": "94109",
      "country": "US"
    },
    "employee_reviews": [
      {
        "additionalRatings": [
          {}
        ],
        "source": "KUNUNU"
      }
    ]
  },
  {
    "organization_name": "CPGPI Still Meadow, LLC",
    "mailAddr": {
      "street1": "4632 Still Meadow Drive",
      "city": "Wilmington",
      "state": "NC",
      "zip": "28412",
      "country": "US"
    },
    "employee_reviews": [
      {
        "additionalRatings": [
          {}
        ],
        "source": "KUNUNU"
      }
    ]
  },
  {
    "organization_name": "SS Industrial Properties LLC",
    "mailAddr": {
      "street1": "3950 Highway 30",
      "city": "Saint Gabriel",
      "state": "LA",
      "zip": "70776",
      "country": "US"
    },
    "employee_reviews": [
      {
        "additionalRatings": [
          {}
        ],
        "source": "KUNUNU"
      }
    ]
  },
  {
    "organization_name": "Cromwell Park At Salem Condominium Assn Inc",
    "mailAddr": {
      "street1": "3901-3905 Cromwell Park Drive",
      "city": "Virginia Beach",
      "state": "VA",
      "zip": "23456",
      "country": "US"
    },
    "employee_reviews": [
      {
        "additionalRatings": [
          {}
        ],
        "source": "KUNUNU"
      }
    ]
  },
  {
    "organization_name": "Sugarloaf Rentals, Inc",
    "mailAddr": {
      "street1": "955 Airport Road",
      "city": "Destin",
      "state": "FL",
      "zip": "32541",
      "country": "US"
    },
    "employee_reviews": [
      {
        "additionalRatings": [
          {}
        ],
        "source": "KUNUNU"
      }
    ]
  },
  {
    "organization_name": "Eagle Property Capital Investments, LLC",
    "mailAddr": {
      "street1": "4401 Club Captiva Drive",
      "city": "Tampa",
      "state": "FL",
      "zip": "33615",
      "country": "US"
    },
    "employee_reviews": [
      {
        "additionalRatings": [
          {}
        ],
        "source": "KUNUNU"
      }
    ]
  },
  {
    "organization_name": "G Lewis-Louisiana No 2, LLC",
    "mailAddr": {
      "street1": "17701 Suma Lake Drive",
      "city": "Livingston",
      "state": "LA",
      "zip": "70754",
      "country": "US"
    },
    "employee_reviews": [
      {
        "additionalRatings": [
          {}
        ],
        "source": "KUNUNU"
      }
    ]
  },
  {
    "organization_name": "The Condominiums at Rockport Country Club Council of Co-Owners Inc.",
    "mailAddr": {
      "street1": "210 Oak Bay Street",
      "city": "Rockport",
      "state": "TX",
      "zip": "78382",
      "country": "US"
    },
    "employee_reviews": [
      {
        "additionalRatings": [
          {}
        ],
        "source": "KUNUNU"
      }
    ]
  },
  {
    "organization_name": "G. Paul Boschetti",
    "mailAddr": {
      "street1": "2506-2598 Gus Thomasson Road",
      "city": "Dallas",
      "state": "TX",
      "zip": "75228",
      "country": "US"
    },
    "employee_reviews": [
      {
        "additionalRatings": [
          {}
        ],
        "source": "KUNUNU"
      }
    ]
  },
  {
    "organization_name": "The Landing, LLC",
    "mailAddr": {
      "street1": "1803 Martin Luther King Boulevard",
      "city": "Houma",
      "state": "LA",
      "zip": "70360",
      "country": "US"
    },
    "employee_reviews": [
      {
        "review_rating": "4.0",
        "reviewer_designation": "Office Temp (Former Employee) –  ",
        "job_location": "Victoria, TX",
        "review_date": "2019-01-25T00:00:00.000Z",
        "review_title": "was a great place to work but no longer is",
        "review_desc": "Loved working there while under old engagement no longer worked due to hostile take over from another company. They did things in poor taste when taking over with no notice at all.",
        "pros": "non",
        "cons": "new management",
        "source": "INDEED"
      },
      {
        "review_rating": "3.0",
        "reviewer_designation": "Server (Former Employee) –  ",
        "job_location": "Marblehead, MA",
        "review_date": "2018-11-08T00:00:00.000Z",
        "review_title": "Productive and extremely busy in summertime much slower in winter due too location",
        "review_desc": "Was asked not to be put on schedule certain days due too my full time job.Of course I would get hit with doubles those days and I would say to management I asked not to be put on certain days they would say oh well and I would have to find my own coverage.",
        "source": "INDEED"
      },
      {
        "review_rating": "3.0",
        "reviewer_designation": "Server (Former Employee) –  ",
        "job_location": "Marblehead, MA",
        "review_date": "2018-10-03T00:00:00.000Z",
        "review_title": "Poor leadership",
        "review_desc": "Manager and head chef were also the owners of the restaurant which made them very aggressive and rude with their employees because of all the incentives that were tied.",
        "source": "INDEED"
      },
      {
        "review_rating": "3.0",
        "reviewer_designation": "Server/Hostess (Current Employee) –  ",
        "job_location": "Natchitoches, LA",
        "review_date": "2018-10-01T00:00:00.000Z",
        "review_title": "Bad",
        "review_desc": "The landing is very unprofessional job and requires to much from its employees for amount we are paid. Honestly I would not recommend this job to anyone because of the stuff that occurs there. The management sucks because they don’t know how to properly run anything.",
        "source": "INDEED"
      },
      {
        "review_rating": "3.0",
        "reviewer_designation": "Forklift Operator (Former Employee) –  ",
        "job_location": "Jackson, MS",
        "review_date": "2018-08-06T00:00:00.000Z",
        "review_title": "good place",
        "review_desc": "nice place to work. relaxed atmosphere. it was an outside job so it was hot. the staff was good to work with and the employers were really nice. its a good opportunity to get started.",
        "source": "INDEED"
      },
      {
        "review_rating": "5.0",
        "reviewer_designation": "Server (Former Employee) –  ",
        "job_location": "Rhode Island",
        "review_date": "2018-07-07T00:00:00.000Z",
        "review_title": "Awesome place",
        "review_desc": "It´s def a awesome place to work, the culture, the place and management makes everything really easy going, I´ll always recommend this place either for eat or work.",
        "pros": "all",
        "cons": "none",
        "source": "INDEED"
      },
      {
        "review_rating": "3.0",
        "reviewer_designation": "Salad Maker (Former Employee) –  ",
        "job_location": "Van Buren, MO",
        "review_date": "2018-04-21T00:00:00.000Z",
        "review_title": "Steady paced and friendly atmosphere to work at.",
        "review_desc": "A typical work day at The Landing would consist of stalking the fridge with fresh vegetables and prepping the kitchen before making salads. I learned how to work under pressure. The hardest part of the job would be making sure the fridge is constantly stalked when the restaurant gets busy. The best part of the job was cleaning my work station before clocking out.",
        "source": "INDEED"
      },
      {
        "review_rating": "4.0",
        "reviewer_designation": "Banquet and Spa Coordinator (Current Employee) –  ",
        "job_location": "Terre Haute, IN",
        "review_date": "2018-04-20T00:00:00.000Z",
        "review_title": "Fun Fast Paced Environment",
        "review_desc": "The Landing is a unique place in Terre Haute. My work day can change in a matter of seconds. New clients are coming in daily. Management is great to work with on a daily basis. We have weddings, birthday, anniversary, corporate events, baby showers, and bridal showers at The Landing. The Landing is also home of the Nirvana Medspa. Services offered are massages, facials, manicure and pedicures along with Botox, fillers, laser hair removal, Microneedling, PRP and a weightloss management program. The most enjoyable thing about my job is that I meet some many new and great clients and knowing that I have been able to help them makes me happy and feel successful every day that I go home.",
        "pros": "Half Price massages, facials, manicures and pedicures.",
        "cons": "No medical insurance",
        "source": "INDEED"
      },
      {
        "review_rating": "4.0",
        "reviewer_designation": "Internship (Former Employee) –  ",
        "job_location": "Anderson, IN",
        "review_date": "2018-04-18T00:00:00.000Z",
        "review_title": "Great site.",
        "review_desc": "It was great. I really enjoyed working with the volunteers and the teens. It exemplifies the 12 step community well for teens. It allows teens to have a safe place.",
        "source": "INDEED"
      },
      {
        "review_rating": "5.0",
        "reviewer_designation": "Direct Care Aide (Former Employee) –  ",
        "job_location": "Canton, OH",
        "review_date": "2018-03-15T00:00:00.000Z",
        "review_title": "relaxing",
        "review_desc": "Would go in and help assist residence with dressing and showering, get their breakfast ready, assist them with toileting and then cleaned up made their beds did their laundry and toileted them through out the day",
        "source": "INDEED"
      },
      {
        "review_rating": "5.0",
        "reviewer_designation": "Line Cook (Former Employee) –  ",
        "job_location": "Lithia, FL",
        "review_date": "2018-03-07T00:00:00.000Z",
        "review_title": "Not a workplace, but a family",
        "review_desc": "Everyone helps each other out, and no one acts better than anyone else. How many other places would the managers hop in and scrub dishes by hand when the dish washing machine breaks, or run trash because everyone is busting there behinds to keep up with the orders.",
        "pros": "Friendly staff, excellent customers, wonderful owners/managers",
        "cons": "Its a kitchen job, so in that sense it sucked. But the people made it worth while.",
        "source": "INDEED"
      },
      {
        "review_rating": "4.0",
        "reviewer_designation": "Hostess (Former Employee) –  ",
        "job_location": "Hillsborough, NJ",
        "review_date": "2018-02-12T00:00:00.000Z",
        "review_title": "Fast Paced workplace",
        "review_desc": "This was a fast paced workplace and there were a lot of educational opportunities. These opportunities included work with others and general knowledge of restaurant management.",
        "pros": "Kind environment",
        "cons": "No eating",
        "source": "INDEED"
      },
      {
        "review_rating": "5.0",
        "reviewer_designation": "prep cook (Former Employee) –  ",
        "job_location": "Charlevoix, MI",
        "review_date": "2018-02-01T00:00:00.000Z",
        "review_title": "productive workplace",
        "review_desc": "At the landing I worked with customers and employees.It was a pretty fun job but was also very productive. It was only a seasonal job so I only worked throught the summer time.",
        "pros": "fun place to work, GREAT managment!",
        "cons": "Seasonal, Open pretty late at night",
        "source": "INDEED"
      },
      {
        "review_rating": "3.0",
        "reviewer_designation": "Waitress/Server (Former Employee) –  ",
        "job_location": "Van Buren, MO",
        "review_date": "2018-01-02T00:00:00.000Z",
        "review_title": "Eh.",
        "review_desc": "Managers pretty well have no morals and will jump at any opportunity to make you pay, or not pay you. Very stressful, fast-faced, high end establishment.",
        "source": "INDEED"
      },
      {
        "review_rating": "5.0",
        "reviewer_designation": "Charge Nurse (Former Employee) –  ",
        "job_location": "San Antonio, TX",
        "review_date": "2018-01-02T00:00:00.000Z",
        "review_title": "Greart Place to Work",
        "review_desc": "Enjoyed the experience gained while working for this company. Recommend LVN position for good nursing experience with memory care and gerontology. Also gain experience as a charge nurse, managing direct care employees.",
        "pros": "excellent nursing experience and learning opportunity",
        "cons": "no advancement as a nurse",
        "source": "INDEED"
      },
      {
        "review_rating": "5.0",
        "reviewer_designation": "Dishwasher (Former Employee) –  ",
        "job_location": "Virginia Beach, VA",
        "review_date": "2017-12-09T00:00:00.000Z",
        "review_title": "Yeah",
        "review_desc": "It was great It was great Great people great food great service great location lots of food lots of service great times really great real great yep. yeah.",
        "pros": "yes",
        "cons": "no",
        "source": "INDEED"
      },
      {
        "review_rating": "5.0",
        "reviewer_designation": "Housekeeper (Current Employee) –  ",
        "job_location": "Newport, OR",
        "review_date": "2017-12-03T00:00:00.000Z",
        "review_title": "The landing at Newport condominium Hotel",
        "review_desc": "I cleaned fully equipped condominiums whitch have 3 bedrooms 2 bedrooms and 1 bedroom plus studios. Each room has a fireplace and wonderful balcony that looks out at the Newport bay.",
        "cons": "No benefits except sick pay",
        "source": "INDEED"
      },
      {
        "review_rating": "3.0",
        "reviewer_designation": "Co-Gravel Bar Manager and Chauffeur (Former Employee) –  ",
        "job_location": "Van Buren, MO",
        "review_date": "2017-10-30T00:00:00.000Z",
        "review_title": "Fun job",
        "review_desc": "Clearly this place is not for everyone, but it does afford many people to make a reasonable live there--whether it is full-time or part-time. The weather is overbearing sometimes, but it is a fine place if all you're looking for is a simple summer time job.",
        "source": "INDEED"
      },
      {
        "review_rating": "5.0",
        "reviewer_designation": "Waitress/Hostess/Cashier/Busser (Current Employee) –  ",
        "job_location": "Newport, NJ",
        "review_date": "2017-10-11T00:00:00.000Z",
        "review_title": "A nice small restaurant on the river",
        "review_desc": "As a waitress at The Landing my day starts with prepping everything I will need. I wait on tables, bus tables, and wash dishes. It is a nice relaxed environment and I enjoy working here very much. A big skill I have learned from working here is time management. Management is very helpful and understanding. The hardest part of the job is that there is no actual break time. The most enjoyable part is the other employees. Everyone is very welcoming and it is like a little family.",
        "pros": "customers are very nice and management is well put together",
        "cons": "no breaks",
        "source": "INDEED"
      },
      {
        "review_rating": "3.0",
        "reviewer_designation": "Barback/Bartender (Former Employee) –  ",
        "job_location": "Charlevoix, MI",
        "review_date": "2017-10-03T00:00:00.000Z",
        "review_title": "productive and very fun atmosphere",
        "review_desc": "Everyone you worked with became your friend and always made you feel welcomed. It was a very busy restaurant due to the fact its only opened during summer. Sharing laughs with the customers had to be the best part of my job.",
        "pros": "Fun environment",
        "cons": "no breaks unless on a double shift.",
        "source": "INDEED"
      },
      {
        "review_rating": "5.0",
        "reviewer_designation": "Bartender (Current Employee) –  ",
        "job_location": "Salem, MA",
        "review_date": "2017-08-22T00:00:00.000Z",
        "review_title": "Fun place",
        "review_desc": "great place on the water. cant beat the views. love to meet new people and introduce the to a new city when they come from boston on the ferry love hearing new stories",
        "source": "INDEED"
      }
    ]
  },
  {
    "organization_name": "The Maryland Management Company",
    "mailAddr": {
      "street1": "5900 Townsend Road",
      "city": "Jacksonville",
      "state": "FL",
      "zip": "32244",
      "country": "US"
    },
    "employee_reviews": [
      {
        "additionalRatings": [
          {}
        ],
        "source": "KUNUNU"
      }
    ]
  },
  {
    "organization_name": "GFO Companies",
    "mailAddr": {
      "street1": "125 Southwest 74th Street",
      "city": "Oklahoma City",
      "state": "OK",
      "zip": "73139",
      "country": "US"
    },
    "employee_reviews": [
      {
        "additionalRatings": [
          {}
        ],
        "source": "KUNUNU"
      }
    ]
  },
  {
    "organization_name": "GHKT, L.P.",
    "mailAddr": {
      "street1": "2013 North Fry Road",
      "city": "Katy",
      "state": "TX",
      "zip": "77449",
      "country": "US"
    },
    "employee_reviews": [
      {
        "additionalRatings": [
          {}
        ],
        "source": "KUNUNU"
      }
    ]
  },
  {
    "organization_name": "Grand Crossing Apartments LLC",
    "mailAddr": {
      "street1": "302 Cobia Drive",
      "city": "Katy",
      "state": "TX",
      "zip": "77494",
      "country": "US"
    },
    "employee_reviews": [
      {
        "additionalRatings": [
          {}
        ],
        "source": "KUNUNU"
      }
    ]
  },
  {
    "organization_name": "Thien Thuy Realty, LLC",
    "mailAddr": {
      "street1": "2855 Mangum Road",
      "city": "Houston",
      "state": "TX",
      "zip": "77092",
      "country": "US"
    },
    "employee_reviews": [
      {
        "additionalRatings": [
          {}
        ],
        "source": "KUNUNU"
      }
    ]
  },
  {
    "organization_name": "TRB Newbridge LLC",
    "mailAddr": {
      "street1": "3030 Elmside Drive",
      "city": "Houston",
      "state": "TX",
      "zip": "77042",
      "country": "US"
    },
    "employee_reviews": [
      {
        "additionalRatings": [
          {}
        ],
        "source": "KUNUNU"
      }
    ]
  },
  {
    "organization_name": "Hughes WY, Inc.",
    "mailAddr": {
      "street1": "22917 Pacific Coast Highway",
      "city": "Malibu",
      "state": "CA",
      "zip": "90265",
      "country": "US"
    },
    "employee_reviews": [
      {
        "additionalRatings": [
          {}
        ],
        "source": "KUNUNU"
      }
    ]
  },
  {
    "organization_name": "Integrity Asset Management, LLC",
    "mailAddr": {
      "street1": "12777 Ashford Point Drive",
      "city": "Houston",
      "state": "TX",
      "zip": "77082",
      "country": "US"
    },
    "employee_reviews": [
      {
        "review_rating": "4.0",
        "reviewer_designation": "Maintenance Supervisor (Former Employee) –  ",
        "job_location": "El Paso, TX",
        "review_date": "2017-09-12T00:00:00.000Z",
        "review_title": "Its good",
        "review_desc": "Other than some managers I've worked with at integrity, integrity is a good place to work I think they should keep there's eyes on there managers more often because some just come and go as they please like if they don't have anything to do and there loosing more money on these managers that come for an hour or so and the leave and get paid the full 40hrs when there are workers like me that bust our back and can't get paid there overtime. My tip start at the problem which is the office staff take a step back and really look what's going on and why things won't getting done",
        "pros": "Excellent work place good people excellent benefits good pay",
        "cons": "Not enough supervision on office staff",
        "source": "INDEED"
      },
      {
        "review_rating": "5.0",
        "reviewer_designation": "Senior Manager (Former Employee) –  ",
        "job_location": "El Paso, TX",
        "review_date": "2018-03-13T00:00:00.000Z",
        "review_title": "Great place",
        "review_desc": "Great place to start, is willing to move up with in company. A lot of employees. Training is always there and helping to train when needed. Would love to go back on day",
        "source": "INDEED"
      },
      {
        "review_rating": "5.0",
        "reviewer_designation": "Residential Property Manager (Current Employee) –  ",
        "job_location": "El Paso, TX",
        "review_date": "2018-02-18T00:00:00.000Z",
        "review_title": "Fast paced",
        "review_desc": "If you are looking for a fast paced environment and are willing to put in the hard work and hours to achieve success then this is the company for you!",
        "source": "INDEED"
      },
      {
        "review_rating": "2.0",
        "reviewer_designation": "Property Manager (Former Employee) –  ",
        "job_location": "El Paso, TX",
        "review_date": "2018-02-14T00:00:00.000Z",
        "review_title": "Integrity Asset",
        "review_desc": "I love working with people. A bit rough in administrative paperwork due to many reports, finances, budget, end of the month, bids, rents and collection.",
        "pros": "Great trainning",
        "cons": "Add exsessive tasks to one Job tile- very stressful",
        "source": "INDEED"
      },
      {
        "review_rating": "5.0",
        "reviewer_designation": "Community Manager (Former Employee) –  ",
        "job_location": "El Paso, TX",
        "review_date": "2017-10-29T00:00:00.000Z",
        "review_title": "Wonderful support system .",
        "review_desc": "Great upper management wonderful support system. The company takes the time to train you in all areas necessary to be successful . The company promotes within .",
        "pros": "Provided training in all areas",
        "cons": "Pay was not competitive .",
        "source": "INDEED"
      },
      {
        "review_rating": "5.0",
        "reviewer_designation": "Property Manager - Ashton Parke 150 Units (Former Employee) –  ",
        "job_location": "El Paso, TX",
        "review_date": "2017-09-05T00:00:00.000Z",
        "review_title": "Good company to work for",
        "review_desc": "Integrity Asset Management was a good company to work for. There were also great coworkers who were always willing to help one another. I enjoyed my years at Integrity.",
        "pros": "Great coworkers",
        "cons": "Long hours",
        "source": "INDEED"
      },
      {
        "review_rating": "5.0",
        "reviewer_designation": "Property Manager (Former Employee) –  ",
        "job_location": "El Paso, TX",
        "review_date": "2017-08-08T00:00:00.000Z",
        "review_title": "Great learning experience.",
        "review_desc": "i had enjoyed my time at HACEP. They had took their time to train you in the programs that assist the low income and affordable programs and section 8. The most I enjoyed about it is that I met so many different clients there, that i would cherish every day.",
        "source": "INDEED"
      },
      {
        "review_rating": "5.0",
        "reviewer_designation": "Asset Manager (Former Employee) –  ",
        "job_location": "El Paso, TX",
        "review_date": "2017-07-25T00:00:00.000Z",
        "review_title": "Invest in their employees",
        "review_desc": "this is a great company! Upper management really take the time to invest in their employees, by educating them in the business, certifying them, as well as promoting personal health and growth. the companies president and vice president came up with the concept for this business and have made it flourish. the company is in its 10th year or so and growing rapidly. great time to get in.",
        "pros": "fast growth potential, pay is good",
        "cons": "expectations are high, better keep up",
        "source": "INDEED"
      },
      {
        "review_rating": "5.0",
        "reviewer_designation": "Financial Representative (Former Employee) –  ",
        "job_location": "Colorado Springs, CO",
        "review_date": "2017-07-22T00:00:00.000Z",
        "review_title": "It allowed me ample opportunity to balance work and home while still becoming better educated in the area of my clients needs. I appreciate the help",
        "review_desc": "open hours and set your own appointments, however secretaries are hard to find too. We are always working with different investors and are not bound by any one company which makes us more flexible than many others",
        "pros": "Paid lunches",
        "cons": "no healthcare",
        "source": "INDEED"
      },
      {
        "review_rating": "4.0",
        "reviewer_designation": "Leasing Consultant (Former Employee) –  ",
        "job_location": "El Paso, TX",
        "review_date": "2017-07-06T00:00:00.000Z",
        "review_title": "Busy and efficient",
        "review_desc": "It is a very fast paced workplace and never a dull day. There was always work to be done, and always things/programs to learn. Managed your own work tasks along with needed clerical duties throughout the day. The hardest part of the job was having so many apartments up and ready for show/available to rent within a crunched time frame. The most enjoyable part of the job, was getting through each task as time went on. Being able to be a part of the maintenance when extra help was needed, was also a fun experience and self rewarding learning outside of the office.",
        "pros": "fast paced enviornment",
        "cons": "piled on with other coworker's duties",
        "source": "INDEED"
      },
      {
        "review_rating": "5.0",
        "reviewer_designation": "Asset Manager (Former Employee) –  ",
        "job_location": "El Paso, TX",
        "review_date": "2017-04-26T00:00:00.000Z",
        "review_title": "ok woekplace not supervisors",
        "review_desc": "This company is good but need to keep close eye on their supervisors and stop favoring properties because due to that smaller properties dont get the proper supervision and training but supervisors don't care they're only worry about their own paycheck. Especially one that once new pretty manager comes in he always at that property whether is his or not.",
        "source": "INDEED"
      },
      {
        "review_rating": "1.0",
        "reviewer_designation": "Property Manager (Former Employee) –  ",
        "job_location": "El Paso, TX",
        "review_date": "2015-02-25T00:00:00.000Z",
        "review_title": "Horrible company, no integrity",
        "review_desc": "I helped this company bring their property into compliance, and they resented me for it. Additionally they lied to me about many aspects of my employment and their property. They have no integrity. Stay away if you don't want to get screwed over.",
        "source": "INDEED"
      },
      {
        "review_rating": "3.0",
        "reviewer_designation": "Property Manager (Current Employee) –  ",
        "job_location": "el paso texas",
        "review_date": "2014-09-22T00:00:00.000Z",
        "review_title": "company",
        "review_desc": "It has been a great experience working for integrity. I have been with the company for four years. It has been a great learning experience.",
        "pros": "fast advancement",
        "cons": "stressful",
        "source": "INDEED"
      },
      {
        "review_rating": "3.0",
        "reviewer_designation": "Leasing Manager (Former Employee) –  ",
        "job_location": "Houston, TX",
        "review_date": "2014-07-28T00:00:00.000Z",
        "review_title": ".",
        "review_desc": "A community of a small portfolio, located in the Westchase area, existing of 400+ units on a 10 member team.",
        "source": "INDEED"
      },
      {
        "review_rating": "3.0",
        "reviewer_designation": "Assistant Property Manager / Leasing Agent (Former Employee) –  ",
        "job_location": "El Paso, TX",
        "review_date": "2014-04-12T00:00:00.000Z",
        "review_title": "Good for a while",
        "review_desc": "This is the kind of company where you can work comfortably if you don't want many challenges in your work life. Not for me",
        "source": "INDEED"
      },
      {
        "review_rating": "3.0",
        "reviewer_designation": "Leasing Specialist (Former Employee) –  ",
        "job_location": "El Paso, TX",
        "review_date": "2014-02-19T00:00:00.000Z",
        "review_title": "Start up company with big dreams and fun spirit",
        "review_desc": "this was a new company just starting out, the staff was knowledgeable and fun spirited trying new out looks for Property Management.",
        "source": "INDEED"
      },
      {
        "review_rating": "2.0",
        "reviewer_designation": "Maintenance Technician (Former Employee) –  ",
        "job_location": "El Paso, TX",
        "review_date": "2013-08-14T00:00:00.000Z",
        "review_title": "great place to work ,alot of trees",
        "review_desc": "It was nice working with them. I learn alot of things from my co- workers",
        "pros": "Free Weekend",
        "source": "INDEED"
      },
      {
        "review_rating": "5.0",
        "reviewer_designation": "maintenance,make ready,paiter (Former Employee) –  ",
        "job_location": "houston TX",
        "review_date": "2012-07-24T00:00:00.000Z",
        "review_title": "i like to work",
        "review_desc": "all day i like learn more the i want exelet work whit co-workers",
        "source": "INDEED"
      },
      {
        "review_rating": "5.0",
        "reviewer_designation": "Senior Operations Specialist (Former Employee) –  ",
        "job_location": "Louisville, KY",
        "review_date": "2012-07-11T00:00:00.000Z",
        "review_title": "Great Company",
        "review_desc": "A wonderful place to work. Great management team. It was more like working with your family than with co-workers. We had great benefits and bonuses. I would still be there today if the company had not been sold.",
        "source": "INDEED"
      },
      {
        "review_rating": "2.0",
        "reviewer_designation": "Intern (Former Employee) –  ",
        "job_location": "El Paso, TX",
        "review_date": "2012-07-05T00:00:00.000Z",
        "review_title": "Not all together",
        "review_desc": "They job was not all together, Was only an intern but still could tell that what they did as far as quality was very poor. Managment was very poor. Arguments would break out between coworkers and alot of conflict. 3 People had quite while I was there and that was only for the 3 months I was there. Job seem very unstable. To be honest, whenever jobs I apply, they try calling them but they never answer.",
        "source": "INDEED"
      },
      {
        "additionalRatings": [
          {}
        ],
        "source": "KUNUNU"
      }
    ]
  },
  {
    "organization_name": "TriPro Management Inc",
    "mailAddr": {
      "street1": "6550 Phelan Boulevard, 6650 Prutzman Road & 6750 Prutzman Road",
      "city": "Beaumont",
      "state": "TX",
      "zip": "77706",
      "country": "US"
    },
    "employee_reviews": [
      {
        "review_rating": "2.0",
        "reviewer_designation": "Property Manager (Former Employee) –  ",
        "job_location": "Beaumont, TX",
        "review_date": "2018-07-17T00:00:00.000Z",
        "review_title": "A company that does not support their employees",
        "review_desc": "Just a sad situation to be honest. I am obligated to review this company regardless of having nothing good to say. Please reconsider working for a company that does not support its employees.",
        "source": "INDEED"
      },
      {
        "review_rating": "4.0",
        "reviewer_designation": "Lead maintenance (Former Employee) –  ",
        "job_location": "Dallas, TX",
        "review_date": "2014-11-16T00:00:00.000Z",
        "review_title": "Great people",
        "review_desc": "Educational and family oriented. Would work for them again.",
        "source": "INDEED"
      },
      {
        "additionalRatings": [
          {}
        ],
        "source": "KUNUNU"
      }
    ]
  },
  {
    "organization_name": "Interchurch Elderly Housing Associates",
    "mailAddr": {
      "street1": "790 Brock Avenue",
      "city": "New Bedford",
      "state": "MA",
      "zip": "02744",
      "country": "US"
    },
    "employee_reviews": [
      {
        "additionalRatings": [
          {}
        ],
        "source": "KUNUNU"
      }
    ]
  },
  {
    "organization_name": "West Plaza Management, Inc.",
    "mailAddr": {
      "street1": "7233 Corporate Drive",
      "city": "Houston",
      "state": "TX",
      "zip": "77036",
      "country": "US"
    },
    "employee_reviews": [
      {
        "additionalRatings": [
          {}
        ],
        "source": "KUNUNU"
      }
    ]
  },
  {
    "organization_name": "K&S Co., Inc.",
    "mailAddr": {
      "street1": "400-456 West Harder Road",
      "city": "Hayward",
      "state": "CA",
      "zip": "94544",
      "country": "US"
    },
    "employee_reviews": [
      {
        "review_rating": "5.0",
        "reviewer_designation": "taxi driver (Former Employee) –  ",
        "job_location": "Massachusetts",
        "review_date": "2017-08-21T00:00:00.000Z",
        "review_title": "fun enjoyable company",
        "review_desc": "excellent family ran business due to the children getting older and going out and exploring the world more and the lost of their father they decided to close the business sadly",
        "pros": "excellent family orientated business",
        "cons": "none",
        "source": "INDEED"
      },
      {
        "review_rating": "5.0",
        "reviewer_designation": "Registered Nurse (Current Employee) –  ",
        "job_location": "Little Rock, AR",
        "review_date": "2017-01-23T00:00:00.000Z",
        "review_title": "Great place to work.",
        "review_desc": "K&S is a great place to work.I enjoyed working there. The owners were appreciative and the clients enjoyed their stay in there facilities. I recommend.",
        "source": "INDEED"
      },
      {
        "review_rating": "4.0",
        "reviewer_designation": "Electronic Technician (Former Employee) –  ",
        "job_location": "Rocky Hill, CT",
        "review_date": "2016-11-15T00:00:00.000Z",
        "review_title": "Small site, close nit",
        "review_desc": "A small site to repair printed circuit boards and power supplies for CNC machines 30 to 40 years old. This site lacks or has limited documentation for the equipment to be repaired. Due to the age of the equipment to be repaired locating replacement parts can be difficult or impossible.",
        "pros": "Friendly",
        "cons": "Lack of work.",
        "source": "INDEED"
      },
      {
        "additionalRatings": [
          {}
        ],
        "source": "KUNUNU"
      }
    ]
  },
  {
    "organization_name": "Keller Property Company",
    "mailAddr": {
      "street1": "4031 Thousand Oaks Drive",
      "city": "San Antonio",
      "state": "TX",
      "zip": "78217",
      "country": "US"
    },
    "employee_reviews": [
      {
        "reviewer_designation": "Current Employee - Project Manager",
        "review_description": "I have been working at Keller Property Company (TX) full-time (Less than a year)",
        "review_title": "\"Manager\"",
        "pros": "Growing company and lots of place to grow.",
        "cons": "I like it. They have their favorites.",
        "source": "GLASSDOOR"
      },
      {
        "source": "GLASSDOOR"
      },
      {
        "review_rating": "2.0",
        "reviewer_designation": "Assistant Manager (Former Employee) –  ",
        "job_location": "San Antonio, TX",
        "review_date": "2018-08-15T00:00:00.000Z",
        "review_title": "There were great employees to work with.",
        "review_desc": "Maintenance and some office staff were very knowledgeable and helped further my education in the office as well as helping assess work orders to help lower maintenance work orders.",
        "source": "INDEED"
      },
      {
        "review_rating": "5.0",
        "reviewer_designation": "Director of Collections (Current Employee) –  ",
        "job_location": "San Antonio, TX",
        "review_date": "2017-12-19T00:00:00.000Z",
        "review_title": "Executive Team",
        "review_desc": "My experience with Keller Property Company has been very rewarding and allowed me to grow professionally. The support from upper management and the trust they have had in me to perform my duties make going to work an enjoyable experience.",
        "source": "INDEED"
      },
      {
        "review_rating": "2.0",
        "reviewer_designation": "Property Manager (Former Employee) –  ",
        "job_location": "San Antonio, TX",
        "review_date": "2017-09-22T00:00:00.000Z",
        "review_title": "Poor Company",
        "review_desc": "This company did not care about the people living in their apartments, or their employees. I was witness to them giving a roach infested apartment to a new move-in, and when they asked to relocate was informed \"No.\" They had one person working the office as Leasing Agent, Assistant Manager, and Property Manager. They asked for events to be held, only to stop them without cause. Increased residents rent by $200 or more and fired the employee being that she was unable to retain the residents.",
        "pros": "Easy to manage property",
        "cons": "lack of assistance from management",
        "source": "INDEED"
      },
      {
        "review_rating": "2.0",
        "reviewer_designation": "Assistant Manager/ Property Manager (Former Employee) –  ",
        "job_location": "San Antonio, TX",
        "review_date": "2017-06-21T00:00:00.000Z",
        "review_title": "hard and competitive place to work",
        "review_desc": "Working with Keller Property Company was very busy daily.I did learn alot working for them though. Management picks favorites. the properties they have are pretty rough which can make it very difficult on you. You need to be strong to work there. I loved that I learned alot and that I was pushed daily to do more.",
        "pros": "Contests for staff, small company, you know everyone",
        "cons": "has favorites, gossip, unfair at times",
        "source": "INDEED"
      },
      {
        "additionalRatings": [
          {}
        ],
        "source": "KUNUNU"
      }
    ]
  },
  {
    "organization_name": "Komahana Partnership",
    "mailAddr": {
      "street1": "1020 West Abram Street",
      "city": "Arlington",
      "state": "TX",
      "zip": "76013",
      "country": "US"
    },
    "employee_reviews": [
      {
        "additionalRatings": [
          {}
        ],
        "source": "KUNUNU"
      }
    ]
  },
  {
    "organization_name": "Zealandia Holding Company, Inc.",
    "mailAddr": {
      "street1": "611 South Atlantic Avenue",
      "city": "New Smyrna Beach",
      "state": "FL",
      "zip": "32169",
      "country": "US"
    },
    "employee_reviews": [
      {
        "additionalRatings": [
          {}
        ],
        "source": "KUNUNU"
      }
    ]
  },
  {
    "organization_name": "The Crouch Foundation",
    "mailAddr": {
      "street1": "3701 Plains Blvd",
      "city": "Amarillo",
      "state": "TX",
      "zip": "79102",
      "country": "US"
    },
    "employee_reviews": [
      {
        "additionalRatings": [
          {}
        ],
        "source": "KUNUNU"
      }
    ]
  },
  {
    "organization_name": "The Highlands Wells Branch LLC",
    "mailAddr": {
      "street1": "1500 South Heatherwilde Boulevard",
      "city": "Pflugerville",
      "state": "TX",
      "zip": "78660",
      "country": "US"
    },
    "employee_reviews": [
      {
        "additionalRatings": [
          {}
        ],
        "source": "KUNUNU"
      }
    ]
  },
  {
    "organization_name": "JB Real Estate Holdings, LLC",
    "mailAddr": {
      "street1": "5400 Delaware Avenue",
      "city": "Hainesport",
      "state": "NJ",
      "zip": "08036",
      "country": "US"
    },
    "employee_reviews": [
      {
        "additionalRatings": [
          {}
        ],
        "source": "KUNUNU"
      }
    ]
  },
  {
    "organization_name": "Housing GP, Inc. a General Partner",
    "mailAddr": {
      "street1": "4600 McPherson Road",
      "city": "Laredo",
      "state": "TX",
      "zip": "78041",
      "country": "US"
    },
    "employee_reviews": [
      {
        "additionalRatings": [
          {}
        ],
        "source": "KUNUNU"
      }
    ]
  },
  {
    "organization_name": "HCRS Jacksonville LLC",
    "mailAddr": {
      "street1": "2000 Brabham Ave",
      "city": "Jacksonville",
      "state": "NC",
      "zip": "28546",
      "country": "US"
    },
    "employee_reviews": [
      {
        "additionalRatings": [
          {}
        ],
        "source": "KUNUNU"
      }
    ]
  },
  {
    "organization_name": "Whisper Dunes HOA Inc Phase 1C",
    "mailAddr": {
      "street1": "106 Fox Glove Lane",
      "city": "Panama City Beach",
      "state": "FL",
      "zip": "32413",
      "country": "US"
    },
    "employee_reviews": [
      {
        "additionalRatings": [
          {}
        ],
        "source": "KUNUNU"
      }
    ]
  },
  {
    "organization_name": "HM-BW Joint Venture-Victoria, LLC",
    "mailAddr": {
      "street1": "1701 Victoria Station Drive",
      "city": "Victoria",
      "state": "TX",
      "zip": "77901",
      "country": "US"
    },
    "employee_reviews": [
      {
        "additionalRatings": [
          {}
        ],
        "source": "KUNUNU"
      }
    ]
  },
  {
    "organization_name": "19Twenty Property LLC",
    "mailAddr": {
      "street1": "1920 North Ruddell Street",
      "city": "Denton",
      "state": "TX",
      "zip": "76209",
      "country": "US"
    },
    "employee_reviews": [
      {
        "additionalRatings": [
          {}
        ],
        "source": "KUNUNU"
      }
    ]
  },
  {
    "organization_name": "Epoch-Downtown Phoenix Apartments, LLC",
    "mailAddr": {
      "street1": "1201 E. Washington Street",
      "city": "Phoenix",
      "state": "AZ",
      "zip": "85034",
      "country": "US"
    },
    "employee_reviews": [
      {
        "additionalRatings": [
          {}
        ],
        "source": "KUNUNU"
      }
    ]
  },
  {
    "organization_name": "Outrigger, Inc",
    "mailAddr": {
      "street1": "1701 Mabbette Street",
      "city": "Kissimmee",
      "state": "FL",
      "zip": "34741",
      "country": "US"
    },
    "employee_reviews": [
      {
        "additionalRatings": [
          {}
        ],
        "source": "KUNUNU"
      }
    ]
  }
]
