[
  {
    "organization_name": "Cougar Texas, LLC",
    "mailAddr": {
      "street1": "3100 Highway 31 East",
      "city": "Tyler",
      "state": "TX",
      "zip": "75702",
      "country": "US"
    },
    "employee_reviews": [
      {
        "additionalRatings": [
          {}
        ],
        "source": "KUNUNU"
      }
    ]
  },
  {
    "organization_name": "Bryton Hill Associates, LLC",
    "mailAddr": {
      "street1": "519 South Richey Street",
      "city": "Pasadena",
      "state": "TX",
      "zip": "77506",
      "country": "US"
    },
    "employee_reviews": [
      {
        "additionalRatings": [
          {}
        ],
        "source": "KUNUNU"
      }
    ]
  },
  {
    "organization_name": "Aspinwall Associates, Ltd.",
    "mailAddr": {
      "street1": "405 North Briggs Avenue",
      "city": "Sarasota",
      "state": "FL",
      "zip": "34237",
      "country": "US"
    },
    "employee_reviews": [
      {
        "additionalRatings": [
          {}
        ],
        "source": "KUNUNU"
      }
    ]
  },
  {
    "organization_name": "Eagle Pointe Development I LP",
    "mailAddr": {
      "street1": "1001 Nix Court",
      "city": "Bossier City",
      "state": "LA",
      "zip": "71111",
      "country": "US"
    },
    "employee_reviews": [
      {
        "additionalRatings": [
          {}
        ],
        "source": "KUNUNU"
      }
    ]
  },
  {
    "organization_name": "Lufkin Property Management, Inc",
    "mailAddr": {
      "street1": "7101 Waljim Street",
      "city": "Tyler",
      "state": "TX",
      "zip": "75703",
      "country": "US"
    },
    "employee_reviews": [
      {
        "additionalRatings": [
          {}
        ],
        "source": "KUNUNU"
      }
    ]
  },
  {
    "organization_name": "Gunter Corp Inc",
    "mailAddr": {
      "street1": "241-249 Western Ave S.",
      "city": "Saint Paul",
      "state": "MN",
      "zip": "55105",
      "country": "US"
    },
    "employee_reviews": [
      {
        "additionalRatings": [
          {}
        ],
        "source": "KUNUNU"
      }
    ]
  },
  {
    "organization_name": "Sandpiper DeKalb Apartments LLC",
    "mailAddr": {
      "street1": "400 Sandpiper Lane",
      "city": "Casselberry",
      "state": "FL",
      "zip": "32707",
      "country": "US"
    },
    "employee_reviews": [
      {
        "additionalRatings": [
          {}
        ],
        "source": "KUNUNU"
      }
    ]
  },
  {
    "organization_name": "9165 Surfside, LLC",
    "mailAddr": {
      "street1": "9165 Collins Avenue",
      "city": "Surfside",
      "state": "FL",
      "zip": "33154",
      "country": "US"
    },
    "employee_reviews": [
      {
        "additionalRatings": [
          {}
        ],
        "source": "KUNUNU"
      }
    ]
  },
  {
    "organization_name": "Daejan Greenwich Commons LLC",
    "mailAddr": {
      "street1": "14608 North 43rd Street",
      "city": "Tampa",
      "state": "FL",
      "zip": "33613",
      "country": "US"
    },
    "employee_reviews": [
      {
        "additionalRatings": [
          {}
        ],
        "source": "KUNUNU"
      }
    ]
  },
  {
    "organization_name": "Madhatter Realty Corp",
    "mailAddr": {
      "street1": "455 Alfred Avenue",
      "city": "Teaneck",
      "state": "NJ",
      "zip": "07666",
      "country": "US"
    },
    "employee_reviews": [
      {
        "additionalRatings": [
          {}
        ],
        "source": "KUNUNU"
      }
    ]
  },
  {
    "organization_name": "Sunset Crossing, LLC",
    "mailAddr": {
      "street1": "2901 Southwest Boulevard",
      "city": "San Angelo",
      "state": "TX",
      "zip": "76904",
      "country": "US"
    },
    "employee_reviews": [
      {
        "additionalRatings": [
          {}
        ],
        "source": "KUNUNU"
      }
    ]
  },
  {
    "organization_name": "Wickham Commons Office Building Partnership",
    "mailAddr": {
      "street1": "7380 Murrell Road",
      "city": "Melbourne",
      "state": "FL",
      "zip": "32940",
      "country": "US"
    },
    "employee_reviews": [
      {
        "additionalRatings": [
          {}
        ],
        "source": "KUNUNU"
      }
    ]
  },
  {
    "organization_name": "Double Linden LLC",
    "mailAddr": {
      "street1": "41-43 Linden Street",
      "city": "Yonkers",
      "state": "NY",
      "zip": "10701",
      "country": "US"
    },
    "employee_reviews": [
      {
        "additionalRatings": [
          {}
        ],
        "source": "KUNUNU"
      }
    ]
  },
  {
    "organization_name": "Daniel Overton, LLC",
    "mailAddr": {
      "street1": "3251 Overton Road",
      "city": "Mountain Brook",
      "state": "AL",
      "zip": "35223",
      "country": "US"
    },
    "employee_reviews": [
      {
        "additionalRatings": [
          {}
        ],
        "source": "KUNUNU"
      }
    ]
  },
  {
    "organization_name": "Steve and Suzanne Patzer, Trustees Machine Specialties 401K Plan",
    "mailAddr": {
      "street1": "1001 East Rudbud Ave",
      "city": "McAllen",
      "state": "TX",
      "zip": "78504",
      "country": "US"
    },
    "employee_reviews": [
      {
        "additionalRatings": [
          {}
        ],
        "source": "KUNUNU"
      }
    ]
  },
  {
    "organization_name": "Red House Properties, LLC",
    "mailAddr": {
      "street1": "11971 Grandview Road",
      "city": "Grandview",
      "state": "MO",
      "zip": "64030",
      "country": "US"
    },
    "employee_reviews": [
      {
        "additionalRatings": [
          {}
        ],
        "source": "KUNUNU"
      }
    ]
  },
  {
    "organization_name": "First Westwood Realty, LLC",
    "mailAddr": {
      "street1": "134-146 Westwood Avenue",
      "city": "Westwood",
      "state": "NJ",
      "zip": "07675",
      "country": "US"
    },
    "employee_reviews": [
      {
        "additionalRatings": [
          {}
        ],
        "source": "KUNUNU"
      }
    ]
  },
  {
    "organization_name": "Hines 68, LP",
    "mailAddr": {
      "street1": "1853-1893 West Mockingbird Lane",
      "city": "Dallas",
      "state": "TX",
      "zip": "75235",
      "country": "US"
    },
    "employee_reviews": [
      {
        "additionalRatings": [
          {}
        ],
        "source": "KUNUNU"
      }
    ]
  },
  {
    "organization_name": "Orleans Place LLC",
    "mailAddr": {
      "street1": "200 Canal Street",
      "city": "Belton",
      "state": "MO",
      "zip": "64012",
      "country": "US"
    },
    "employee_reviews": [
      {
        "additionalRatings": [
          {}
        ],
        "source": "KUNUNU"
      }
    ]
  },
  {
    "organization_name": "Intrawest Management",
    "mailAddr": {
      "street1": "3904 Englewood Circle",
      "city": "Odessa",
      "state": "TX",
      "zip": "79762",
      "country": "US"
    },
    "employee_reviews": [
      {
        "additionalRatings": [
          {}
        ],
        "source": "KUNUNU"
      }
    ]
  },
  {
    "organization_name": "Viking Properties",
    "mailAddr": {
      "street1": "1250 Southeast Godsey Road",
      "city": "Dallas",
      "state": "OR",
      "zip": "97338",
      "country": "US"
    },
    "employee_reviews": [
      {
        "additionalRatings": [
          {}
        ],
        "source": "KUNUNU"
      }
    ]
  },
  {
    "organization_name": "Estancia Villas, LLC",
    "mailAddr": {
      "street1": "1200 Estancia Parkway",
      "city": "Manchaca",
      "state": "TX",
      "zip": "78652",
      "country": "US"
    },
    "employee_reviews": [
      {
        "additionalRatings": [
          {}
        ],
        "source": "KUNUNU"
      }
    ]
  },
  {
    "organization_name": "Pilsen Metropolis, LLC",
    "mailAddr": {
      "street1": "2101 South Carpenter Street",
      "city": "Chicago",
      "state": "IL",
      "zip": "60608",
      "country": "US"
    },
    "employee_reviews": [
      {
        "additionalRatings": [
          {}
        ],
        "source": "KUNUNU"
      }
    ]
  },
  {
    "organization_name": "Sus Holdings, LLC",
    "mailAddr": {
      "street1": "101 Southhall Lane",
      "city": "Maitland",
      "state": "FL",
      "zip": "32751",
      "country": "US"
    },
    "employee_reviews": [
      {
        "additionalRatings": [
          {}
        ],
        "source": "KUNUNU"
      }
    ]
  },
  {
    "organization_name": "Star Boat Club LLC",
    "mailAddr": {
      "street1": "3980 Boat Club Road",
      "city": "Fort Worth",
      "state": "TX",
      "zip": "76135",
      "country": "US"
    },
    "employee_reviews": [
      {
        "additionalRatings": [
          {}
        ],
        "source": "KUNUNU"
      }
    ]
  },
  {
    "organization_name": "Captain's United, LLC",
    "mailAddr": {
      "street1": "3800 Bostic Drive",
      "city": "Greenville",
      "state": "NC",
      "zip": "27834",
      "country": "US"
    },
    "employee_reviews": [
      {
        "additionalRatings": [
          {}
        ],
        "source": "KUNUNU"
      }
    ]
  },
  {
    "organization_name": "The Public Condominium Community Inc.",
    "mailAddr": {
      "street1": "4361 South Congress Avenue",
      "city": "Austin",
      "state": "TX",
      "zip": "78745",
      "country": "US"
    },
    "employee_reviews": [
      {
        "additionalRatings": [
          {}
        ],
        "source": "KUNUNU"
      }
    ]
  },
  {
    "organization_name": "MEDT LLC",
    "mailAddr": {
      "street1": "381 Darrington Road",
      "city": "Horizon City",
      "state": "TX",
      "zip": "79928",
      "country": "US"
    },
    "employee_reviews": [
      {
        "additionalRatings": [
          {}
        ],
        "source": "KUNUNU"
      }
    ]
  },
  {
    "organization_name": "Irongate Management, LLC",
    "mailAddr": {
      "street1": "4651 South Custer Road",
      "city": "McKinney",
      "state": "TX",
      "zip": "75070",
      "country": "US"
    },
    "employee_reviews": [
      {
        "additionalRatings": [
          {}
        ],
        "source": "KUNUNU"
      }
    ]
  },
  {
    "organization_name": "Cox Manor Apartments",
    "mailAddr": {
      "street1": "1203 Fifth Avenue",
      "city": "Calvert City",
      "state": "KY",
      "zip": "42029",
      "country": "US"
    },
    "employee_reviews": [
      {
        "additionalRatings": [
          {}
        ],
        "source": "KUNUNU"
      }
    ]
  },
  {
    "organization_name": "Pierce Place Associates, LP",
    "mailAddr": {
      "street1": "40 Maple Street, 49 Knox Street, 73 Knox Street, 238 Park Street, 262/264 Park Street",
      "city": "Lewiston",
      "state": "ME",
      "zip": "04240",
      "country": "US"
    },
    "employee_reviews": [
      {
        "additionalRatings": [
          {}
        ],
        "source": "KUNUNU"
      }
    ]
  },
  {
    "organization_name": "Willow Cove Apartment Company",
    "mailAddr": {
      "street1": "4500-4800 Willow Cove Boulevard",
      "city": "Allen Park",
      "state": "MI",
      "zip": "48101",
      "country": "US"
    },
    "employee_reviews": [
      {
        "additionalRatings": [
          {}
        ],
        "source": "KUNUNU"
      }
    ]
  },
  {
    "organization_name": "D'Arcy Realty LLC",
    "mailAddr": {
      "street1": "950 Peninsula Corporate Circle",
      "city": "Boca Raton",
      "state": "FL",
      "zip": "33487",
      "country": "US"
    },
    "employee_reviews": [
      {
        "additionalRatings": [
          {}
        ],
        "source": "KUNUNU"
      }
    ]
  },
  {
    "organization_name": "Trinsic Residential Group",
    "mailAddr": {
      "street1": "3655 Prairie Water Drive",
      "city": "Grand Prairie",
      "state": "TX",
      "zip": "75052",
      "country": "US"
    },
    "employee_reviews": [
      {
        "additionalRatings": [
          {}
        ],
        "source": "KUNUNU"
      }
    ]
  },
  {
    "organization_name": "Nolte Real Estate Services LLC",
    "mailAddr": {
      "street1": "3128 River Bend Boulevard",
      "city": "Fort Worth",
      "state": "TX",
      "zip": "76116",
      "country": "US"
    },
    "employee_reviews": [
      {
        "additionalRatings": [
          {}
        ],
        "source": "KUNUNU"
      }
    ]
  },
  {
    "organization_name": "University Tower Condominium Association, LLC",
    "mailAddr": {
      "street1": "131 East Broad Street",
      "city": "Athens",
      "state": "GA",
      "zip": "30601",
      "country": "US"
    },
    "employee_reviews": [
      {
        "additionalRatings": [
          {}
        ],
        "source": "KUNUNU"
      }
    ]
  },
  {
    "organization_name": "MacDonald Realty Group, LLC",
    "mailAddr": {
      "street1": "4421 82nd Street",
      "city": "Lubbock",
      "state": "TX",
      "zip": "79424",
      "country": "US"
    },
    "employee_reviews": [
      {
        "reviewer_designation": "Current Employee - Assistant Manager",
        "review_description": "I have been working at MacDonald Realty Group full-time (Less than a year)",
        "review_title": "\"Faith Based & People First\"",
        "pros": "*They truly care about their employees*Atmosphere is fun & exciting *Great benefits *Family oriented *Super Friendly Corporate Staff *Apartments maintained above standard",
        "cons": "Have not encountered any since date of hire...oh wait they don't offer 401K or Direct Deposit :) But I can deal with it :)",
        "advice_to_management": "Continue to put God 1st and He'll do the same for you. :)",
        "source": "GLASSDOOR"
      },
      {
        "review_rating": "2.0",
        "reviewer_designation": "Who Knows? They didn't even know what I did? (Former Employee) –  ",
        "job_location": "Desoto, TX",
        "review_date": "2015-03-26T00:00:00.000Z",
        "review_title": "A joke!",
        "review_desc": "THIS PLACE IS A JOKE FROM THE BOTTOM TO THE TOP! My advise is to run!!!!!!!!!!!!!!!!!!!!!!!!!!!!!!!!!!!!!! They are all about their family not yours, don't let them fool you!",
        "source": "INDEED"
      },
      {
        "review_rating": "4.0",
        "reviewer_designation": "Handyman (Former Employee) –  ",
        "job_location": "Waxahachie, TX",
        "review_date": "2018-10-18T00:00:00.000Z",
        "review_title": "Fun and there were new challenges everyday",
        "review_desc": "This job presented new challenges everyday and demanded quick thinking. There was a lot of customer service opportunities and chances to build relationships with tenants.",
        "source": "INDEED"
      },
      {
        "review_rating": "1.0",
        "reviewer_designation": "Property Manager (Former Employee) –  ",
        "job_location": "DeSoto, TX",
        "review_date": "2017-06-27T00:00:00.000Z",
        "review_title": "Run by family to fill their pockets with money",
        "review_desc": "They keep the most incompetent Regional manager around. She is lazy and gives all the work to other people. The stack up the same manage to \"run two properties\" Usually the one with the biggest mouth has the property missing files, scans, and wrong leases.",
        "pros": "\"Christmas Party\"",
        "cons": "Too many to list stop hiring family for your corporate office.",
        "source": "INDEED"
      },
      {
        "review_rating": "4.0",
        "reviewer_designation": "Staff Accountant (Former Employee) –  ",
        "job_location": "DeSoto, TX",
        "review_date": "2012-10-22T00:00:00.000Z",
        "review_title": "Very Religous workplace environment with emphasis on family",
        "review_desc": "Found the workplace very interesting and the MacDonalds' gave me time to grow into my job.",
        "source": "INDEED"
      },
      {
        "additionalRatings": [
          {}
        ],
        "source": "KUNUNU"
      }
    ]
  },
  {
    "organization_name": "Twin GRT, LLC",
    "mailAddr": {
      "street1": "2501 Bacon Ranch Road",
      "city": "Killeen",
      "state": "TX",
      "zip": "76542",
      "country": "US"
    },
    "employee_reviews": [
      {
        "additionalRatings": [
          {}
        ],
        "source": "KUNUNU"
      }
    ]
  },
  {
    "organization_name": "VOTP LLC",
    "mailAddr": {
      "street1": "1900 Carl Road",
      "city": "Irving",
      "state": "TX",
      "zip": "75061",
      "country": "US"
    },
    "employee_reviews": [
      {
        "additionalRatings": [
          {}
        ],
        "source": "KUNUNU"
      }
    ]
  },
  {
    "organization_name": "Steel Castle Capital, LLC",
    "mailAddr": {
      "street1": "15335 Park Row Drive",
      "city": "Houston",
      "state": "TX",
      "zip": "77084",
      "country": "US"
    },
    "employee_reviews": [
      {
        "additionalRatings": [
          {}
        ],
        "source": "KUNUNU"
      }
    ]
  },
  {
    "organization_name": "Monreale Condominium Association",
    "mailAddr": {
      "street1": "1908 Union Road",
      "city": "Lemay",
      "state": "MO",
      "zip": "63125",
      "country": "US"
    },
    "employee_reviews": [
      {
        "additionalRatings": [
          {}
        ],
        "source": "KUNUNU"
      }
    ]
  },
  {
    "organization_name": "CapX Ventures Fund I, LLC",
    "mailAddr": {
      "street1": "2601 Nonesuch Road",
      "city": "Abilene",
      "state": "TX",
      "zip": "79606",
      "country": "US"
    },
    "employee_reviews": [
      {
        "additionalRatings": [
          {}
        ],
        "source": "KUNUNU"
      }
    ]
  },
  {
    "mailAddr": {},
    "employee_reviews": [
      {
        "additionalRatings": [
          {}
        ],
        "source": "KUNUNU"
      }
    ]
  },
  {
    "organization_name": "Canterbury Affordable Housing, LLC",
    "mailAddr": {
      "street1": "1321-1322 Ida Street",
      "city": "Tupelo",
      "state": "MS",
      "zip": "38801",
      "country": "US"
    },
    "employee_reviews": [
      {
        "additionalRatings": [
          {}
        ],
        "source": "KUNUNU"
      }
    ]
  },
  {
    "organization_name": "447 Apartments, LLC",
    "mailAddr": {
      "street1": "30100 Walker Road North",
      "city": "Walker",
      "state": "LA",
      "zip": "70785",
      "country": "US"
    },
    "employee_reviews": [
      {
        "additionalRatings": [
          {}
        ],
        "source": "KUNUNU"
      }
    ]
  },
  {
    "organization_name": "759 Corporation",
    "mailAddr": {
      "street1": "301-351 Canterbury Court",
      "city": "Sharpsville",
      "state": "PA",
      "zip": "16150",
      "country": "US"
    },
    "employee_reviews": [
      {
        "additionalRatings": [
          {}
        ],
        "source": "KUNUNU"
      }
    ]
  },
  {
    "organization_name": "Alder Wood Laredo GP LLC",
    "mailAddr": {
      "street1": "5203 Bob Bullock Loop",
      "city": "Laredo",
      "state": "TX",
      "zip": "78041",
      "country": "US"
    },
    "employee_reviews": [
      {
        "additionalRatings": [
          {}
        ],
        "source": "KUNUNU"
      }
    ]
  },
  {
    "organization_name": "APTTA, LLC",
    "mailAddr": {
      "street1": "12710 Brant Rock Drive",
      "city": "Houston",
      "state": "TX",
      "zip": "77082",
      "country": "US"
    },
    "employee_reviews": [
      {
        "additionalRatings": [
          {}
        ],
        "source": "KUNUNU"
      }
    ]
  },
  {
    "organization_name": "Capri Tower Apartments Family Limited Partnership",
    "mailAddr": {
      "street1": "3740 25th Street",
      "city": "San Francisco",
      "state": "CA",
      "zip": "94110",
      "country": "US"
    },
    "employee_reviews": [
      {
        "additionalRatings": [
          {}
        ],
        "source": "KUNUNU"
      }
    ]
  },
  {
    "organization_name": "Eagle Pines Condominium Association, Inc.",
    "mailAddr": {
      "street1": "445 Appleyard Drive",
      "city": "Tallahassee",
      "state": "FL",
      "zip": "32304",
      "country": "US"
    },
    "employee_reviews": [
      {
        "additionalRatings": [
          {}
        ],
        "source": "KUNUNU"
      }
    ]
  },
  {
    "organization_name": "The Mark on Solon LLC",
    "mailAddr": {
      "street1": "630 Solon Road",
      "city": "Waxahachie",
      "state": "TX",
      "zip": "75165",
      "country": "US"
    },
    "employee_reviews": [
      {
        "additionalRatings": [
          {}
        ],
        "source": "KUNUNU"
      }
    ]
  },
  {
    "organization_name": "Equity Management Partners, Inc.",
    "mailAddr": {
      "street1": "4927 Old Bradenton Road",
      "city": "Sarasota",
      "state": "FL",
      "zip": "34234",
      "country": "US"
    },
    "employee_reviews": [
      {
        "additionalRatings": [
          {}
        ],
        "source": "KUNUNU"
      }
    ]
  },
  {
    "organization_name": "Fairview at Artist Lake Condominium II",
    "mailAddr": {
      "street1": "291 Fairview Circle",
      "city": "Middle Island",
      "state": "NY",
      "zip": "11953",
      "country": "US"
    },
    "employee_reviews": [
      {
        "additionalRatings": [
          {}
        ],
        "source": "KUNUNU"
      }
    ]
  },
  {
    "organization_name": "Oasis Tower One Condominium Association, Inc.",
    "mailAddr": {
      "street1": "3000 Oasis Grand Boulevard",
      "city": "Fort Myers",
      "state": "FL",
      "zip": "33916",
      "country": "US"
    },
    "employee_reviews": [
      {
        "additionalRatings": [
          {}
        ],
        "source": "KUNUNU"
      }
    ]
  },
  {
    "organization_name": "Charlotte Realty LLC",
    "mailAddr": {
      "street1": "2511 Charlotte Street",
      "city": "Denton",
      "state": "TX",
      "zip": "76201",
      "country": "US"
    },
    "employee_reviews": [
      {
        "additionalRatings": [
          {}
        ],
        "source": "KUNUNU"
      }
    ]
  },
  {
    "organization_name": "Trollwood Village, LLLP",
    "mailAddr": {
      "street1": "3105 Broadway North",
      "city": "Fargo",
      "state": "ND",
      "zip": "58102",
      "country": "US"
    },
    "employee_reviews": [
      {
        "additionalRatings": [
          {}
        ],
        "source": "KUNUNU"
      }
    ]
  },
  {
    "organization_name": "Norpost Properties LLC",
    "mailAddr": {
      "street1": "41 Wolfpit Avenue",
      "city": "Norwalk",
      "state": "CT",
      "zip": "06851",
      "country": "US"
    },
    "employee_reviews": [
      {
        "additionalRatings": [
          {}
        ],
        "source": "KUNUNU"
      }
    ]
  },
  {
    "organization_name": "Meadowview at Boone, LLC",
    "mailAddr": {
      "street1": "304 Madison Avenue",
      "city": "Boone",
      "state": "NC",
      "zip": "28607",
      "country": "US"
    },
    "employee_reviews": [
      {
        "additionalRatings": [
          {}
        ],
        "source": "KUNUNU"
      }
    ]
  },
  {
    "organization_name": "Kingsland Arms Apts, LLC",
    "mailAddr": {
      "street1": "50 The Crescent",
      "city": "Babylon",
      "state": "NY",
      "zip": "11702",
      "country": "US"
    },
    "employee_reviews": [
      {
        "additionalRatings": [
          {}
        ],
        "source": "KUNUNU"
      }
    ]
  },
  {
    "organization_name": "The Seagle Building Condo Association Inc.",
    "mailAddr": {
      "street1": "408 West University Avenue",
      "city": "Gainesville",
      "state": "FL",
      "zip": "32601",
      "country": "US"
    },
    "employee_reviews": [
      {
        "additionalRatings": [
          {}
        ],
        "source": "KUNUNU"
      }
    ]
  },
  {
    "organization_name": "Lincoln Orlando Holdings LLC",
    "mailAddr": {
      "street1": "111 North Magnolia Avenue",
      "city": "Orlando",
      "state": "FL",
      "zip": "32801",
      "country": "US"
    },
    "employee_reviews": [
      {
        "additionalRatings": [
          {}
        ],
        "source": "KUNUNU"
      }
    ]
  },
  {
    "organization_name": "Southern Villas, LLC",
    "mailAddr": {
      "street1": "52 Sunrise Boulevard",
      "city": "Saint Augustine",
      "state": "FL",
      "zip": "32084",
      "country": "US"
    },
    "employee_reviews": [
      {
        "additionalRatings": [
          {}
        ],
        "source": "KUNUNU"
      }
    ]
  },
  {
    "organization_name": "MYP Gwinnett LLC",
    "mailAddr": {
      "street1": "35 Waterview Boulevard",
      "city": "Parsippany",
      "state": "NJ",
      "zip": "07054",
      "country": "US"
    },
    "employee_reviews": [
      {
        "additionalRatings": [
          {}
        ],
        "source": "KUNUNU"
      }
    ]
  },
  {
    "organization_name": "DCCW Properties Inc - Chin Lin Wu",
    "mailAddr": {
      "street1": "8206 Bunche Drive",
      "city": "Dallas",
      "state": "TX",
      "zip": "75243",
      "country": "US"
    },
    "employee_reviews": [
      {
        "additionalRatings": [
          {}
        ],
        "source": "KUNUNU"
      }
    ]
  },
  {
    "organization_name": "Phoenix III",
    "mailAddr": {
      "street1": "8927-9083 Metcalf Ave",
      "city": "Overland Park",
      "state": "KS",
      "zip": "66213",
      "country": "US"
    },
    "employee_reviews": [
      {
        "additionalRatings": [
          {}
        ],
        "source": "KUNUNU"
      }
    ]
  },
  {
    "organization_name": "The Patriots Apartment Homes",
    "mailAddr": {
      "street1": "1224-1284 Union Road",
      "city": "Gastonia",
      "state": "NC",
      "zip": "28054",
      "country": "US"
    },
    "employee_reviews": [
      {
        "additionalRatings": [
          {}
        ],
        "source": "KUNUNU"
      }
    ]
  },
  {
    "organization_name": "JTMR LLC",
    "mailAddr": {
      "street1": "5348 Sugar Road (Clubhouse, Building #2)",
      "city": "Edinburg",
      "state": "TX",
      "zip": "78539",
      "country": "US"
    },
    "employee_reviews": [
      {
        "additionalRatings": [
          {}
        ],
        "source": "KUNUNU"
      }
    ]
  },
  {
    "organization_name": "RP Waterman's Crossing LLC",
    "mailAddr": {
      "street1": "638 River Bend Court",
      "city": "Newport News",
      "state": "VA",
      "zip": "23602",
      "country": "US"
    },
    "employee_reviews": [
      {
        "additionalRatings": [
          {}
        ],
        "source": "KUNUNU"
      }
    ]
  },
  {
    "organization_name": "Holcombs Crossing HOA",
    "mailAddr": {
      "street1": "63 Old Holcomb Bridge Way",
      "city": "Roswell",
      "state": "GA",
      "zip": "30076",
      "country": "US"
    },
    "employee_reviews": [
      {
        "additionalRatings": [
          {}
        ],
        "source": "KUNUNU"
      }
    ]
  },
  {
    "organization_name": "Sheldon & Laura Lieberman Family Limited Partnership",
    "mailAddr": {
      "street1": "299 Raft Avenue",
      "city": "Sayville",
      "state": "NY",
      "zip": "11782",
      "country": "US"
    },
    "employee_reviews": [
      {
        "additionalRatings": [
          {}
        ],
        "source": "KUNUNU"
      }
    ]
  },
  {
    "organization_name": "JBJ/Calder Fund VII Joint Venture",
    "mailAddr": {
      "street1": "191 Duchess Drive",
      "city": "Denton",
      "state": "TX",
      "zip": "76208",
      "country": "US"
    },
    "employee_reviews": [
      {
        "additionalRatings": [
          {}
        ],
        "source": "KUNUNU"
      }
    ]
  },
  {
    "organization_name": "Village At Winnipesaukee, Inc.",
    "mailAddr": {
      "street1": "9 Treetop Circle",
      "city": "Laconia",
      "state": "NH",
      "zip": "03246",
      "country": "US"
    },
    "employee_reviews": [
      {
        "additionalRatings": [
          {}
        ],
        "source": "KUNUNU"
      }
    ]
  },
  {
    "organization_name": "Westwind MAC Investors, LLC",
    "mailAddr": {
      "street1": "901 Greenway Glen Drive",
      "city": "Arlington",
      "state": "TX",
      "zip": "76012",
      "country": "US"
    },
    "employee_reviews": [
      {
        "additionalRatings": [
          {}
        ],
        "source": "KUNUNU"
      }
    ]
  },
  {
    "organization_name": "Southport Abbington Oaks, LLC",
    "mailAddr": {
      "street1": "4800 Southport Supply Road Southeast",
      "city": "Southport",
      "state": "NC",
      "zip": "28461",
      "country": "US"
    },
    "employee_reviews": [
      {
        "additionalRatings": [
          {}
        ],
        "source": "KUNUNU"
      }
    ]
  },
  {
    "organization_name": "Paul Caplan",
    "mailAddr": {
      "street1": "15305-15367 Amberly Drive",
      "city": "Tampa",
      "state": "FL",
      "zip": "33647",
      "country": "US"
    },
    "employee_reviews": [
      {
        "additionalRatings": [
          {}
        ],
        "source": "KUNUNU"
      }
    ]
  },
  {
    "organization_name": "Phoenix Management, LC",
    "mailAddr": {
      "street1": "412 West Jefferson Street",
      "city": "Tallahassee",
      "state": "FL",
      "zip": "32301",
      "country": "US"
    },
    "employee_reviews": [
      {
        "additionalRatings": [
          {}
        ],
        "source": "KUNUNU"
      }
    ]
  },
  {
    "organization_name": "AO Bradenton Partners Owner, LLC",
    "mailAddr": {
      "street1": "5400 26th Street West, Units K161, K162, K163, K165, K166, K167, K168, K169, K170, K171, K172, K174, K175, K176, K178, K177, K179, K180, K182, K183, K184",
      "city": "Bradenton",
      "state": "FL",
      "zip": "34207",
      "country": "US"
    },
    "employee_reviews": [
      {
        "additionalRatings": [
          {}
        ],
        "source": "KUNUNU"
      }
    ]
  },
  {
    "organization_name": "Scherer Realty, LLLP & William R. Scherer",
    "mailAddr": {
      "street1": "633 South Federal Highway",
      "city": "Fort Lauderdale",
      "state": "FL",
      "zip": "33301",
      "country": "US"
    },
    "employee_reviews": [
      {
        "additionalRatings": [
          {}
        ],
        "source": "KUNUNU"
      }
    ]
  },
  {
    "organization_name": "Temelec Homeowners Association",
    "mailAddr": {
      "street1": "220 Temelec Circle",
      "city": "Sonoma",
      "state": "CA",
      "zip": "95476",
      "country": "US"
    },
    "employee_reviews": [
      {
        "additionalRatings": [
          {}
        ],
        "source": "KUNUNU"
      }
    ]
  },
  {
    "organization_name": "Ward Holdings, LLC",
    "mailAddr": {
      "street1": "100 Luci Drive A-I",
      "city": "Greenville",
      "state": "NC",
      "zip": "27858",
      "country": "US"
    },
    "employee_reviews": [
      {
        "source": "GLASSDOOR"
      },
      {
        "additionalRatings": [
          {}
        ],
        "source": "KUNUNU"
      }
    ]
  },
  {
    "organization_name": "Onin Properties of Arkansas, LLC",
    "mailAddr": {
      "street1": "2600 Highway 62 West",
      "city": "Pocahontas",
      "state": "AR",
      "zip": "72455",
      "country": "US"
    },
    "employee_reviews": [
      {
        "additionalRatings": [
          {}
        ],
        "source": "KUNUNU"
      }
    ]
  },
  {
    "organization_name": "RC Jones Road, LLC",
    "mailAddr": {
      "street1": "11925 Jones Rd",
      "city": "Houston",
      "state": "TX",
      "zip": "77070",
      "country": "US"
    },
    "employee_reviews": [
      {
        "additionalRatings": [
          {}
        ],
        "source": "KUNUNU"
      }
    ]
  },
  {
    "organization_name": "First Baptist Church Housing",
    "mailAddr": {
      "street1": "65 Smith Drive",
      "city": "Huntington",
      "state": "WV",
      "zip": "25705",
      "country": "US"
    },
    "employee_reviews": [
      {
        "reviewer_designation": "Former Employee - Anonymous Employee",
        "review_description": "I worked at First Baptist Church part-time",
        "review_title": "\"Administrative Assistant\"",
        "pros": "Members of Church and Staff were AWESOME to work with.",
        "cons": "Working with the public was sometimes hard because we couldn't help everyone.",
        "source": "GLASSDOOR"
      },
      {
        "reviewer_designation": "Current Employee - Superintnendent",
        "review_description": "I have been working at First Baptist Church full-time (Less than a year)",
        "review_title": "\"Superintendent\"",
        "pros": "Fair, Honest, generous, Good Company",
        "cons": "I do not have any cons",
        "source": "GLASSDOOR"
      },
      {
        "review_rating": "5.0",
        "reviewer_designation": "Administrative Assistant (Former Employee) –  ",
        "job_location": "Cleveland, TN",
        "review_date": "2017-06-14T00:00:00.000Z",
        "review_title": "Large Southern Baptist Church",
        "review_desc": "This Church has roughly 6000 Members - each department administrative assistant coordinates as many as 200 volunteers and assists with various events throughout the year.",
        "source": "INDEED"
      },
      {
        "review_rating": "5.0",
        "reviewer_designation": "Part time Library employee (Current Employee) –  ",
        "job_location": "Cleveland, TN",
        "review_date": "2013-07-07T00:00:00.000Z",
        "review_title": "Good part time job - no stress.",
        "review_desc": "Excellent place to work. It's just a part time library job. Not much to tell. Simple and basic work. Process books using computer systerm, check in and check out books, answer questions, help locate books, cover books with protective tape.",
        "pros": "no stress",
        "cons": "not many hours",
        "source": "INDEED"
      },
      {
        "review_rating": "5.0",
        "reviewer_designation": "Band Director (Former Employee) –  ",
        "job_location": "Cleveland, TN",
        "review_date": "2015-01-06T00:00:00.000Z",
        "review_title": "Church Job",
        "review_desc": "Provided music for a youth service. I increased my knowledge and experience directing bands with this job. The hardest part of this job was attempting to introduce progressive worship experiences in a conservative environment.",
        "source": "INDEED"
      },
      {
        "review_rating": "5.00",
        "reviewer_designation": "Employee",
        "job_location": "Houston",
        "review_title": "I love my employer. They are a fair and equal opportunity environment.",
        "review_desc": "Suggestions for improvement\nI would like to see more opportunities to invite the community to see what we are all about\nWhat I like about the company\nI love my team members and the awesome work environment\nWhat I dislike about the company\nI would like to see more growth in property because we are at capacity\n",
        "culture_and_valuesRating": "5.00",
        "work_life_balance_rating": "5.00",
        "senior_management_rating": "5.00",
        "compensation_and_benefits_rating": "5.00",
        "career_opportunities_rating": "5.00",
        "job_security_and_advancement_rating": "5.00",
        "additionalRatings": [
          {
            "rating_name": "Teamwork",
            "rating_value": "5.00"
          },
          {
            "rating_name": "Freedom to work independently",
            "rating_value": "5.00"
          },
          {
            "rating_name": "Internal Communication",
            "rating_value": "5.00"
          },
          {
            "rating_name": "Gender Equality",
            "rating_value": "5.00"
          },
          {
            "rating_name": "Attitude towards older colleagues",
            "rating_value": "5.00"
          },
          {
            "rating_name": "Office / Work Environment",
            "rating_value": "5.00"
          },
          {
            "rating_name": "Environmental Friendliness",
            "rating_value": "5.00"
          },
          {
            "rating_name": "Company Image",
            "rating_value": "5.00"
          },
          {
            "rating_name": "Handicapped Accessibility",
            "rating_value": "5.00"
          },
          {
            "rating_name": "Workplace Safety",
            "rating_value": "5.00"
          },
          {
            "rating_name": "Challenging Work",
            "rating_value": "5.00"
          },
          {
            "rating_name": "Inclusive / Diverse",
            "rating_value": "5.00"
          }
        ],
        "benefits": [
          "Parking is offered",
          "Reimbursed daycare is offered",
          "Ability to work remotely is offered",
          "Desirable office location is offered",
          "Tuition assistance is offered",
          "Flexible spending account is offered",
          "Paid time off is offered",
          "Healthcare (including vision and dental) is offered"
        ],
        "perks": [
          "Health and wellness programs is offered",
          "Employee discounts is offered",
          "Employee events is offered",
          "Fitness center on site is offered",
          "Free Snacks/Drinks is offered"
        ],
        "source": "KUNUNU"
      },
      {
        "review_rating": "4.83",
        "reviewer_designation": "Employee",
        "job_location": "Houston",
        "review_title": "I feel good about this company. It is a church and we all work well together and care about each other",
        "review_desc": "Suggestions for improvement\nMore employees, and someone to deep clean the rooms\nWhat I like about the company\nThey pray for you and give you free food on occasion and take your request seriously\nWhat I dislike about the company\nSome parts of the organization\n",
        "culture_and_valuesRating": "5.00",
        "work_life_balance_rating": "5.00",
        "senior_management_rating": "5.00",
        "compensation_and_benefits_rating": "5.00",
        "career_opportunities_rating": "5.00",
        "job_security_and_advancement_rating": "5.00",
        "additionalRatings": [
          {
            "rating_name": "Teamwork",
            "rating_value": "5.00"
          },
          {
            "rating_name": "Freedom to work independently",
            "rating_value": "5.00"
          },
          {
            "rating_name": "Internal Communication",
            "rating_value": "5.00"
          },
          {
            "rating_name": "Gender Equality",
            "rating_value": "5.00"
          },
          {
            "rating_name": "Attitude towards older colleagues",
            "rating_value": "5.00"
          },
          {
            "rating_name": "Office / Work Environment",
            "rating_value": "5.00"
          },
          {
            "rating_name": "Environmental Friendliness",
            "rating_value": "5.00"
          },
          {
            "rating_name": "Company Image",
            "rating_value": "4.00"
          },
          {
            "rating_name": "Handicapped Accessibility",
            "rating_value": "5.00"
          },
          {
            "rating_name": "Workplace Safety",
            "rating_value": "4.00"
          },
          {
            "rating_name": "Challenging Work",
            "rating_value": "4.00"
          },
          {
            "rating_name": "Inclusive / Diverse",
            "rating_value": "5.00"
          }
        ],
        "benefits": [
          "Parking is offered"
        ],
        "perks": [
          "Employee discounts is offered",
          "Employee events is offered",
          "Free Snacks/Drinks is offered"
        ],
        "source": "KUNUNU"
      },
      {
        "review_rating": "4.44",
        "reviewer_designation": "Employee",
        "job_location": "Dothan",
        "review_title": "I've worked in the creative department for more than 30 years. I have independence balanced with accountability.",
        "review_desc": "Suggestions for improvement\nMake sure we have adequate number of employees to comfortably complete the work we are trained, without having to fill in in other departments, therefore affecting the quality or timeliness of our work output.\nWhat I like about the company\nThe staff works well together, always supporting each other when needed.\nWhat I dislike about the company\nAs a religious non-profit, 100% of the money we receive is donated, with no government money donated. With donations down, we are undergoing downsizing. That puts a lot of pressure on the ever-decreasing staff; more work on less employees.\n",
        "culture_and_valuesRating": "5.00",
        "work_life_balance_rating": "5.00",
        "senior_management_rating": "5.00",
        "compensation_and_benefits_rating": "4.00",
        "career_opportunities_rating": "3.00",
        "job_security_and_advancement_rating": "3.00",
        "additionalRatings": [
          {
            "rating_name": "Teamwork",
            "rating_value": "5.00"
          },
          {
            "rating_name": "Freedom to work independently",
            "rating_value": "5.00"
          },
          {
            "rating_name": "Internal Communication",
            "rating_value": "4.00"
          },
          {
            "rating_name": "Gender Equality",
            "rating_value": "4.00"
          },
          {
            "rating_name": "Attitude towards older colleagues",
            "rating_value": "4.00"
          },
          {
            "rating_name": "Office / Work Environment",
            "rating_value": "5.00"
          },
          {
            "rating_name": "Environmental Friendliness",
            "rating_value": "4.00"
          },
          {
            "rating_name": "Company Image",
            "rating_value": "5.00"
          },
          {
            "rating_name": "Handicapped Accessibility",
            "rating_value": "5.00"
          },
          {
            "rating_name": "Workplace Safety",
            "rating_value": "5.00"
          },
          {
            "rating_name": "Challenging Work",
            "rating_value": "5.00"
          },
          {
            "rating_name": "Inclusive / Diverse",
            "rating_value": "4.00"
          }
        ],
        "benefits": [
          "Flex. working hours is offered",
          "Parking is offered",
          "Reimbursed daycare is offered",
          "Desirable office location is offered",
          "Paid Parental Leave is offered",
          "Paid time off is offered",
          "Healthcare (including vision and dental) is offered",
          "Life insurance is offered"
        ],
        "perks": [
          "Fitness center on site is offered"
        ],
        "source": "KUNUNU"
      },
      {
        "review_rating": "4.44",
        "reviewer_designation": "Employee",
        "job_location": "Largo",
        "review_title": "I work at a positive and confirming workplace that is concerned with the needs of others.",
        "review_desc": "Suggestions for improvement\nAlthough there is a positive work environment, the administration could be more involved with providing constructive feedback and encouragement to the faculty. Because we are an educational institution, there should be a focus on innovative technology in the classroom.\nWhat I like about the company\nInsurance, Stability, Positive, Opportunity for Growth\nWhat I dislike about the company\nWhile updates have been made, there are several facility updates that need to be made. Technology updates are behind for the services we provide.\n",
        "culture_and_valuesRating": "5.00",
        "work_life_balance_rating": "4.00",
        "senior_management_rating": "4.00",
        "compensation_and_benefits_rating": "4.00",
        "career_opportunities_rating": "4.00",
        "job_security_and_advancement_rating": "5.00",
        "additionalRatings": [
          {
            "rating_name": "Teamwork",
            "rating_value": "5.00"
          },
          {
            "rating_name": "Freedom to work independently",
            "rating_value": "5.00"
          },
          {
            "rating_name": "Internal Communication",
            "rating_value": "4.00"
          },
          {
            "rating_name": "Gender Equality",
            "rating_value": "5.00"
          },
          {
            "rating_name": "Attitude towards older colleagues",
            "rating_value": "5.00"
          },
          {
            "rating_name": "Office / Work Environment",
            "rating_value": "4.00"
          },
          {
            "rating_name": "Environmental Friendliness",
            "rating_value": "4.00"
          },
          {
            "rating_name": "Company Image",
            "rating_value": "5.00"
          },
          {
            "rating_name": "Handicapped Accessibility",
            "rating_value": "4.00"
          },
          {
            "rating_name": "Workplace Safety",
            "rating_value": "5.00"
          },
          {
            "rating_name": "Challenging Work",
            "rating_value": "4.00"
          },
          {
            "rating_name": "Inclusive / Diverse",
            "rating_value": "4.00"
          }
        ],
        "benefits": [
          "Parking is offered",
          "Paid time off is offered",
          "Healthcare (including vision and dental) is offered",
          "Life insurance is offered"
        ],
        "perks": [
          "Free Snacks/Drinks is offered"
        ],
        "source": "KUNUNU"
      },
      {
        "review_rating": "4.67",
        "reviewer_designation": "Employee",
        "job_location": "Rosemount",
        "review_title": "I loved teaching and my co-workers were some of my best friends. It was a great atmosphere with friendly people.",
        "review_desc": "Suggestions for improvement\nBe more careful with how money is spent so staff could be paid more and more technology could be used in the classroom\nWhat I like about the company\nThe administration was very helpful and friendly as well as the other teaching staff and supplementary staff.\nWhat I dislike about the company\nThe budget could use a complete overhaul\n",
        "culture_and_valuesRating": "5.00",
        "work_life_balance_rating": "4.00",
        "senior_management_rating": "5.00",
        "compensation_and_benefits_rating": "4.00",
        "career_opportunities_rating": "5.00",
        "job_security_and_advancement_rating": "4.00",
        "additionalRatings": [
          {
            "rating_name": "Teamwork",
            "rating_value": "5.00"
          },
          {
            "rating_name": "Freedom to work independently",
            "rating_value": "4.00"
          },
          {
            "rating_name": "Internal Communication",
            "rating_value": "5.00"
          },
          {
            "rating_name": "Gender Equality",
            "rating_value": "5.00"
          },
          {
            "rating_name": "Attitude towards older colleagues",
            "rating_value": "5.00"
          },
          {
            "rating_name": "Office / Work Environment",
            "rating_value": "5.00"
          },
          {
            "rating_name": "Environmental Friendliness",
            "rating_value": "3.00"
          },
          {
            "rating_name": "Company Image",
            "rating_value": "5.00"
          },
          {
            "rating_name": "Handicapped Accessibility",
            "rating_value": "5.00"
          },
          {
            "rating_name": "Workplace Safety",
            "rating_value": "5.00"
          },
          {
            "rating_name": "Challenging Work",
            "rating_value": "5.00"
          },
          {
            "rating_name": "Inclusive / Diverse",
            "rating_value": "5.00"
          }
        ],
        "benefits": [
          "Parking is offered",
          "Onsite daycare facility is offered",
          "Desirable office location is offered"
        ],
        "perks": [
          "On site cafeteria is offered",
          "Employee events is offered"
        ],
        "source": "KUNUNU"
      },
      {
        "review_rating": "4.61",
        "reviewer_designation": "Employee",
        "job_location": "Belton",
        "review_title": "Workplace provides proper training, flexible hours and great benefits. They are supportive and communication is proper.",
        "review_desc": "Suggestions for improvement\nI think ish their were more opportunities for pay raises.\nWhat I like about the company\nGreat environment and benefits\nWhat I dislike about the company\nWork load can be tedious some days\n",
        "culture_and_valuesRating": "5.00",
        "work_life_balance_rating": "5.00",
        "senior_management_rating": "5.00",
        "compensation_and_benefits_rating": "3.00",
        "career_opportunities_rating": "5.00",
        "job_security_and_advancement_rating": "4.00",
        "additionalRatings": [
          {
            "rating_name": "Teamwork",
            "rating_value": "5.00"
          },
          {
            "rating_name": "Freedom to work independently",
            "rating_value": "4.00"
          },
          {
            "rating_name": "Internal Communication",
            "rating_value": "4.00"
          },
          {
            "rating_name": "Gender Equality",
            "rating_value": "5.00"
          },
          {
            "rating_name": "Attitude towards older colleagues",
            "rating_value": "5.00"
          },
          {
            "rating_name": "Office / Work Environment",
            "rating_value": "5.00"
          },
          {
            "rating_name": "Environmental Friendliness",
            "rating_value": "5.00"
          },
          {
            "rating_name": "Company Image",
            "rating_value": "4.00"
          },
          {
            "rating_name": "Handicapped Accessibility",
            "rating_value": "5.00"
          },
          {
            "rating_name": "Workplace Safety",
            "rating_value": "5.00"
          },
          {
            "rating_name": "Challenging Work",
            "rating_value": "4.00"
          },
          {
            "rating_name": "Inclusive / Diverse",
            "rating_value": "5.00"
          }
        ],
        "benefits": [
          "Flex. working hours is offered",
          "Parking is offered",
          "Onsite daycare facility is offered",
          "Paid time off is offered",
          "Healthcare (including vision and dental) is offered"
        ],
        "perks": [
          "Free (company provided) Meals is offered",
          "Health and wellness programs is offered",
          "Employee events is offered",
          "Free Snacks/Drinks is offered"
        ],
        "source": "KUNUNU"
      },
      {
        "review_rating": "2.61",
        "reviewer_designation": "C-Suite / Leadership",
        "job_location": "Orlando",
        "review_title": "Leadership is out of touch. Culture is political and somewhat toxic.",
        "review_desc": "Suggestions for improvement\nThe culture is one of fear management. Disagree and your out of the loop, but not necessarily off the team. This creates an environment of disenfranchisement, gossip, backstabbing, and political maneuvering.\nWhat I like about the company\nMost of the staff are great people. The organization has a lot of potential.\nWhat I dislike about the company\nLeadership needs to listen to constructive criticism and not demonize “disloyal” employees. Other’s opinions and healthy disagreements do not make employees non-team members.\n",
        "culture_and_valuesRating": "2.00",
        "work_life_balance_rating": "3.00",
        "senior_management_rating": "2.00",
        "compensation_and_benefits_rating": "3.00",
        "career_opportunities_rating": "3.00",
        "job_security_and_advancement_rating": "2.00",
        "additionalRatings": [
          {
            "rating_name": "Teamwork",
            "rating_value": "1.00"
          },
          {
            "rating_name": "Freedom to work independently",
            "rating_value": "2.00"
          },
          {
            "rating_name": "Internal Communication",
            "rating_value": "1.00"
          },
          {
            "rating_name": "Gender Equality",
            "rating_value": "2.00"
          },
          {
            "rating_name": "Attitude towards older colleagues",
            "rating_value": "3.00"
          },
          {
            "rating_name": "Office / Work Environment",
            "rating_value": "4.00"
          },
          {
            "rating_name": "Environmental Friendliness",
            "rating_value": "3.00"
          },
          {
            "rating_name": "Company Image",
            "rating_value": "2.00"
          },
          {
            "rating_name": "Handicapped Accessibility",
            "rating_value": "5.00"
          },
          {
            "rating_name": "Workplace Safety",
            "rating_value": "4.00"
          },
          {
            "rating_name": "Challenging Work",
            "rating_value": "3.00"
          },
          {
            "rating_name": "Inclusive / Diverse",
            "rating_value": "2.00"
          }
        ],
        "source": "KUNUNU"
      },
      {
        "review_rating": "3.94",
        "reviewer_designation": "Employee",
        "job_location": "Dothan",
        "review_title": "I have worked for this company more than 31 years. I am extremely dedicated to my employer and their mission.",
        "review_desc": "Suggestions for improvement\nBe more transparent when changes are being planned - no surprises. Need better communication between departments.\nWhat I like about the company\nThey are very supportive when personal issues arise.\nWhat I dislike about the company\nLack of communication concerning upcoming events and changes with events.\n",
        "culture_and_valuesRating": "4.00",
        "work_life_balance_rating": "5.00",
        "senior_management_rating": "3.00",
        "compensation_and_benefits_rating": "4.00",
        "career_opportunities_rating": "3.00",
        "job_security_and_advancement_rating": "3.00",
        "additionalRatings": [
          {
            "rating_name": "Teamwork",
            "rating_value": "5.00"
          },
          {
            "rating_name": "Freedom to work independently",
            "rating_value": "5.00"
          },
          {
            "rating_name": "Internal Communication",
            "rating_value": "3.00"
          },
          {
            "rating_name": "Gender Equality",
            "rating_value": "3.00"
          },
          {
            "rating_name": "Attitude towards older colleagues",
            "rating_value": "2.00"
          },
          {
            "rating_name": "Office / Work Environment",
            "rating_value": "5.00"
          },
          {
            "rating_name": "Environmental Friendliness",
            "rating_value": "2.00"
          },
          {
            "rating_name": "Company Image",
            "rating_value": "5.00"
          },
          {
            "rating_name": "Handicapped Accessibility",
            "rating_value": "5.00"
          },
          {
            "rating_name": "Workplace Safety",
            "rating_value": "5.00"
          },
          {
            "rating_name": "Challenging Work",
            "rating_value": "5.00"
          },
          {
            "rating_name": "Inclusive / Diverse",
            "rating_value": "4.00"
          }
        ],
        "source": "KUNUNU"
      },
      {
        "review_rating": "5.00",
        "reviewer_designation": "Employee",
        "job_location": "Bloomfield",
        "review_title": "Great, love it. Wouldn't trade it for the world",
        "review_desc": "Suggestions for improvement\nNothing at all. Filling in space\nWhat I like about the company\nIt's a great place to work at.\nWhat I dislike about the company\nNothing at all. 14 more characters\n",
        "culture_and_valuesRating": "5.00",
        "work_life_balance_rating": "5.00",
        "senior_management_rating": "5.00",
        "compensation_and_benefits_rating": "5.00",
        "career_opportunities_rating": "5.00",
        "job_security_and_advancement_rating": "5.00",
        "additionalRatings": [
          {
            "rating_name": "Teamwork",
            "rating_value": "5.00"
          },
          {
            "rating_name": "Freedom to work independently",
            "rating_value": "5.00"
          },
          {
            "rating_name": "Internal Communication",
            "rating_value": "5.00"
          },
          {
            "rating_name": "Gender Equality",
            "rating_value": "5.00"
          },
          {
            "rating_name": "Attitude towards older colleagues",
            "rating_value": "5.00"
          },
          {
            "rating_name": "Office / Work Environment",
            "rating_value": "5.00"
          },
          {
            "rating_name": "Environmental Friendliness",
            "rating_value": "5.00"
          },
          {
            "rating_name": "Company Image",
            "rating_value": "5.00"
          },
          {
            "rating_name": "Handicapped Accessibility",
            "rating_value": "5.00"
          },
          {
            "rating_name": "Workplace Safety",
            "rating_value": "5.00"
          },
          {
            "rating_name": "Challenging Work",
            "rating_value": "5.00"
          },
          {
            "rating_name": "Inclusive / Diverse",
            "rating_value": "5.00"
          }
        ],
        "source": "KUNUNU"
      },
      {
        "review_rating": "4.78",
        "reviewer_designation": "C-Suite / Leadership",
        "job_location": "Gatesville",
        "review_title": "Fast moving, with lots going on. Each day is a bit different.",
        "review_desc": "Suggestions for improvement\nWebsite, Facebook, filing system.... Spending money on things that go to waste.\nWhat I like about the company\nHelping people each day and allowing Mt boss to complete their work. Make a difference each day in someone's life.\nWhat I dislike about the company\nNone, it's a church that helps the community.\n",
        "culture_and_valuesRating": "5.00",
        "work_life_balance_rating": "5.00",
        "senior_management_rating": "4.00",
        "compensation_and_benefits_rating": "5.00",
        "career_opportunities_rating": "5.00",
        "job_security_and_advancement_rating": "5.00",
        "additionalRatings": [
          {
            "rating_name": "Teamwork",
            "rating_value": "5.00"
          },
          {
            "rating_name": "Freedom to work independently",
            "rating_value": "5.00"
          },
          {
            "rating_name": "Internal Communication",
            "rating_value": "4.00"
          },
          {
            "rating_name": "Gender Equality",
            "rating_value": "5.00"
          },
          {
            "rating_name": "Attitude towards older colleagues",
            "rating_value": "5.00"
          },
          {
            "rating_name": "Office / Work Environment",
            "rating_value": "5.00"
          },
          {
            "rating_name": "Environmental Friendliness",
            "rating_value": "3.00"
          },
          {
            "rating_name": "Company Image",
            "rating_value": "5.00"
          },
          {
            "rating_name": "Handicapped Accessibility",
            "rating_value": "5.00"
          },
          {
            "rating_name": "Workplace Safety",
            "rating_value": "5.00"
          },
          {
            "rating_name": "Challenging Work",
            "rating_value": "5.00"
          },
          {
            "rating_name": "Inclusive / Diverse",
            "rating_value": "5.00"
          }
        ],
        "source": "KUNUNU"
      },
      {
        "reviewRating": "5.0",
        "reviewerDesignation": "Janitor",
        "reviewDesc": "\"I loved working for the company\"",
        "additionalReviewInfo": [
          {
            "name": "Person You Work For",
            "value": "5 / 5"
          },
          {
            "name": "People You Work With",
            "value": "5 / 5"
          },
          {
            "name": "Work Setting",
            "value": "5 / 5"
          },
          {
            "name": "Support You Get",
            "value": "5 / 5"
          },
          {
            "name": "Rewards You Receive",
            "value": "5 / 5"
          },
          {
            "name": "Growth Opportunities",
            "value": "5 / 5"
          },
          {
            "name": "Company Culture",
            "value": "5 / 5"
          },
          {
            "name": "Way You Work",
            "value": "5 / 5"
          }
        ],
        "source": "CAREER_BLISS"
      }
    ]
  },
  {
    "organization_name": "TLC Hospitality, LLC",
    "mailAddr": {
      "street1": "3101 Mustang Drive",
      "city": "Grapevine",
      "state": "TX",
      "zip": "76051",
      "country": "US"
    },
    "employee_reviews": [
      {
        "additionalRatings": [
          {}
        ],
        "source": "KUNUNU"
      }
    ]
  },
  {
    "organization_name": "Paskin - 2501 Ohio, LLC",
    "mailAddr": {
      "street1": "2501 Ohio Drive",
      "city": "Plano",
      "state": "TX",
      "zip": "75093",
      "country": "US"
    },
    "employee_reviews": [
      {
        "additionalRatings": [
          {}
        ],
        "source": "KUNUNU"
      }
    ]
  },
  {
    "organization_name": "Retail Properties I Company",
    "mailAddr": {
      "street1": "1-15 Station Street",
      "city": "Athens",
      "state": "OH",
      "zip": "45701",
      "country": "US"
    },
    "employee_reviews": [
      {
        "additionalRatings": [
          {}
        ],
        "source": "KUNUNU"
      }
    ]
  },
  {
    "organization_name": "Zuberry Development Corp.",
    "mailAddr": {
      "street1": "311 West 43rd Street",
      "city": "New York",
      "state": "NY",
      "zip": "10036",
      "country": "US"
    },
    "employee_reviews": [
      {
        "additionalRatings": [
          {}
        ],
        "source": "KUNUNU"
      }
    ]
  },
  {
    "organization_name": "1610 Design Way, LLC",
    "mailAddr": {
      "street1": "1610 Design Way",
      "city": "Dupo",
      "state": "IL",
      "zip": "62239",
      "country": "US"
    },
    "employee_reviews": [
      {
        "additionalRatings": [
          {}
        ],
        "source": "KUNUNU"
      }
    ]
  },
  {
    "organization_name": "Stonemont Financial Group",
    "mailAddr": {
      "street1": "2257 Sam Houston Avenue",
      "city": "Huntsville",
      "state": "TX",
      "zip": "77340",
      "country": "US"
    },
    "employee_reviews": [
      {
        "additionalRatings": [
          {}
        ],
        "source": "KUNUNU"
      }
    ]
  },
  {
    "organization_name": "Calida Real Estate, LLC",
    "mailAddr": {
      "street1": "4928, 4936 Live Oak Street",
      "city": "Dallas",
      "state": "TX",
      "zip": "75206",
      "country": "US"
    },
    "employee_reviews": [
      {
        "additionalRatings": [
          {}
        ],
        "source": "KUNUNU"
      }
    ]
  },
  {
    "organization_name": "PRCP-Dallas Rosemeade, LP",
    "mailAddr": {
      "street1": "2825 North State Highway 360",
      "city": "Grand Prairie",
      "state": "TX",
      "zip": "75050",
      "country": "US"
    },
    "employee_reviews": [
      {
        "additionalRatings": [
          {}
        ],
        "source": "KUNUNU"
      }
    ]
  },
  {
    "organization_name": "ACC Sarasota DAT, LLC",
    "mailAddr": {
      "street1": "1450-1469 Tallevast Road",
      "city": "Sarasota",
      "state": "FL",
      "zip": "34243",
      "country": "US"
    },
    "employee_reviews": [
      {
        "additionalRatings": [
          {}
        ],
        "source": "KUNUNU"
      }
    ]
  },
  {
    "organization_name": "3CM LLC",
    "mailAddr": {
      "street1": "10950 Biering Lane",
      "city": "San Antonio",
      "state": "TX",
      "zip": "78249",
      "country": "US"
    },
    "employee_reviews": [
      {
        "additionalRatings": [
          {}
        ],
        "source": "KUNUNU"
      }
    ]
  },
  {
    "organization_name": "Groesbeck Housing Development, LP",
    "mailAddr": {
      "street1": "407 North Leon Street",
      "city": "Groesbeck",
      "state": "TX",
      "zip": "76642",
      "country": "US"
    },
    "employee_reviews": [
      {
        "additionalRatings": [
          {}
        ],
        "source": "KUNUNU"
      }
    ]
  },
  {
    "organization_name": "Krantz Management LLC",
    "mailAddr": {
      "street1": "11180,11240,11300,11400, 11500,11560 Somerset Drive",
      "city": "North Royalton",
      "state": "OH",
      "zip": "44133",
      "country": "US"
    },
    "employee_reviews": [
      {
        "additionalRatings": [
          {}
        ],
        "source": "KUNUNU"
      }
    ]
  },
  {
    "organization_name": "Norman Eastwood",
    "mailAddr": {
      "street1": "2401 Repsdorph Road",
      "city": "Seabrook",
      "state": "TX",
      "zip": "77586",
      "country": "US"
    },
    "employee_reviews": [
      {
        "additionalRatings": [
          {}
        ],
        "source": "KUNUNU"
      }
    ]
  },
  {
    "organization_name": "Texan Tower Condominiums",
    "mailAddr": {
      "street1": "2505 San Gabriel",
      "city": "Austin",
      "state": "TX",
      "zip": "78705",
      "country": "US"
    },
    "employee_reviews": [
      {
        "additionalRatings": [
          {}
        ],
        "source": "KUNUNU"
      }
    ]
  },
  {
    "organization_name": "Stewart Creek Partners LP",
    "mailAddr": {
      "street1": "19790 Highway 105 West",
      "city": "Montgomery",
      "state": "TX",
      "zip": "77356",
      "country": "US"
    },
    "employee_reviews": [
      {
        "additionalRatings": [
          {}
        ],
        "source": "KUNUNU"
      }
    ]
  },
  {
    "organization_name": "Camp 4 Condominium Association Inc",
    "mailAddr": {
      "street1": "4 Powderidge Road",
      "city": "Snowshoe",
      "state": "WV",
      "zip": "26209",
      "country": "US"
    },
    "employee_reviews": [
      {
        "additionalRatings": [
          {}
        ],
        "source": "KUNUNU"
      }
    ]
  },
  {
    "organization_name": "Minerva Equities, LLC",
    "mailAddr": {
      "street1": "5010 South Florida Avenue",
      "city": "Lakeland",
      "state": "FL",
      "zip": "33813",
      "country": "US"
    },
    "employee_reviews": [
      {
        "additionalRatings": [
          {}
        ],
        "source": "KUNUNU"
      }
    ]
  }
]
